identifier,file,REMOTE_NAME,title,date,mediatype,collection
cljrep_1981,"CLJ_1981_292","CLJRep 1981 292.pdf","Current Law Journal Reprint, 1981",[1981],texts,opensource
,"CLJRep_1981_1","CLJRep 1981 1.pdf"
,"CLJRep_1981_101","CLJRep 1981 101.pdf"
,"CLJRep_1981_111","CLJRep 1981 111.pdf"
,"CLJRep_1981_115","CLJRep 1981 115.pdf"
,"CLJRep_1981_122","CLJRep 1981 122.pdf"
,"CLJRep_1981_126","CLJRep 1981 126.pdf"
,"CLJRep_1981_134","CLJRep 1981 134.pdf"
,"CLJRep_1981_140","CLJRep 1981 140.pdf"
,"CLJRep_1981_146","CLJRep 1981 146.pdf"
,"CLJRep_1981_152","CLJRep 1981 152.pdf"
,"CLJRep_1981_157","CLJRep 1981 157.pdf"
,"CLJRep_1981_162","CLJRep 1981 162.pdf"
,"CLJRep_1981_169","CLJRep 1981 169.pdf"
,"CLJRep_1981_170","CLJRep 1981 170.pdf"
,"CLJRep_1981_171","CLJRep 1981 171.pdf"
,"CLJRep_1981_178","CLJRep 1981 178.pdf"
,"CLJRep_1981_191","CLJRep 1981 191.pdf"
,"CLJRep_1981_22","CLJRep 1981 22.pdf"
,"CLJRep_1981_220","CLJRep 1981 220.pdf"
,"CLJRep_1981_238","CLJRep 1981 238.pdf"
,"CLJRep_1981_248","CLJRep 1981 248.pdf"
,"CLJRep_1981_251","CLJRep 1981 251.pdf"
,"CLJRep_1981_257","CLJRep 1981 257.pdf"
,"CLJRep_1981_259","CLJRep 1981 259.pdf"
,"CLJRep_1981_261","CLJRep 1981 261.pdf"
,"CLJRep_1981_273","CLJRep 1981 273.pdf"
,"CLJRep_1981_277","CLJRep 1981 277.pdf"
,"CLJRep_1981_281","CLJRep 1981 281.pdf"
,"CLJRep_1981_29","CLJRep 1981 29.pdf"
,"CLJRep_1981_295","CLJRep 1981 295.pdf"
,"CLJRep_1981_301","CLJRep 1981 301.pdf"
,"CLJRep_1981_302","CLJRep 1981 302.pdf"
,"CLJRep_1981_35","CLJRep 1981 35.pdf"
,"CLJRep_1981_45","CLJRep 1981 45.pdf"
,"CLJRep_1981_53","CLJRep 1981 53.pdf"
,"CLJRep_1981_74","CLJRep 1981 74.pdf"
,"CLJRep_1981_82","CLJRep 1981 82.pdf"
,"CLJRep_1981_89","CLJRep 1981 89.pdf"
,"CLJRep_1981_96","CLJRep 1981 96.pdf"
cljrep_1982,"CLJ_1982_173","CLJRep 1982 173.pdf","Current Law Journal Reprint, 1982",[1982],texts,opensource
,"CLJRep_1982_1","CLJRep 1982 1.pdf"
,"CLJRep_1982_10","CLJRep 1982 10.pdf"
,"CLJRep_1982_106","CLJRep 1982 106.pdf"
,"CLJRep_1982_110","CLJRep 1982 110.pdf"
,"CLJRep_1982_115","CLJRep 1982 115.pdf"
,"CLJRep_1982_124","CLJRep 1982 124.pdf"
,"CLJRep_1982_130","CLJRep 1982 130.pdf"
,"CLJRep_1982_152","CLJRep 1982 152.pdf"
,"CLJRep_1982_159","CLJRep 1982 159.pdf"
,"CLJRep_1982_168","CLJRep 1982 168.pdf"
,"CLJRep_1982_182","CLJRep 1982 182.pdf"
,"CLJRep_1982_190","CLJRep 1982 190.pdf"
,"CLJRep_1982_20","CLJRep 1982 20.pdf"
,"CLJRep_1982_223","CLJRep 1982 223.pdf"
,"CLJRep_1982_237","CLJRep 1982 237.pdf"
,"CLJRep_1982_257","CLJRep 1982 257.pdf"
,"CLJRep_1982_26","CLJRep 1982 26.pdf"
,"CLJRep_1982_266","CLJRep 1982 266.pdf"
,"CLJRep_1982_272","CLJRep 1982 272.pdf"
,"CLJRep_1982_285","CLJRep 1982 285.pdf"
,"CLJRep_1982_292","CLJRep 1982 292.pdf"
,"CLJRep_1982_299","CLJRep 1982 299.pdf"
,"CLJRep_1982_305","CLJRep 1982 305.pdf"
,"CLJRep_1982_314","CLJRep 1982 314.pdf"
,"CLJRep_1982_321","CLJRep 1982 321.pdf"
,"CLJRep_1982_326","CLJRep 1982 326.pdf"
,"CLJRep_1982_330","CLJRep 1982 330.pdf"
,"CLJRep_1982_347","CLJRep 1982 347.pdf"
,"CLJRep_1982_35","CLJRep 1982 35.pdf"
,"CLJRep_1982_355","CLJRep 1982 355.pdf"
,"CLJRep_1982_358","CLJRep 1982 358.pdf"
,"CLJRep_1982_363","CLJRep 1982 363.pdf"
,"CLJRep_1982_367","CLJRep 1982 367.pdf"
,"CLJRep_1982_372","CLJRep 1982 372.pdf"
,"CLJRep_1982_377","CLJRep 1982 377.pdf"
,"CLJRep_1982_38","CLJRep 1982 38.pdf"
,"CLJRep_1982_383","CLJRep 1982 383.pdf"
,"CLJRep_1982_386","CLJRep 1982 386.pdf"
,"CLJRep_1982_389","CLJRep 1982 389.pdf"
,"CLJRep_1982_392","CLJRep 1982 392.pdf"
,"CLJRep_1982_398","CLJRep 1982 398.pdf"
,"CLJRep_1982_402","CLJRep 1982 402.pdf"
,"CLJRep_1982_411","CLJRep 1982 411.pdf"
,"CLJRep_1982_414","CLJRep 1982 414.pdf"
,"CLJRep_1982_418","CLJRep 1982 418.pdf"
,"CLJRep_1982_420","CLJRep 1982 420.pdf"
,"CLJRep_1982_423","CLJRep 1982 423.pdf"
,"CLJRep_1982_426","CLJRep 1982 426.pdf"
,"CLJRep_1982_428","CLJRep 1982 428.pdf"
,"CLJRep_1982_432","CLJRep 1982 432.pdf"
,"CLJRep_1982_436","CLJRep 1982 436.pdf"
,"CLJRep_1982_44","CLJRep 1982 44.pdf"
,"CLJRep_1982_440","CLJRep 1982 440.pdf"
,"CLJRep_1982_446","CLJRep 1982 446.pdf"
,"CLJRep_1982_451","CLJRep 1982 451.pdf"
,"CLJRep_1982_453","CLJRep 1982 453.pdf"
,"CLJRep_1982_458","CLJRep 1982 458.pdf"
,"CLJRep_1982_460","CLJRep 1982 460.pdf"
,"CLJRep_1982_463","CLJRep 1982 463.pdf"
,"CLJRep_1982_468","CLJRep 1982 468.pdf"
,"CLJRep_1982_473","CLJRep 1982 473.pdf"
,"CLJRep_1982_478","CLJRep 1982 478.pdf"
,"CLJRep_1982_482","CLJRep 1982 482.pdf"
,"CLJRep_1982_486","CLJRep 1982 486.pdf"
,"CLJRep_1982_490","CLJRep 1982 490.pdf"
,"CLJRep_1982_494","CLJRep 1982 494.pdf"
,"CLJRep_1982_499","CLJRep 1982 499.pdf"
,"CLJRep_1982_50","CLJRep 1982 50.pdf"
,"CLJRep_1982_504","CLJRep 1982 504.pdf"
,"CLJRep_1982_506","CLJRep 1982 506.pdf"
,"CLJRep_1982_507","CLJRep 1982 507.pdf"
,"CLJRep_1982_510","CLJRep 1982 510.pdf"
,"CLJRep_1982_514","CLJRep 1982 514.pdf"
,"CLJRep_1982_526","CLJRep 1982 526.pdf"
,"CLJRep_1982_529","CLJRep 1982 529.pdf"
,"CLJRep_1982_532","CLJRep 1982 532.pdf"
,"CLJRep_1982_535","CLJRep 1982 535.pdf"
,"CLJRep_1982_537","CLJRep 1982 537.pdf"
,"CLJRep_1982_542","CLJRep 1982 542.pdf"
,"CLJRep_1982_545","CLJRep 1982 545.pdf"
,"CLJRep_1982_552","CLJRep 1982 552.pdf"
,"CLJRep_1982_557","CLJRep 1982 557.pdf"
,"CLJRep_1982_562","CLJRep 1982 562.pdf"
,"CLJRep_1982_575","CLJRep 1982 575.pdf"
,"CLJRep_1982_579","CLJRep 1982 579.pdf"
,"CLJRep_1982_58","CLJRep 1982 58.pdf"
,"CLJRep_1982_581","CLJRep 1982 581.pdf"
,"CLJRep_1982_599","CLJRep 1982 599.pdf"
,"CLJRep_1982_602","CLJRep 1982 602.pdf"
,"CLJRep_1982_616","CLJRep 1982 616.pdf"
,"CLJRep_1982_623","CLJRep 1982 623.pdf"
,"CLJRep_1982_628","CLJRep 1982 628.pdf"
,"CLJRep_1982_63","CLJRep 1982 63.pdf"
,"CLJRep_1982_630","CLJRep 1982 630.pdf"
,"CLJRep_1982_635","CLJRep 1982 635.pdf"
,"CLJRep_1982_638","CLJRep 1982 638.pdf"
,"CLJRep_1982_640","CLJRep 1982 640.pdf"
,"CLJRep_1982_642","CLJRep 1982 642.pdf"
,"CLJRep_1982_648","CLJRep 1982 648.pdf"
,"CLJRep_1982_656","CLJRep 1982 656.pdf"
,"CLJRep_1982_661","CLJRep 1982 661.pdf"
,"CLJRep_1982_665","CLJRep 1982 665.pdf"
,"CLJRep_1982_674","CLJRep 1982 674.pdf"
,"CLJRep_1982_676","CLJRep 1982 676.pdf"
,"CLJRep_1982_680","CLJRep 1982 680.pdf"
,"CLJRep_1982_684","CLJRep 1982 684.pdf"
,"CLJRep_1982_687","CLJRep 1982 687.pdf"
,"CLJRep_1982_689","CLJRep 1982 689.pdf"
,"CLJRep_1982_69","CLJRep 1982 69.pdf"
,"CLJRep_1982_705","CLJRep 1982 705.pdf"
,"CLJRep_1982_712","CLJRep 1982 712.pdf"
,"CLJRep_1982_716","CLJRep 1982 716.pdf"
,"CLJRep_1982_719","CLJRep 1982 719.pdf"
,"CLJRep_1982_724","CLJRep 1982 724.pdf"
,"CLJRep_1982_727","CLJRep 1982 727.pdf"
,"CLJRep_1982_733","CLJRep 1982 733.pdf"
,"CLJRep_1982_738","CLJRep 1982 738.pdf"
,"CLJRep_1982_74","CLJRep 1982 74.pdf"
,"CLJRep_1982_744","CLJRep 1982 744.pdf"
,"CLJRep_1982_747","CLJRep 1982 747.pdf"
,"CLJRep_1982_750","CLJRep 1982 750.pdf"
,"CLJRep_1982_754","CLJRep 1982 754.pdf"
,"CLJRep_1982_758","CLJRep 1982 758.pdf"
,"CLJRep_1982_76","CLJRep 1982 76.pdf"
,"CLJRep_1982_763","CLJRep 1982 763.pdf"
,"CLJRep_1982_765","CLJRep 1982 765.pdf"
,"CLJRep_1982_770","CLJRep 1982 770.pdf"
,"CLJRep_1982_775","CLJRep 1982 775.pdf"
,"CLJRep_1982_788","CLJRep 1982 788.pdf"
,"CLJRep_1982_794","CLJRep 1982 794.pdf"
,"CLJRep_1982_800","CLJRep 1982 800.pdf"
,"CLJRep_1982_806","CLJRep 1982 806.pdf"
,"CLJRep_1982_809","CLJRep 1982 809.pdf"
,"CLJRep_1982_810","CLJRep 1982 810.pdf"
,"CLJRep_1982_815","CLJRep 1982 815.pdf"
,"CLJRep_1982_818","CLJRep 1982 818.pdf"
,"CLJRep_1982_820","CLJRep 1982 820.pdf"
,"CLJRep_1982_825","CLJRep 1982 825.pdf"
,"CLJRep_1982_831","CLJRep 1982 831.pdf"
,"CLJRep_1982_835","CLJRep 1982 835.pdf"
,"CLJRep_1982_837","CLJRep 1982 837.pdf"
,"CLJRep_1982_838","CLJRep 1982 838.pdf"
,"CLJRep_1982_840","CLJRep 1982 840.pdf"
,"CLJRep_1982_846","CLJRep 1982 846.pdf"
,"CLJRep_1982_848","CLJRep 1982 848.pdf"
,"CLJRep_1982_851","CLJRep 1982 851.pdf"
,"CLJRep_1982_855","CLJRep 1982 855.pdf"
,"CLJRep_1982_863","CLJRep 1982 863.pdf"
,"CLJRep_1982_869","CLJRep 1982 869.pdf"
,"CLJRep_1982_87","CLJRep 1982 87.pdf"
,"CLJRep_1982_877","CLJRep 1982 877.pdf"
,"CLJRep_1982_880","CLJRep 1982 880.pdf"
,"CLJRep_1982_883","CLJRep 1982 883.pdf"
,"CLJRep_1982_888","CLJRep 1982 888.pdf"
,"CLJRep_1982_89","CLJRep 1982 89.pdf"
,"CLJRep_1982_894","CLJRep 1982 894.pdf"
,"CLJRep_1982_901","CLJRep 1982 901.pdf"
,"CLJRep_1982_906","CLJRep 1982 906.pdf"
,"CLJRep_1982_913","CLJRep 1982 913.pdf"
,"CLJRep_1982_925","CLJRep 1982 925.pdf"
,"CLJRep_1982_929","CLJRep 1982 929.pdf"
,"CLJRep_1982_935","CLJRep 1982 935.pdf"
,"CLJRep_1982_937","CLJRep 1982 937.pdf"
,"CLJRep_1982_96","CLJRep 1982 96.pdf"
,"CLJRep_1982_99","CLJRep 1982 99.pdf"
cljrep_1983,"CLJRep_1983_1002","CLJRep 1983 1002.pdf","Current Law Journal Reprint, 1983",[1983],texts,opensource
,"CLJRep_1983_1006","CLJRep 1983 1006.pdf"
,"CLJRep_1983_1009","CLJRep 1983 1009.pdf"
,"CLJRep_1983_101","CLJRep 1983 101.pdf"
,"CLJRep_1983_1014","CLJRep 1983 1014.pdf"
,"CLJRep_1983_1022","CLJRep 1983 1022.pdf"
,"CLJRep_1983_1025","CLJRep 1983 1025.pdf"
,"CLJRep_1983_1030","CLJRep 1983 1030.pdf"
,"CLJRep_1983_1037","CLJRep 1983 1037.pdf"
,"CLJRep_1983_124","CLJRep 1983 124.pdf"
,"CLJRep_1983_128","CLJRep 1983 128.pdf"
,"CLJRep_1983_131","CLJRep 1983 131.pdf"
,"CLJRep_1983_139","CLJRep 1983 139.pdf"
,"CLJRep_1983_14","CLJRep 1983 14.pdf"
,"CLJRep_1983_144","CLJRep 1983 144.pdf"
,"CLJRep_1983_150","CLJRep 1983 150.pdf"
,"CLJRep_1983_155","CLJRep 1983 155.pdf"
,"CLJRep_1983_163","CLJRep 1983 163.pdf"
,"CLJRep_1983_165","CLJRep 1983 165.pdf"
,"CLJRep_1983_170","CLJRep 1983 170.pdf"
,"CLJRep_1983_176","CLJRep 1983 176.pdf"
,"CLJRep_1983_182","CLJRep 1983 182.pdf"
,"CLJRep_1983_186","CLJRep 1983 186.pdf"
,"CLJRep_1983_19","CLJRep 1983 19.pdf"
,"CLJRep_1983_195","CLJRep 1983 195.pdf"
,"CLJRep_1983_203","CLJRep 1983 203.pdf"
,"CLJRep_1983_207","CLJRep 1983 207.pdf"
,"CLJRep_1983_216","CLJRep 1983 216.pdf"
,"CLJRep_1983_222","CLJRep 1983 222.pdf"
,"CLJRep_1983_227","CLJRep 1983 227.pdf"
,"CLJRep_1983_231","CLJRep 1983 231.pdf"
,"CLJRep_1983_240","CLJRep 1983 240.pdf"
,"CLJRep_1983_248","CLJRep 1983 248.pdf"
,"CLJRep_1983_252","CLJRep 1983 252.pdf"
,"CLJRep_1983_254","CLJRep 1983 254.pdf"
,"CLJRep_1983_263","CLJRep 1983 263.pdf"
,"CLJRep_1983_266","CLJRep 1983 266.pdf"
,"CLJRep_1983_271","CLJRep 1983 271.pdf"
,"CLJRep_1983_276","CLJRep 1983 276.pdf"
,"CLJRep_1983_282","CLJRep 1983 282.pdf"
,"CLJRep_1983_293","CLJRep 1983 293.pdf"
,"CLJRep_1983_30","CLJRep 1983 30.pdf"
,"CLJRep_1983_300","CLJRep 1983 300.pdf"
,"CLJRep_1983_317","CLJRep 1983 317.pdf"
,"CLJRep_1983_324","CLJRep 1983 324.pdf"
,"CLJRep_1983_326","CLJRep 1983 326.pdf"
,"CLJRep_1983_331","CLJRep 1983 331.pdf"
,"CLJRep_1983_336","CLJRep 1983 336.pdf"
,"CLJRep_1983_345","CLJRep 1983 345.pdf"
,"CLJRep_1983_348","CLJRep 1983 348.pdf"
,"CLJRep_1983_350","CLJRep 1983 350.pdf"
,"CLJRep_1983_359","CLJRep 1983 359.pdf"
,"CLJRep_1983_363","CLJRep 1983 363.pdf"
,"CLJRep_1983_373","CLJRep 1983 373.pdf"
,"CLJRep_1983_375","CLJRep 1983 375.pdf"
,"CLJRep_1983_382","CLJRep 1983 382.pdf"
,"CLJRep_1983_387","CLJRep 1983 387.pdf"
,"CLJRep_1983_39","CLJRep 1983 39.pdf"
,"CLJRep_1983_394","CLJRep 1983 394.pdf"
,"CLJRep_1983_404","CLJRep 1983 404.pdf"
,"CLJRep_1983_410","CLJRep 1983 410.pdf"
,"CLJRep_1983_417","CLJRep 1983 417.pdf"
,"CLJRep_1983_421","CLJRep 1983 421.pdf"
,"CLJRep_1983_428","CLJRep 1983 428.pdf"
,"CLJRep_1983_433","CLJRep 1983 433.pdf"
,"CLJRep_1983_438","CLJRep 1983 438.pdf"
,"CLJRep_1983_441","CLJRep 1983 441.pdf"
,"CLJRep_1983_444","CLJRep 1983 444.pdf"
,"CLJRep_1983_452","CLJRep 1983 452.pdf"
,"CLJRep_1983_454","CLJRep 1983 454.pdf"
,"CLJRep_1983_458","CLJRep 1983 458.pdf"
,"CLJRep_1983_46","CLJRep 1983 46.pdf"
,"CLJRep_1983_462","CLJRep 1983 462.pdf"
,"CLJRep_1983_464","CLJRep 1983 464.pdf"
,"CLJRep_1983_468","CLJRep 1983 468.pdf"
,"CLJRep_1983_471","CLJRep 1983 471.pdf"
,"CLJRep_1983_475","CLJRep 1983 475.pdf"
,"CLJRep_1983_479","CLJRep 1983 479.pdf"
,"CLJRep_1983_483","CLJRep 1983 483.pdf"
,"CLJRep_1983_487","CLJRep 1983 487.pdf"
,"CLJRep_1983_489","CLJRep 1983 489.pdf"
,"CLJRep_1983_493","CLJRep 1983 493.pdf"
,"CLJRep_1983_496","CLJRep 1983 496.pdf"
,"CLJRep_1983_499","CLJRep 1983 499.pdf"
,"CLJRep_1983_50","CLJRep 1983 50.pdf"
,"CLJRep_1983_504","CLJRep 1983 504.pdf"
,"CLJRep_1983_508","CLJRep 1983 508.pdf"
,"CLJRep_1983_512","CLJRep 1983 512.pdf"
,"CLJRep_1983_515","CLJRep 1983 515.pdf"
,"CLJRep_1983_518","CLJRep 1983 518.pdf"
,"CLJRep_1983_521","CLJRep 1983 521.pdf"
,"CLJRep_1983_526","CLJRep 1983 526.pdf"
,"CLJRep_1983_535","CLJRep 1983 535.pdf"
,"CLJRep_1983_538","CLJRep 1983 538.pdf"
,"CLJRep_1983_552","CLJRep 1983 552.pdf"
,"CLJRep_1983_558","CLJRep 1983 558.pdf"
,"CLJRep_1983_56","CLJRep 1983 56.pdf"
,"CLJRep_1983_562","CLJRep 1983 562.pdf"
,"CLJRep_1983_567","CLJRep 1983 567.pdf"
,"CLJRep_1983_569","CLJRep 1983 569.pdf"
,"CLJRep_1983_572","CLJRep 1983 572.pdf"
,"CLJRep_1983_575","CLJRep 1983 575.pdf"
,"CLJRep_1983_579","CLJRep 1983 579.pdf"
,"CLJRep_1983_584","CLJRep 1983 584.pdf"
,"CLJRep_1983_587","CLJRep 1983 587.pdf"
,"CLJRep_1983_589","CLJRep 1983 589.pdf"
,"CLJRep_1983_591","CLJRep 1983 591.pdf"
,"CLJRep_1983_598","CLJRep 1983 598.pdf"
,"CLJRep_1983_603","CLJRep 1983 603.pdf"
,"CLJRep_1983_606","CLJRep 1983 606.pdf"
,"CLJRep_1983_612","CLJRep 1983 612.pdf"
,"CLJRep_1983_617","CLJRep 1983 617.pdf"
,"CLJRep_1983_619","CLJRep 1983 619.pdf"
,"CLJRep_1983_624","CLJRep 1983 624.pdf"
,"CLJRep_1983_630","CLJRep 1983 630.pdf"
,"CLJRep_1983_634","CLJRep 1983 634.pdf"
,"CLJRep_1983_639","CLJRep 1983 639.pdf"
,"CLJRep_1983_642","CLJRep 1983 642.pdf"
,"CLJRep_1983_648","CLJRep 1983 648.pdf"
,"CLJRep_1983_65","CLJRep 1983 65.pdf"
,"CLJRep_1983_651","CLJRep 1983 651.pdf"
,"CLJRep_1983_657","CLJRep 1983 657.pdf"
,"CLJRep_1983_663","CLJRep 1983 663.pdf"
,"CLJRep_1983_669","CLJRep 1983 669.pdf"
,"CLJRep_1983_674","CLJRep 1983 674.pdf"
,"CLJRep_1983_677","CLJRep 1983 677.pdf"
,"CLJRep_1983_690","CLJRep 1983 690.pdf"
,"CLJRep_1983_695","CLJRep 1983 695.pdf"
,"CLJRep_1983_698","CLJRep 1983 698.pdf"
,"CLJRep_1983_7","CLJRep 1983 7.pdf"
,"CLJRep_1983_703","CLJRep 1983 703.pdf"
,"CLJRep_1983_710","CLJRep 1983 710.pdf"
,"CLJRep_1983_714","CLJRep 1983 714.pdf"
,"CLJRep_1983_716","CLJRep 1983 716.pdf"
,"CLJRep_1983_721","CLJRep 1983 721.pdf"
,"CLJRep_1983_73","CLJRep 1983 73.pdf"
,"CLJRep_1983_770","CLJRep 1983 770.pdf"
,"CLJRep_1983_773","CLJRep 1983 773.pdf"
,"CLJRep_1983_788","CLJRep 1983 788.pdf"
,"CLJRep_1983_79","CLJRep 1983 79.pdf"
,"CLJRep_1983_792","CLJRep 1983 792.pdf"
,"CLJRep_1983_796","CLJRep 1983 796.pdf"
,"CLJRep_1983_798","CLJRep 1983 798.pdf"
,"CLJRep_1983_804","CLJRep 1983 804.pdf"
,"CLJRep_1983_808","CLJRep 1983 808.pdf"
,"CLJRep_1983_820","CLJRep 1983 820.pdf"
,"CLJRep_1983_824","CLJRep 1983 824.pdf"
,"CLJRep_1983_828","CLJRep 1983 828.pdf"
,"CLJRep_1983_834","CLJRep 1983 834.pdf"
,"CLJRep_1983_838","CLJRep 1983 838.pdf"
,"CLJRep_1983_841","CLJRep 1983 841.pdf"
,"CLJRep_1983_847","CLJRep 1983 847.pdf"
,"CLJRep_1983_855","CLJRep 1983 855.pdf"
,"CLJRep_1983_86","CLJRep 1983 86.pdf"
,"CLJRep_1983_860","CLJRep 1983 860.pdf"
,"CLJRep_1983_863","CLJRep 1983 863.pdf"
,"CLJRep_1983_870","CLJRep 1983 870.pdf"
,"CLJRep_1983_875","CLJRep 1983 875.pdf"
,"CLJRep_1983_878","CLJRep 1983 878.pdf"
,"CLJRep_1983_881","CLJRep 1983 881.pdf"
,"CLJRep_1983_889","CLJRep 1983 889.pdf"
,"CLJRep_1983_892","CLJRep 1983 892.pdf"
,"CLJRep_1983_901","CLJRep 1983 901.pdf"
,"CLJRep_1983_907","CLJRep 1983 907.pdf"
,"CLJRep_1983_912","CLJRep 1983 912.pdf"
,"CLJRep_1983_916","CLJRep 1983 916.pdf"
,"CLJRep_1983_92","CLJRep 1983 92.pdf"
,"CLJRep_1983_920","CLJRep 1983 920.pdf"
,"CLJRep_1983_924","CLJRep 1983 924.pdf"
,"CLJRep_1983_935","CLJRep 1983 935.pdf"
,"CLJRep_1983_940","CLJRep 1983 940.pdf"
,"CLJRep_1983_950","CLJRep 1983 950.pdf"
,"CLJRep_1983_953","CLJRep 1983 953.pdf"
,"CLJRep_1983_957","CLJRep 1983 957.pdf"
,"CLJRep_1983_961","CLJRep 1983 961.pdf"
,"CLJRep_1983_964","CLJRep 1983 964.pdf"
,"CLJRep_1983_97","CLJRep 1983 97.pdf"
,"CLJRep_1983_979","CLJRep 1983 979.pdf"
,"CLJRep_1983_985","CLJRep 1983 985.pdf"
,"CLJRep_1983_989","CLJRep 1983 989.pdf"
,"CLJRep_1983_992","CLJRep 1983 992.pdf"
,"CLJRep_1983_994","CLJRep 1983 994.pdf"
,"CLJRep_1983_997","CLJRep 1983 997.pdf"
cljrep_1984_1,"CLJ_1984_1_104","CLJRep 1984 1 104.pdf","Current Law Journal Reprint, 1984, Volume 1",[1984],texts,opensource
,"CLJRep_1984_1_1","CLJRep 1984 1 1.pdf"
,"CLJRep_1984_1_108","CLJRep 1984 1 108.pdf"
,"CLJRep_1984_1_11","CLJRep 1984 1 11.pdf"
,"CLJRep_1984_1_119","CLJRep 1984 1 119.pdf"
,"CLJRep_1984_1_123","CLJRep 1984 1 123.pdf"
,"CLJRep_1984_1_137","CLJRep 1984 1 137.pdf"
,"CLJRep_1984_1_144","CLJRep 1984 1 144.pdf"
,"CLJRep_1984_1_152","CLJRep 1984 1 152.pdf"
,"CLJRep_1984_1_155","CLJRep 1984 1 155.pdf"
,"CLJRep_1984_1_162","CLJRep 1984 1 162.pdf"
,"CLJRep_1984_1_170","CLJRep 1984 1 170.pdf"
,"CLJRep_1984_1_174","CLJRep 1984 1 174.pdf"
,"CLJRep_1984_1_18","CLJRep 1984 1 18.pdf"
,"CLJRep_1984_1_181","CLJRep 1984 1 181.pdf"
,"CLJRep_1984_1_187","CLJRep 1984 1 187.pdf"
,"CLJRep_1984_1_191","CLJRep 1984 1 191.pdf"
,"CLJRep_1984_1_197","CLJRep 1984 1 197.pdf"
,"CLJRep_1984_1_202","CLJRep 1984 1 202.pdf"
,"CLJRep_1984_1_207","CLJRep 1984 1 207.pdf"
,"CLJRep_1984_1_211","CLJRep 1984 1 211.pdf"
,"CLJRep_1984_1_223","CLJRep 1984 1 223.pdf"
,"CLJRep_1984_1_23","CLJRep 1984 1 23.pdf"
,"CLJRep_1984_1_230","CLJRep 1984 1 230.pdf"
,"CLJRep_1984_1_240","CLJRep 1984 1 240.pdf"
,"CLJRep_1984_1_244","CLJRep 1984 1 244.pdf"
,"CLJRep_1984_1_25","CLJRep 1984 1 25.pdf"
,"CLJRep_1984_1_251","CLJRep 1984 1 251.pdf"
,"CLJRep_1984_1_266","CLJRep 1984 1 266.pdf"
,"CLJRep_1984_1_267","CLJRep 1984 1 267.pdf"
,"CLJRep_1984_1_270","CLJRep 1984 1 270.pdf"
,"CLJRep_1984_1_277","CLJRep 1984 1 277.pdf"
,"CLJRep_1984_1_283","CLJRep 1984 1 283.pdf"
,"CLJRep_1984_1_289","CLJRep 1984 1 289.pdf"
,"CLJRep_1984_1_294","CLJRep 1984 1 294.pdf"
,"CLJRep_1984_1_30","CLJRep 1984 1 30.pdf"
,"CLJRep_1984_1_302","CLJRep 1984 1 302.pdf"
,"CLJRep_1984_1_305","CLJRep 1984 1 305.pdf"
,"CLJRep_1984_1_310","CLJRep 1984 1 310.pdf"
,"CLJRep_1984_1_314","CLJRep 1984 1 314.pdf"
,"CLJRep_1984_1_317","CLJRep 1984 1 317.pdf"
,"CLJRep_1984_1_320","CLJRep 1984 1 320.pdf"
,"CLJRep_1984_1_323","CLJRep 1984 1 323.pdf"
,"CLJRep_1984_1_326","CLJRep 1984 1 326.pdf"
,"CLJRep_1984_1_336","CLJRep 1984 1 336.pdf"
,"CLJRep_1984_1_346","CLJRep 1984 1 346.pdf"
,"CLJRep_1984_1_353","CLJRep 1984 1 353.pdf"
,"CLJRep_1984_1_360","CLJRep 1984 1 360.pdf"
,"CLJRep_1984_1_363","CLJRep 1984 1 363.pdf"
,"CLJRep_1984_1_368","CLJRep 1984 1 368.pdf"
,"CLJRep_1984_1_37","CLJRep 1984 1 37.pdf"
,"CLJRep_1984_1_383","CLJRep 1984 1 383.pdf"
,"CLJRep_1984_1_389","CLJRep 1984 1 389.pdf"
,"CLJRep_1984_1_398","CLJRep 1984 1 398.pdf"
,"CLJRep_1984_1_403","CLJRep 1984 1 403.pdf"
,"CLJRep_1984_1_416","CLJRep 1984 1 416.pdf"
,"CLJRep_1984_1_423","CLJRep 1984 1 423.pdf"
,"CLJRep_1984_1_43","CLJRep 1984 1 43.pdf"
,"CLJRep_1984_1_433","CLJRep 1984 1 433.pdf"
,"CLJRep_1984_1_441","CLJRep 1984 1 441.pdf"
,"CLJRep_1984_1_447","CLJRep 1984 1 447.pdf"
,"CLJRep_1984_1_452","CLJRep 1984 1 452.pdf"
,"CLJRep_1984_1_457","CLJRep 1984 1 457.pdf"
,"CLJRep_1984_1_461","CLJRep 1984 1 461.pdf"
,"CLJRep_1984_1_467","CLJRep 1984 1 467.pdf"
,"CLJRep_1984_1_47","CLJRep 1984 1 47.pdf"
,"CLJRep_1984_1_472","CLJRep 1984 1 472.pdf"
,"CLJRep_1984_1_477","CLJRep 1984 1 477.pdf"
,"CLJRep_1984_1_482","CLJRep 1984 1 482.pdf"
,"CLJRep_1984_1_488","CLJRep 1984 1 488.pdf"
,"CLJRep_1984_1_493","CLJRep 1984 1 493.pdf"
,"CLJRep_1984_1_496","CLJRep 1984 1 496.pdf"
,"CLJRep_1984_1_498","CLJRep 1984 1 498.pdf"
,"CLJRep_1984_1_501","CLJRep 1984 1 501.pdf"
,"CLJRep_1984_1_51","CLJRep 1984 1 51.pdf"
,"CLJRep_1984_1_518","CLJRep 1984 1 518.pdf"
,"CLJRep_1984_1_522","CLJRep 1984 1 522.pdf"
,"CLJRep_1984_1_525","CLJRep 1984 1 525.pdf"
,"CLJRep_1984_1_530","CLJRep 1984 1 530.pdf"
,"CLJRep_1984_1_57","CLJRep 1984 1 57.pdf"
,"CLJRep_1984_1_62","CLJRep 1984 1 62.pdf"
,"CLJRep_1984_1_67","CLJRep 1984 1 67.pdf"
,"CLJRep_1984_1_72","CLJRep 1984 1 72.pdf"
,"CLJRep_1984_1_78","CLJRep 1984 1 78.pdf"
,"CLJRep_1984_1_84","CLJRep 1984 1 84.pdf"
,"CLJRep_1984_1_87","CLJRep 1984 1 87.pdf"
,"CLJRep_1984_1_93","CLJRep 1984 1 93.pdf"
,"CLJRep_1984_1_98","CLJRep 1984 1 98.pdf"
cljrep_1984_2,"CLJRep_1984_2_1","CLJRep 1984 2 1.pdf","Current Law Journal Reprint, 1984, Volume 2",[1984],texts,opensource
,"CLJRep_1984_2_102","CLJRep 1984 2 102.pdf"
,"CLJRep_1984_2_106","CLJRep 1984 2 106.pdf"
,"CLJRep_1984_2_113","CLJRep 1984 2 113.pdf"
,"CLJRep_1984_2_116","CLJRep 1984 2 116.pdf"
,"CLJRep_1984_2_129","CLJRep 1984 2 129.pdf"
,"CLJRep_1984_2_133","CLJRep 1984 2 133.pdf"
,"CLJRep_1984_2_137","CLJRep 1984 2 137.pdf"
,"CLJRep_1984_2_148","CLJRep 1984 2 148.pdf"
,"CLJRep_1984_2_153","CLJRep 1984 2 153.pdf"
,"CLJRep_1984_2_158","CLJRep 1984 2 158.pdf"
,"CLJRep_1984_2_16","CLJRep 1984 2 16.pdf"
,"CLJRep_1984_2_163","CLJRep 1984 2 163.pdf"
,"CLJRep_1984_2_166","CLJRep 1984 2 166.pdf"
,"CLJRep_1984_2_171","CLJRep 1984 2 171.pdf"
,"CLJRep_1984_2_185","CLJRep 1984 2 185.pdf"
,"CLJRep_1984_2_192","CLJRep 1984 2 192.pdf"
,"CLJRep_1984_2_195","CLJRep 1984 2 195.pdf"
,"CLJRep_1984_2_199","CLJRep 1984 2 199.pdf"
,"CLJRep_1984_2_205","CLJRep 1984 2 205.pdf"
,"CLJRep_1984_2_210","CLJRep 1984 2 210.pdf"
,"CLJRep_1984_2_222","CLJRep 1984 2 222.pdf"
,"CLJRep_1984_2_228","CLJRep 1984 2 228.pdf"
,"CLJRep_1984_2_232","CLJRep 1984 2 232.pdf"
,"CLJRep_1984_2_235","CLJRep 1984 2 235.pdf"
,"CLJRep_1984_2_243","CLJRep 1984 2 243.pdf"
,"CLJRep_1984_2_247","CLJRep 1984 2 247.pdf"
,"CLJRep_1984_2_257","CLJRep 1984 2 257.pdf"
,"CLJRep_1984_2_262","CLJRep 1984 2 262.pdf"
,"CLJRep_1984_2_268","CLJRep 1984 2 268.pdf"
,"CLJRep_1984_2_273","CLJRep 1984 2 273.pdf"
,"CLJRep_1984_2_275","CLJRep 1984 2 275.pdf"
,"CLJRep_1984_2_280","CLJRep 1984 2 280.pdf"
,"CLJRep_1984_2_285","CLJRep 1984 2 285.pdf"
,"CLJRep_1984_2_290","CLJRep 1984 2 290.pdf"
,"CLJRep_1984_2_294","CLJRep 1984 2 294.pdf"
,"CLJRep_1984_2_299","CLJRep 1984 2 299.pdf"
,"CLJRep_1984_2_302","CLJRep 1984 2 302.pdf"
,"CLJRep_1984_2_31","CLJRep 1984 2 31.pdf"
,"CLJRep_1984_2_311","CLJRep 1984 2 311.pdf"
,"CLJRep_1984_2_315","CLJRep 1984 2 315.pdf"
,"CLJRep_1984_2_319","CLJRep 1984 2 319.pdf"
,"CLJRep_1984_2_340","CLJRep 1984 2 340.pdf"
,"CLJRep_1984_2_344","CLJRep 1984 2 344.pdf"
,"CLJRep_1984_2_348","CLJRep 1984 2 348.pdf"
,"CLJRep_1984_2_355","CLJRep 1984 2 355.pdf"
,"CLJRep_1984_2_360","CLJRep 1984 2 360.pdf"
,"CLJRep_1984_2_364","CLJRep 1984 2 364.pdf"
,"CLJRep_1984_2_368","CLJRep 1984 2 368.pdf"
,"CLJRep_1984_2_370","CLJRep 1984 2 370.pdf"
,"CLJRep_1984_2_377","CLJRep 1984 2 377.pdf"
,"CLJRep_1984_2_38","CLJRep 1984 2 38.pdf"
,"CLJRep_1984_2_383","CLJRep 1984 2 383.pdf"
,"CLJRep_1984_2_391","CLJRep 1984 2 391.pdf"
,"CLJRep_1984_2_404","CLJRep 1984 2 404.pdf"
,"CLJRep_1984_2_411","CLJRep 1984 2 411.pdf"
,"CLJRep_1984_2_415","CLJRep 1984 2 415.pdf"
,"CLJRep_1984_2_419","CLJRep 1984 2 419.pdf"
,"CLJRep_1984_2_42","CLJRep 1984 2 42.pdf"
,"CLJRep_1984_2_423","CLJRep 1984 2 423.pdf"
,"CLJRep_1984_2_429","CLJRep 1984 2 429.pdf"
,"CLJRep_1984_2_439","CLJRep 1984 2 439.pdf"
,"CLJRep_1984_2_441","CLJRep 1984 2 441.pdf"
,"CLJRep_1984_2_447","CLJRep 1984 2 447.pdf"
,"CLJRep_1984_2_450","CLJRep 1984 2 450.pdf"
,"CLJRep_1984_2_453","CLJRep 1984 2 453.pdf"
,"CLJRep_1984_2_458","CLJRep 1984 2 458.pdf"
,"CLJRep_1984_2_463","CLJRep 1984 2 463.pdf"
,"CLJRep_1984_2_470","CLJRep 1984 2 470.pdf"
,"CLJRep_1984_2_473","CLJRep 1984 2 473.pdf"
,"CLJRep_1984_2_478","CLJRep 1984 2 478.pdf"
,"CLJRep_1984_2_481","CLJRep 1984 2 481.pdf"
,"CLJRep_1984_2_485","CLJRep 1984 2 485.pdf"
,"CLJRep_1984_2_488","CLJRep 1984 2 488.pdf"
,"CLJRep_1984_2_501","CLJRep 1984 2 501.pdf"
,"CLJRep_1984_2_506","CLJRep 1984 2 506.pdf"
,"CLJRep_1984_2_509","CLJRep 1984 2 509.pdf"
,"CLJRep_1984_2_513","CLJRep 1984 2 513.pdf"
,"CLJRep_1984_2_518","CLJRep 1984 2 518.pdf"
,"CLJRep_1984_2_522","CLJRep 1984 2 522.pdf"
,"CLJRep_1984_2_526","CLJRep 1984 2 526.pdf"
,"CLJRep_1984_2_530","CLJRep 1984 2 530.pdf"
,"CLJRep_1984_2_535","CLJRep 1984 2 535.pdf"
,"CLJRep_1984_2_540","CLJRep 1984 2 540.pdf"
,"CLJRep_1984_2_543","CLJRep 1984 2 543.pdf"
,"CLJRep_1984_2_550","CLJRep 1984 2 550.pdf"
,"CLJRep_1984_2_554","CLJRep 1984 2 554.pdf"
,"CLJRep_1984_2_560","CLJRep 1984 2 560.pdf"
,"CLJRep_1984_2_569","CLJRep 1984 2 569.pdf"
,"CLJRep_1984_2_573","CLJRep 1984 2 573.pdf"
,"CLJRep_1984_2_579","CLJRep 1984 2 579.pdf"
,"CLJRep_1984_2_589","CLJRep 1984 2 589.pdf"
,"CLJRep_1984_2_592","CLJRep 1984 2 592.pdf"
,"CLJRep_1984_2_599","CLJRep 1984 2 599.pdf"
,"CLJRep_1984_2_606","CLJRep 1984 2 606.pdf"
,"CLJRep_1984_2_61","CLJRep 1984 2 61.pdf"
,"CLJRep_1984_2_615","CLJRep 1984 2 615.pdf"
,"CLJRep_1984_2_622","CLJRep 1984 2 622.pdf"
,"CLJRep_1984_2_630","CLJRep 1984 2 630.pdf"
,"CLJRep_1984_2_634","CLJRep 1984 2 634.pdf"
,"CLJRep_1984_2_639","CLJRep 1984 2 639.pdf"
,"CLJRep_1984_2_64","CLJRep 1984 2 64.pdf"
,"CLJRep_1984_2_643","CLJRep 1984 2 643.pdf"
,"CLJRep_1984_2_646","CLJRep 1984 2 646.pdf"
,"CLJRep_1984_2_652","CLJRep 1984 2 652.pdf"
,"CLJRep_1984_2_654","CLJRep 1984 2 654.pdf"
,"CLJRep_1984_2_658","CLJRep 1984 2 658.pdf"
,"CLJRep_1984_2_661","CLJRep 1984 2 661.pdf"
,"CLJRep_1984_2_667","CLJRep 1984 2 667.pdf"
,"CLJRep_1984_2_670","CLJRep 1984 2 670.pdf"
,"CLJRep_1984_2_676","CLJRep 1984 2 676.pdf"
,"CLJRep_1984_2_683","CLJRep 1984 2 683.pdf"
,"CLJRep_1984_2_686","CLJRep 1984 2 686.pdf"
,"CLJRep_1984_2_691","CLJRep 1984 2 691.pdf"
,"CLJRep_1984_2_7","CLJRep 1984 2 7.pdf"
,"CLJRep_1984_2_71","CLJRep 1984 2 71.pdf"
,"CLJRep_1984_2_77","CLJRep 1984 2 77.pdf"
,"CLJRep_1984_2_81","CLJRep 1984 2 81.pdf"
,"CLJRep_1984_2_85","CLJRep 1984 2 85.pdf"
,"CLJRep_1984_2_89","CLJRep 1984 2 89.pdf"
,"CLJRep_1984_2_94","CLJRep 1984 2 94.pdf"
,"CLJRep_1984_2_98","CLJRep 1984 2 98.pdf"
cljrep_1985,"CLJRep_1985_1","CLJRep 1985 1.pdf","Current Law Journal Reprint, 1985",[1985],texts,opensource
,"CLJRep_1985_101","CLJRep 1985 101.pdf"
,"CLJRep_1985_107","CLJRep 1985 107.pdf"
,"CLJRep_1985_122","CLJRep 1985 122.pdf"
,"CLJRep_1985_129","CLJRep 1985 129.pdf"
,"CLJRep_1985_132","CLJRep 1985 132.pdf"
,"CLJRep_1985_167","CLJRep 1985 167.pdf"
,"CLJRep_1985_174","CLJRep 1985 174.pdf"
,"CLJRep_1985_178","CLJRep 1985 178.pdf"
,"CLJRep_1985_181","CLJRep 1985 181.pdf"
,"CLJRep_1985_185","CLJRep 1985 185.pdf"
,"CLJRep_1985_188","CLJRep 1985 188.pdf"
,"CLJRep_1985_19","CLJRep 1985 19.pdf"
,"CLJRep_1985_196","CLJRep 1985 196.pdf"
,"CLJRep_1985_199","CLJRep 1985 199.pdf"
,"CLJRep_1985_203","CLJRep 1985 203.pdf"
,"CLJRep_1985_206","CLJRep 1985 206.pdf"
,"CLJRep_1985_224","CLJRep 1985 224.pdf"
,"CLJRep_1985_231","CLJRep 1985 231.pdf"
,"CLJRep_1985_236","CLJRep 1985 236.pdf"
,"CLJRep_1985_24","CLJRep 1985 24.pdf"
,"CLJRep_1985_242","CLJRep 1985 242.pdf"
,"CLJRep_1985_250","CLJRep 1985 250.pdf"
,"CLJRep_1985_256","CLJRep 1985 256.pdf"
,"CLJRep_1985_260","CLJRep 1985 260.pdf"
,"CLJRep_1985_266","CLJRep 1985 266.pdf"
,"CLJRep_1985_275","CLJRep 1985 275.pdf"
,"CLJRep_1985_280","CLJRep 1985 280.pdf"
,"CLJRep_1985_286","CLJRep 1985 286.pdf"
,"CLJRep_1985_29","CLJRep 1985 29.pdf"
,"CLJRep_1985_293","CLJRep 1985 293.pdf"
,"CLJRep_1985_297","CLJRep 1985 297.pdf"
,"CLJRep_1985_304","CLJRep 1985 304.pdf"
,"CLJRep_1985_307","CLJRep 1985 307.pdf"
,"CLJRep_1985_312","CLJRep 1985 312.pdf"
,"CLJRep_1985_32","CLJRep 1985 32.pdf"
,"CLJRep_1985_323","CLJRep 1985 323.pdf"
,"CLJRep_1985_327","CLJRep 1985 327.pdf"
,"CLJRep_1985_333","CLJRep 1985 333.pdf"
,"CLJRep_1985_342","CLJRep 1985 342.pdf"
,"CLJRep_1985_350","CLJRep 1985 350.pdf"
,"CLJRep_1985_359","CLJRep 1985 359.pdf"
,"CLJRep_1985_362","CLJRep 1985 362.pdf"
,"CLJRep_1985_368","CLJRep 1985 368.pdf"
,"CLJRep_1985_37","CLJRep 1985 37.pdf"
,"CLJRep_1985_370","CLJRep 1985 370.pdf"
,"CLJRep_1985_376","CLJRep 1985 376.pdf"
,"CLJRep_1985_389","CLJRep 1985 389.pdf"
,"CLJRep_1985_392","CLJRep 1985 392.pdf"
,"CLJRep_1985_398","CLJRep 1985 398.pdf"
,"CLJRep_1985_403","CLJRep 1985 403.pdf"
,"CLJRep_1985_409","CLJRep 1985 409.pdf"
,"CLJRep_1985_41","CLJRep 1985 41.pdf"
,"CLJRep_1985_430","CLJRep 1985 430.pdf"
,"CLJRep_1985_436","CLJRep 1985 436.pdf"
,"CLJRep_1985_439","CLJRep 1985 439.pdf"
,"CLJRep_1985_442","CLJRep 1985 442.pdf"
,"CLJRep_1985_449","CLJRep 1985 449.pdf"
,"CLJRep_1985_45","CLJRep 1985 45.pdf"
,"CLJRep_1985_453","CLJRep 1985 453.pdf"
,"CLJRep_1985_458","CLJRep 1985 458.pdf"
,"CLJRep_1985_463","CLJRep 1985 463.pdf"
,"CLJRep_1985_469","CLJRep 1985 469.pdf"
,"CLJRep_1985_473","CLJRep 1985 473.pdf"
,"CLJRep_1985_476","CLJRep 1985 476.pdf"
,"CLJRep_1985_479","CLJRep 1985 479.pdf"
,"CLJRep_1985_482","CLJRep 1985 482.pdf"
,"CLJRep_1985_487","CLJRep 1985 487.pdf"
,"CLJRep_1985_493","CLJRep 1985 493.pdf"
,"CLJRep_1985_497","CLJRep 1985 497.pdf"
,"CLJRep_1985_5","CLJRep 1985 5.pdf"
,"CLJRep_1985_50","CLJRep 1985 50.pdf"
,"CLJRep_1985_500","CLJRep 1985 500.pdf"
,"CLJRep_1985_506","CLJRep 1985 506.pdf"
,"CLJRep_1985_510","CLJRep 1985 510.pdf"
,"CLJRep_1985_514","CLJRep 1985 514.pdf"
,"CLJRep_1985_518","CLJRep 1985 518.pdf"
,"CLJRep_1985_523","CLJRep 1985 523.pdf"
,"CLJRep_1985_526","CLJRep 1985 526.pdf"
,"CLJRep_1985_530","CLJRep 1985 530.pdf"
,"CLJRep_1985_537","CLJRep 1985 537.pdf"
,"CLJRep_1985_55","CLJRep 1985 55.pdf"
,"CLJRep_1985_556","CLJRep 1985 556.pdf"
,"CLJRep_1985_561","CLJRep 1985 561.pdf"
,"CLJRep_1985_567","CLJRep 1985 567.pdf"
,"CLJRep_1985_569","CLJRep 1985 569.pdf"
,"CLJRep_1985_575","CLJRep 1985 575.pdf"
,"CLJRep_1985_579","CLJRep 1985 579.pdf"
,"CLJRep_1985_582","CLJRep 1985 582.pdf"
,"CLJRep_1985_589","CLJRep 1985 589.pdf"
,"CLJRep_1985_59","CLJRep 1985 59.pdf"
,"CLJRep_1985_592","CLJRep 1985 592.pdf"
,"CLJRep_1985_595","CLJRep 1985 595.pdf"
,"CLJRep_1985_600","CLJRep 1985 600.pdf"
,"CLJRep_1985_602","CLJRep 1985 602.pdf"
,"CLJRep_1985_607","CLJRep 1985 607.pdf"
,"CLJRep_1985_613","CLJRep 1985 613.pdf"
,"CLJRep_1985_615","CLJRep 1985 615.pdf"
,"CLJRep_1985_623","CLJRep 1985 623.pdf"
,"CLJRep_1985_627","CLJRep 1985 627.pdf"
,"CLJRep_1985_632","CLJRep 1985 632.pdf"
,"CLJRep_1985_639","CLJRep 1985 639.pdf"
,"CLJRep_1985_64","CLJRep 1985 64.pdf"
,"CLJRep_1985_642","CLJRep 1985 642.pdf"
,"CLJRep_1985_645","CLJRep 1985 645.pdf"
,"CLJRep_1985_649","CLJRep 1985 649.pdf"
,"CLJRep_1985_654","CLJRep 1985 654.pdf"
,"CLJRep_1985_656","CLJRep 1985 656.pdf"
,"CLJRep_1985_672","CLJRep 1985 672.pdf"
,"CLJRep_1985_677","CLJRep 1985 677.pdf"
,"CLJRep_1985_683","CLJRep 1985 683.pdf"
,"CLJRep_1985_688","CLJRep 1985 688.pdf"
,"CLJRep_1985_691","CLJRep 1985 691.pdf"
,"CLJRep_1985_70","CLJRep 1985 70.pdf"
,"CLJRep_1985_702","CLJRep 1985 702.pdf"
,"CLJRep_1985_706","CLJRep 1985 706.pdf"
,"CLJRep_1985_714","CLJRep 1985 714.pdf"
,"CLJRep_1985_717","CLJRep 1985 717.pdf"
,"CLJRep_1985_720","CLJRep 1985 720.pdf"
,"CLJRep_1985_728","CLJRep 1985 728.pdf"
,"CLJRep_1985_731","CLJRep 1985 731.pdf"
,"CLJRep_1985_735","CLJRep 1985 735.pdf"
,"CLJRep_1985_739","CLJRep 1985 739.pdf"
,"CLJRep_1985_742","CLJRep 1985 742.pdf"
,"CLJRep_1985_747","CLJRep 1985 747.pdf"
,"CLJRep_1985_749","CLJRep 1985 749.pdf"
,"CLJRep_1985_753","CLJRep 1985 753.pdf"
,"CLJRep_1985_757","CLJRep 1985 757.pdf"
,"CLJRep_1985_760","CLJRep 1985 760.pdf"
,"CLJRep_1985_764","CLJRep 1985 764.pdf"
,"CLJRep_1985_768","CLJRep 1985 768.pdf"
,"CLJRep_1985_77","CLJRep 1985 77.pdf"
,"CLJRep_1985_772","CLJRep 1985 772.pdf"
,"CLJRep_1985_775","CLJRep 1985 775.pdf"
,"CLJRep_1985_781","CLJRep 1985 781.pdf"
,"CLJRep_1985_783","CLJRep 1985 783.pdf"
,"CLJRep_1985_788","CLJRep 1985 788.pdf"
,"CLJRep_1985_790","CLJRep 1985 790.pdf"
,"CLJRep_1985_795","CLJRep 1985 795.pdf"
,"CLJRep_1985_798","CLJRep 1985 798.pdf"
,"CLJRep_1985_8","CLJRep 1985 8.pdf"
,"CLJRep_1985_802","CLJRep 1985 802.pdf"
,"CLJRep_1985_806","CLJRep 1985 806.pdf"
,"CLJRep_1985_810","CLJRep 1985 810.pdf"
,"CLJRep_1985_813","CLJRep 1985 813.pdf"
,"CLJRep_1985_818","CLJRep 1985 818.pdf"
,"CLJRep_1985_826","CLJRep 1985 826.pdf"
,"CLJRep_1985_836","CLJRep 1985 836.pdf"
,"CLJRep_1985_845","CLJRep 1985 845.pdf"
,"CLJRep_1985_849","CLJRep 1985 849.pdf"
,"CLJRep_1985_852","CLJRep 1985 852.pdf"
,"CLJRep_1985_863","CLJRep 1985 863.pdf"
,"CLJRep_1985_867","CLJRep 1985 867.pdf"
,"CLJRep_1985_871","CLJRep 1985 871.pdf"
,"CLJRep_1985_874","CLJRep 1985 874.pdf"
,"CLJRep_1985_878","CLJRep 1985 878.pdf"
,"CLJRep_1985_882","CLJRep 1985 882.pdf"
,"CLJRep_1985_885","CLJRep 1985 885.pdf"
,"CLJRep_1985_887","CLJRep 1985 887.pdf"
,"CLJRep_1985_94","CLJRep 1985 94.pdf"
,"CLJRep_1985_99","CLJRep 1985 99.pdf"
cljrep_1986,"CLJRep_1986_1","CLJRep 1986 1.pdf","Current Law Journal Reprint, 1986",[1986],texts,opensource
,"CLJRep_1986_106","CLJRep 1986 106.pdf"
,"CLJRep_1986_112","CLJRep 1986 112.pdf"
,"CLJRep_1986_117","CLJRep 1986 117.pdf"
,"CLJRep_1986_127","CLJRep 1986 127.pdf"
,"CLJRep_1986_13","CLJRep 1986 13.pdf"
,"CLJRep_1986_133","CLJRep 1986 133.pdf"
,"CLJRep_1986_139","CLJRep 1986 139.pdf"
,"CLJRep_1986_142","CLJRep 1986 142.pdf"
,"CLJRep_1986_149","CLJRep 1986 149.pdf"
,"CLJRep_1986_152","CLJRep 1986 152.pdf"
,"CLJRep_1986_155","CLJRep 1986 155.pdf"
,"CLJRep_1986_160","CLJRep 1986 160.pdf"
,"CLJRep_1986_168","CLJRep 1986 168.pdf"
,"CLJRep_1986_170","CLJRep 1986 170.pdf"
,"CLJRep_1986_173","CLJRep 1986 173.pdf"
,"CLJRep_1986_175","CLJRep 1986 175.pdf"
,"CLJRep_1986_179","CLJRep 1986 179.pdf"
,"CLJRep_1986_18","CLJRep 1986 18.pdf"
,"CLJRep_1986_185","CLJRep 1986 185.pdf"
,"CLJRep_1986_190","CLJRep 1986 190.pdf"
,"CLJRep_1986_193","CLJRep 1986 193.pdf"
,"CLJRep_1986_208","CLJRep 1986 208.pdf"
,"CLJRep_1986_212","CLJRep 1986 212.pdf"
,"CLJRep_1986_217","CLJRep 1986 217.pdf"
,"CLJRep_1986_232","CLJRep 1986 232.pdf"
,"CLJRep_1986_238","CLJRep 1986 238.pdf"
,"CLJRep_1986_243","CLJRep 1986 243.pdf"
,"CLJRep_1986_252","CLJRep 1986 252.pdf"
,"CLJRep_1986_256","CLJRep 1986 256.pdf"
,"CLJRep_1986_26","CLJRep 1986 26.pdf"
,"CLJRep_1986_263","CLJRep 1986 263.pdf"
,"CLJRep_1986_268","CLJRep 1986 268.pdf"
,"CLJRep_1986_271","CLJRep 1986 271.pdf"
,"CLJRep_1986_276","CLJRep 1986 276.pdf"
,"CLJRep_1986_279","CLJRep 1986 279.pdf"
,"CLJRep_1986_283","CLJRep 1986 283.pdf"
,"CLJRep_1986_292","CLJRep 1986 292.pdf"
,"CLJRep_1986_294","CLJRep 1986 294.pdf"
,"CLJRep_1986_300","CLJRep 1986 300.pdf"
,"CLJRep_1986_306","CLJRep 1986 306.pdf"
,"CLJRep_1986_308","CLJRep 1986 308.pdf"
,"CLJRep_1986_310","CLJRep 1986 310.pdf"
,"CLJRep_1986_316","CLJRep 1986 316.pdf"
,"CLJRep_1986_320","CLJRep 1986 320.pdf"
,"CLJRep_1986_325","CLJRep 1986 325.pdf"
,"CLJRep_1986_33","CLJRep 1986 33.pdf"
,"CLJRep_1986_332","CLJRep 1986 332.pdf"
,"CLJRep_1986_337","CLJRep 1986 337.pdf"
,"CLJRep_1986_340","CLJRep 1986 340.pdf"
,"CLJRep_1986_348","CLJRep 1986 348.pdf"
,"CLJRep_1986_351","CLJRep 1986 351.pdf"
,"CLJRep_1986_356","CLJRep 1986 356.pdf"
,"CLJRep_1986_359","CLJRep 1986 359.pdf"
,"CLJRep_1986_361","CLJRep 1986 361.pdf"
,"CLJRep_1986_365","CLJRep 1986 365.pdf"
,"CLJRep_1986_368","CLJRep 1986 368.pdf"
,"CLJRep_1986_371","CLJRep 1986 371.pdf"
,"CLJRep_1986_376","CLJRep 1986 376.pdf"
,"CLJRep_1986_381","CLJRep 1986 381.pdf"
,"CLJRep_1986_384","CLJRep 1986 384.pdf"
,"CLJRep_1986_388","CLJRep 1986 388.pdf"
,"CLJRep_1986_391","CLJRep 1986 391.pdf"
,"CLJRep_1986_396","CLJRep 1986 396.pdf"
,"CLJRep_1986_399","CLJRep 1986 399.pdf"
,"CLJRep_1986_403","CLJRep 1986 403.pdf"
,"CLJRep_1986_41","CLJRep 1986 41.pdf"
,"CLJRep_1986_410","CLJRep 1986 410.pdf"
,"CLJRep_1986_414","CLJRep 1986 414.pdf"
,"CLJRep_1986_418","CLJRep 1986 418.pdf"
,"CLJRep_1986_423","CLJRep 1986 423.pdf"
,"CLJRep_1986_426","CLJRep 1986 426.pdf"
,"CLJRep_1986_432","CLJRep 1986 432.pdf"
,"CLJRep_1986_437","CLJRep 1986 437.pdf"
,"CLJRep_1986_440","CLJRep 1986 440.pdf"
,"CLJRep_1986_442","CLJRep 1986 442.pdf"
,"CLJRep_1986_444","CLJRep 1986 444.pdf"
,"CLJRep_1986_448","CLJRep 1986 448.pdf"
,"CLJRep_1986_45","CLJRep 1986 45.pdf"
,"CLJRep_1986_455","CLJRep 1986 455.pdf"
,"CLJRep_1986_462","CLJRep 1986 462.pdf"
,"CLJRep_1986_469","CLJRep 1986 469.pdf"
,"CLJRep_1986_475","CLJRep 1986 475.pdf"
,"CLJRep_1986_479","CLJRep 1986 479.pdf"
,"CLJRep_1986_481","CLJRep 1986 481.pdf"
,"CLJRep_1986_501","CLJRep 1986 501.pdf"
,"CLJRep_1986_503","CLJRep 1986 503.pdf"
,"CLJRep_1986_505","CLJRep 1986 505.pdf"
,"CLJRep_1986_508","CLJRep 1986 508.pdf"
,"CLJRep_1986_514","CLJRep 1986 514.pdf"
,"CLJRep_1986_520","CLJRep 1986 520.pdf"
,"CLJRep_1986_524","CLJRep 1986 524.pdf"
,"CLJRep_1986_529","CLJRep 1986 529.pdf"
,"CLJRep_1986_535","CLJRep 1986 535.pdf"
,"CLJRep_1986_539","CLJRep 1986 539.pdf"
,"CLJRep_1986_542","CLJRep 1986 542.pdf"
,"CLJRep_1986_547","CLJRep 1986 547.pdf"
,"CLJRep_1986_552","CLJRep 1986 552.pdf"
,"CLJRep_1986_556","CLJRep 1986 556.pdf"
,"CLJRep_1986_562","CLJRep 1986 562.pdf"
,"CLJRep_1986_566","CLJRep 1986 566.pdf"
,"CLJRep_1986_571","CLJRep 1986 571.pdf"
,"CLJRep_1986_575","CLJRep 1986 575.pdf"
,"CLJRep_1986_579","CLJRep 1986 579.pdf"
,"CLJRep_1986_58","CLJRep 1986 58.pdf"
,"CLJRep_1986_585","CLJRep 1986 585.pdf"
,"CLJRep_1986_595","CLJRep 1986 595.pdf"
,"CLJRep_1986_599","CLJRep 1986 599.pdf"
,"CLJRep_1986_603","CLJRep 1986 603.pdf"
,"CLJRep_1986_606","CLJRep 1986 606.pdf"
,"CLJRep_1986_627","CLJRep 1986 627.pdf"
,"CLJRep_1986_630","CLJRep 1986 630.pdf"
,"CLJRep_1986_633","CLJRep 1986 633.pdf"
,"CLJRep_1986_636","CLJRep 1986 636.pdf"
,"CLJRep_1986_64","CLJRep 1986 64.pdf"
,"CLJRep_1986_645","CLJRep 1986 645.pdf"
,"CLJRep_1986_649","CLJRep 1986 649.pdf"
,"CLJRep_1986_652","CLJRep 1986 652.pdf"
,"CLJRep_1986_657","CLJRep 1986 657.pdf"
,"CLJRep_1986_659","CLJRep 1986 659.pdf"
,"CLJRep_1986_663","CLJRep 1986 663.pdf"
,"CLJRep_1986_667","CLJRep 1986 667.pdf"
,"CLJRep_1986_669","CLJRep 1986 669.pdf"
,"CLJRep_1986_673","CLJRep 1986 673.pdf"
,"CLJRep_1986_682","CLJRep 1986 682.pdf"
,"CLJRep_1986_689","CLJRep 1986 689.pdf"
,"CLJRep_1986_691","CLJRep 1986 691.pdf"
,"CLJRep_1986_694","CLJRep 1986 694.pdf"
,"CLJRep_1986_697","CLJRep 1986 697.pdf"
,"CLJRep_1986_709","CLJRep 1986 709.pdf"
,"CLJRep_1986_713","CLJRep 1986 713.pdf"
,"CLJRep_1986_716","CLJRep 1986 716.pdf"
,"CLJRep_1986_719","CLJRep 1986 719.pdf"
,"CLJRep_1986_723","CLJRep 1986 723.pdf"
,"CLJRep_1986_729","CLJRep 1986 729.pdf"
,"CLJRep_1986_73","CLJRep 1986 73.pdf"
,"CLJRep_1986_732","CLJRep 1986 732.pdf"
,"CLJRep_1986_736","CLJRep 1986 736.pdf"
,"CLJRep_1986_746","CLJRep 1986 746.pdf"
,"CLJRep_1986_752","CLJRep 1986 752.pdf"
,"CLJRep_1986_756","CLJRep 1986 756.pdf"
,"CLJRep_1986_761","CLJRep 1986 761.pdf"
,"CLJRep_1986_763","CLJRep 1986 763.pdf"
,"CLJRep_1986_77","CLJRep 1986 77.pdf"
,"CLJRep_1986_775","CLJRep 1986 775.pdf"
,"CLJRep_1986_781","CLJRep 1986 781.pdf"
,"CLJRep_1986_790","CLJRep 1986 790.pdf"
,"CLJRep_1986_795","CLJRep 1986 795.pdf"
,"CLJRep_1986_80","CLJRep 1986 80.pdf"
,"CLJRep_1986_805","CLJRep 1986 805.pdf"
,"CLJRep_1986_813","CLJRep 1986 813.pdf"
,"CLJRep_1986_815","CLJRep 1986 815.pdf"
,"CLJRep_1986_819","CLJRep 1986 819.pdf"
,"CLJRep_1986_827","CLJRep 1986 827.pdf"
,"CLJRep_1986_832","CLJRep 1986 832.pdf"
,"CLJRep_1986_838","CLJRep 1986 838.pdf"
,"CLJRep_1986_84","CLJRep 1986 84.pdf"
,"CLJRep_1986_841","CLJRep 1986 841.pdf"
,"CLJRep_1986_847","CLJRep 1986 847.pdf"
,"CLJRep_1986_851","CLJRep 1986 851.pdf"
,"CLJRep_1986_89","CLJRep 1986 89.pdf"
cljrep_1987,"CLJRep_1987_1","CLJRep 1987 1.pdf","Current Law Journal Reprint, 1987",[1987],texts,opensource
,"CLJRep_1987_1001","CLJRep 1987 1001.pdf"
,"CLJRep_1987_1005","CLJRep 1987 1005.pdf"
,"CLJRep_1987_1008","CLJRep 1987 1008.pdf"
,"CLJRep_1987_1012","CLJRep 1987 1012.pdf"
,"CLJRep_1987_1014","CLJRep 1987 1014.pdf"
,"CLJRep_1987_1018","CLJRep 1987 1018.pdf"
,"CLJRep_1987_102","CLJRep 1987 102.pdf"
,"CLJRep_1987_1024","CLJRep 1987 1024.pdf"
,"CLJRep_1987_1031","CLJRep 1987 1031.pdf"
,"CLJRep_1987_1037","CLJRep 1987 1037.pdf"
,"CLJRep_1987_1040","CLJRep 1987 1040.pdf"
,"CLJRep_1987_1045","CLJRep 1987 1045.pdf"
,"CLJRep_1987_1048","CLJRep 1987 1048.pdf"
,"CLJRep_1987_105","CLJRep 1987 105.pdf"
,"CLJRep_1987_1052","CLJRep 1987 1052.pdf"
,"CLJRep_1987_1059","CLJRep 1987 1059.pdf"
,"CLJRep_1987_1062","CLJRep 1987 1062.pdf"
,"CLJRep_1987_1065","CLJRep 1987 1065.pdf"
,"CLJRep_1987_1069","CLJRep 1987 1069.pdf"
,"CLJRep_1987_1074","CLJRep 1987 1074.pdf"
,"CLJRep_1987_1077","CLJRep 1987 1077.pdf"
,"CLJRep_1987_1081","CLJRep 1987 1081.pdf"
,"CLJRep_1987_1083","CLJRep 1987 1083.pdf"
,"CLJRep_1987_1090","CLJRep 1987 1090.pdf"
,"CLJRep_1987_1097","CLJRep 1987 1097.pdf"
,"CLJRep_1987_110","CLJRep 1987 110.pdf"
,"CLJRep_1987_1104","CLJRep 1987 1104.pdf"
,"CLJRep_1987_1110","CLJRep 1987 1110.pdf"
,"CLJRep_1987_1113","CLJRep 1987 1113.pdf"
,"CLJRep_1987_1124","CLJRep 1987 1124.pdf"
,"CLJRep_1987_12","CLJRep 1987 12.pdf"
,"CLJRep_1987_120","CLJRep 1987 120.pdf"
,"CLJRep_1987_126","CLJRep 1987 126.pdf"
,"CLJRep_1987_136","CLJRep 1987 136.pdf"
,"CLJRep_1987_139","CLJRep 1987 139.pdf"
,"CLJRep_1987_145","CLJRep 1987 145.pdf"
,"CLJRep_1987_151","CLJRep 1987 151.pdf"
,"CLJRep_1987_157","CLJRep 1987 157.pdf"
,"CLJRep_1987_160","CLJRep 1987 160.pdf"
,"CLJRep_1987_163","CLJRep 1987 163.pdf"
,"CLJRep_1987_168","CLJRep 1987 168.pdf"
,"CLJRep_1987_170","CLJRep 1987 170.pdf"
,"CLJRep_1987_172","CLJRep 1987 172.pdf"
,"CLJRep_1987_179","CLJRep 1987 179.pdf"
,"CLJRep_1987_18","CLJRep 1987 18.pdf"
,"CLJRep_1987_182","CLJRep 1987 182.pdf"
,"CLJRep_1987_185","CLJRep 1987 185.pdf"
,"CLJRep_1987_196","CLJRep 1987 196.pdf"
,"CLJRep_1987_202","CLJRep 1987 202.pdf"
,"CLJRep_1987_209","CLJRep 1987 209.pdf"
,"CLJRep_1987_217","CLJRep 1987 217.pdf"
,"CLJRep_1987_219","CLJRep 1987 219.pdf"
,"CLJRep_1987_221","CLJRep 1987 221.pdf"
,"CLJRep_1987_230","CLJRep 1987 230.pdf"
,"CLJRep_1987_24","CLJRep 1987 24.pdf"
,"CLJRep_1987_241","CLJRep 1987 241.pdf"
,"CLJRep_1987_254","CLJRep 1987 254.pdf"
,"CLJRep_1987_257","CLJRep 1987 257.pdf"
,"CLJRep_1987_261","CLJRep 1987 261.pdf"
,"CLJRep_1987_275","CLJRep 1987 275.pdf"
,"CLJRep_1987_279","CLJRep 1987 279.pdf"
,"CLJRep_1987_284","CLJRep 1987 284.pdf"
,"CLJRep_1987_29","CLJRep 1987 29.pdf"
,"CLJRep_1987_305","CLJRep 1987 305.pdf"
,"CLJRep_1987_310","CLJRep 1987 310.pdf"
,"CLJRep_1987_314","CLJRep 1987 314.pdf"
,"CLJRep_1987_318","CLJRep 1987 318.pdf"
,"CLJRep_1987_322","CLJRep 1987 322.pdf"
,"CLJRep_1987_329","CLJRep 1987 329.pdf"
,"CLJRep_1987_336","CLJRep 1987 336.pdf"
,"CLJRep_1987_34","CLJRep 1987 34.pdf"
,"CLJRep_1987_345","CLJRep 1987 345.pdf"
,"CLJRep_1987_349","CLJRep 1987 349.pdf"
,"CLJRep_1987_353","CLJRep 1987 353.pdf"
,"CLJRep_1987_362","CLJRep 1987 362.pdf"
,"CLJRep_1987_368","CLJRep 1987 368.pdf"
,"CLJRep_1987_37","CLJRep 1987 37.pdf"
,"CLJRep_1987_380","CLJRep 1987 380.pdf"
,"CLJRep_1987_386","CLJRep 1987 386.pdf"
,"CLJRep_1987_390","CLJRep 1987 390.pdf"
,"CLJRep_1987_393","CLJRep 1987 393.pdf"
,"CLJRep_1987_396","CLJRep 1987 396.pdf"
,"CLJRep_1987_40","CLJRep 1987 40.pdf"
,"CLJRep_1987_400","CLJRep 1987 400.pdf"
,"CLJRep_1987_404","CLJRep 1987 404.pdf"
,"CLJRep_1987_419","CLJRep 1987 419.pdf"
,"CLJRep_1987_423","CLJRep 1987 423.pdf"
,"CLJRep_1987_431","CLJRep 1987 431.pdf"
,"CLJRep_1987_437","CLJRep 1987 437.pdf"
,"CLJRep_1987_44","CLJRep 1987 44.pdf"
,"CLJRep_1987_458","CLJRep 1987 458.pdf"
,"CLJRep_1987_464","CLJRep 1987 464.pdf"
,"CLJRep_1987_468","CLJRep 1987 468.pdf"
,"CLJRep_1987_472","CLJRep 1987 472.pdf"
,"CLJRep_1987_486","CLJRep 1987 486.pdf"
,"CLJRep_1987_489","CLJRep 1987 489.pdf"
,"CLJRep_1987_492","CLJRep 1987 492.pdf"
,"CLJRep_1987_498","CLJRep 1987 498.pdf"
,"CLJRep_1987_50","CLJRep 1987 50.pdf"
,"CLJRep_1987_504","CLJRep 1987 504.pdf"
,"CLJRep_1987_508","CLJRep 1987 508.pdf"
,"CLJRep_1987_511","CLJRep 1987 511.pdf"
,"CLJRep_1987_518","CLJRep 1987 518.pdf"
,"CLJRep_1987_523","CLJRep 1987 523.pdf"
,"CLJRep_1987_527","CLJRep 1987 527.pdf"
,"CLJRep_1987_531","CLJRep 1987 531.pdf"
,"CLJRep_1987_536","CLJRep 1987 536.pdf"
,"CLJRep_1987_538","CLJRep 1987 538.pdf"
,"CLJRep_1987_541","CLJRep 1987 541.pdf"
,"CLJRep_1987_546","CLJRep 1987 546.pdf"
,"CLJRep_1987_552","CLJRep 1987 552.pdf"
,"CLJRep_1987_558","CLJRep 1987 558.pdf"
,"CLJRep_1987_562","CLJRep 1987 562.pdf"
,"CLJRep_1987_566","CLJRep 1987 566.pdf"
,"CLJRep_1987_569","CLJRep 1987 569.pdf"
,"CLJRep_1987_573","CLJRep 1987 573.pdf"
,"CLJRep_1987_576","CLJRep 1987 576.pdf"
,"CLJRep_1987_579","CLJRep 1987 579.pdf"
,"CLJRep_1987_591","CLJRep 1987 591.pdf"
,"CLJRep_1987_593","CLJRep 1987 593.pdf"
,"CLJRep_1987_596","CLJRep 1987 596.pdf"
,"CLJRep_1987_599","CLJRep 1987 599.pdf"
,"CLJRep_1987_6","CLJRep 1987 6.pdf"
,"CLJRep_1987_602","CLJRep 1987 602.pdf"
,"CLJRep_1987_605","CLJRep 1987 605.pdf"
,"CLJRep_1987_608","CLJRep 1987 608.pdf"
,"CLJRep_1987_618","CLJRep 1987 618.pdf"
,"CLJRep_1987_623","CLJRep 1987 623.pdf"
,"CLJRep_1987_628","CLJRep 1987 628.pdf"
,"CLJRep_1987_634","CLJRep 1987 634.pdf"
,"CLJRep_1987_640","CLJRep 1987 640.pdf"
,"CLJRep_1987_646","CLJRep 1987 646.pdf"
,"CLJRep_1987_653","CLJRep 1987 653.pdf"
,"CLJRep_1987_656","CLJRep 1987 656.pdf"
,"CLJRep_1987_659","CLJRep 1987 659.pdf"
,"CLJRep_1987_662","CLJRep 1987 662.pdf"
,"CLJRep_1987_667","CLJRep 1987 667.pdf"
,"CLJRep_1987_671","CLJRep 1987 671.pdf"
,"CLJRep_1987_674","CLJRep 1987 674.pdf"
,"CLJRep_1987_680","CLJRep 1987 680.pdf"
,"CLJRep_1987_686","CLJRep 1987 686.pdf"
,"CLJRep_1987_693","CLJRep 1987 693.pdf"
,"CLJRep_1987_70","CLJRep 1987 70.pdf"
,"CLJRep_1987_700","CLJRep 1987 700.pdf"
,"CLJRep_1987_704","CLJRep 1987 704.pdf"
,"CLJRep_1987_709","CLJRep 1987 709.pdf"
,"CLJRep_1987_714","CLJRep 1987 714.pdf"
,"CLJRep_1987_717","CLJRep 1987 717.pdf"
,"CLJRep_1987_722","CLJRep 1987 722.pdf"
,"CLJRep_1987_742","CLJRep 1987 742.pdf"
,"CLJRep_1987_747","CLJRep 1987 747.pdf"
,"CLJRep_1987_760","CLJRep 1987 760.pdf"
,"CLJRep_1987_770","CLJRep 1987 770.pdf"
,"CLJRep_1987_772","CLJRep 1987 772.pdf"
,"CLJRep_1987_779","CLJRep 1987 779.pdf"
,"CLJRep_1987_78","CLJRep 1987 78.pdf"
,"CLJRep_1987_782","CLJRep 1987 782.pdf"
,"CLJRep_1987_786","CLJRep 1987 786.pdf"
,"CLJRep_1987_791","CLJRep 1987 791.pdf"
,"CLJRep_1987_799","CLJRep 1987 799.pdf"
,"CLJRep_1987_803","CLJRep 1987 803.pdf"
,"CLJRep_1987_807","CLJRep 1987 807.pdf"
,"CLJRep_1987_81","CLJRep 1987 81.pdf"
,"CLJRep_1987_811","CLJRep 1987 811.pdf"
,"CLJRep_1987_814","CLJRep 1987 814.pdf"
,"CLJRep_1987_816","CLJRep 1987 816.pdf"
,"CLJRep_1987_821","CLJRep 1987 821.pdf"
,"CLJRep_1987_823","CLJRep 1987 823.pdf"
,"CLJRep_1987_826","CLJRep 1987 826.pdf"
,"CLJRep_1987_830","CLJRep 1987 830.pdf"
,"CLJRep_1987_834","CLJRep 1987 834.pdf"
,"CLJRep_1987_839","CLJRep 1987 839.pdf"
,"CLJRep_1987_842","CLJRep 1987 842.pdf"
,"CLJRep_1987_847","CLJRep 1987 847.pdf"
,"CLJRep_1987_850","CLJRep 1987 850.pdf"
,"CLJRep_1987_853","CLJRep 1987 853.pdf"
,"CLJRep_1987_859","CLJRep 1987 859.pdf"
,"CLJRep_1987_86","CLJRep 1987 86.pdf"
,"CLJRep_1987_865","CLJRep 1987 865.pdf"
,"CLJRep_1987_872","CLJRep 1987 872.pdf"
,"CLJRep_1987_883","CLJRep 1987 883.pdf"
,"CLJRep_1987_889","CLJRep 1987 889.pdf"
,"CLJRep_1987_908","CLJRep 1987 908.pdf"
,"CLJRep_1987_914","CLJRep 1987 914.pdf"
,"CLJRep_1987_918","CLJRep 1987 918.pdf"
,"CLJRep_1987_92","CLJRep 1987 92.pdf"
,"CLJRep_1987_924","CLJRep 1987 924.pdf"
,"CLJRep_1987_928","CLJRep 1987 928.pdf"
,"CLJRep_1987_936","CLJRep 1987 936.pdf"
,"CLJRep_1987_943","CLJRep 1987 943.pdf"
,"CLJRep_1987_95","CLJRep 1987 95.pdf"
,"CLJRep_1987_951","CLJRep 1987 951.pdf"
,"CLJRep_1987_955","CLJRep 1987 955.pdf"
,"CLJRep_1987_960","CLJRep 1987 960.pdf"
,"CLJRep_1987_964","CLJRep 1987 964.pdf"
,"CLJRep_1987_967","CLJRep 1987 967.pdf"
,"CLJRep_1987_974","CLJRep 1987 974.pdf"
,"CLJRep_1987_984","CLJRep 1987 984.pdf"
,"CLJRep_1987_988","CLJRep 1987 988.pdf"
,"CLJRep_1987_993","CLJRep 1987 993.pdf"
,"CLJRep_1987_997","CLJRep 1987 997.pdf"
cljrep_1988_1,"CLJ_1988_1_729","CLJRep 1988 1 729.pdf","Current Law Journal Reprint, 1988, Volume 1",[1988],texts,opensource
,"CLJRep_1988_1_1","CLJRep 1988 1 1.pdf"
,"CLJRep_1988_1_108","CLJRep 1988 1 108.pdf"
,"CLJRep_1988_1_113","CLJRep 1988 1 113.pdf"
,"CLJRep_1988_1_116","CLJRep 1988 1 116.pdf"
,"CLJRep_1988_1_125","CLJRep 1988 1 125.pdf"
,"CLJRep_1988_1_128","CLJRep 1988 1 128.pdf"
,"CLJRep_1988_1_135","CLJRep 1988 1 135.pdf"
,"CLJRep_1988_1_142","CLJRep 1988 1 142.pdf"
,"CLJRep_1988_1_145","CLJRep 1988 1 145.pdf"
,"CLJRep_1988_1_152","CLJRep 1988 1 152.pdf"
,"CLJRep_1988_1_156","CLJRep 1988 1 156.pdf"
,"CLJRep_1988_1_162","CLJRep 1988 1 162.pdf"
,"CLJRep_1988_1_168","CLJRep 1988 1 168.pdf"
,"CLJRep_1988_1_17","CLJRep 1988 1 17.pdf"
,"CLJRep_1988_1_183","CLJRep 1988 1 183.pdf"
,"CLJRep_1988_1_190","CLJRep 1988 1 190.pdf"
,"CLJRep_1988_1_193","CLJRep 1988 1 193.pdf"
,"CLJRep_1988_1_197","CLJRep 1988 1 197.pdf"
,"CLJRep_1988_1_21","CLJRep 1988 1 21.pdf"
,"CLJRep_1988_1_216","CLJRep 1988 1 216.pdf"
,"CLJRep_1988_1_224","CLJRep 1988 1 224.pdf"
,"CLJRep_1988_1_229","CLJRep 1988 1 229.pdf"
,"CLJRep_1988_1_233","CLJRep 1988 1 233.pdf"
,"CLJRep_1988_1_244","CLJRep 1988 1 244.pdf"
,"CLJRep_1988_1_249","CLJRep 1988 1 249.pdf"
,"CLJRep_1988_1_25","CLJRep 1988 1 25.pdf"
,"CLJRep_1988_1_258","CLJRep 1988 1 258.pdf"
,"CLJRep_1988_1_261","CLJRep 1988 1 261.pdf"
,"CLJRep_1988_1_265","CLJRep 1988 1 265.pdf"
,"CLJRep_1988_1_269","CLJRep 1988 1 269.pdf"
,"CLJRep_1988_1_272","CLJRep 1988 1 272.pdf"
,"CLJRep_1988_1_274","CLJRep 1988 1 274.pdf"
,"CLJRep_1988_1_277","CLJRep 1988 1 277.pdf"
,"CLJRep_1988_1_282","CLJRep 1988 1 282.pdf"
,"CLJRep_1988_1_287","CLJRep 1988 1 287.pdf"
,"CLJRep_1988_1_294","CLJRep 1988 1 294.pdf"
,"CLJRep_1988_1_298","CLJRep 1988 1 298.pdf"
,"CLJRep_1988_1_30","CLJRep 1988 1 30.pdf"
,"CLJRep_1988_1_305","CLJRep 1988 1 305.pdf"
,"CLJRep_1988_1_309","CLJRep 1988 1 309.pdf"
,"CLJRep_1988_1_313","CLJRep 1988 1 313.pdf"
,"CLJRep_1988_1_317","CLJRep 1988 1 317.pdf"
,"CLJRep_1988_1_329","CLJRep 1988 1 329.pdf"
,"CLJRep_1988_1_332","CLJRep 1988 1 332.pdf"
,"CLJRep_1988_1_34","CLJRep 1988 1 34.pdf"
,"CLJRep_1988_1_348","CLJRep 1988 1 348.pdf"
,"CLJRep_1988_1_351","CLJRep 1988 1 351.pdf"
,"CLJRep_1988_1_358","CLJRep 1988 1 358.pdf"
,"CLJRep_1988_1_361","CLJRep 1988 1 361.pdf"
,"CLJRep_1988_1_365","CLJRep 1988 1 365.pdf"
,"CLJRep_1988_1_369","CLJRep 1988 1 369.pdf"
,"CLJRep_1988_1_372","CLJRep 1988 1 372.pdf"
,"CLJRep_1988_1_378","CLJRep 1988 1 378.pdf"
,"CLJRep_1988_1_384","CLJRep 1988 1 384.pdf"
,"CLJRep_1988_1_388","CLJRep 1988 1 388.pdf"
,"CLJRep_1988_1_39","CLJRep 1988 1 39.pdf"
,"CLJRep_1988_1_394","CLJRep 1988 1 394.pdf"
,"CLJRep_1988_1_401","CLJRep 1988 1 401.pdf"
,"CLJRep_1988_1_406","CLJRep 1988 1 406.pdf"
,"CLJRep_1988_1_410","CLJRep 1988 1 410.pdf"
,"CLJRep_1988_1_420","CLJRep 1988 1 420.pdf"
,"CLJRep_1988_1_424","CLJRep 1988 1 424.pdf"
,"CLJRep_1988_1_428","CLJRep 1988 1 428.pdf"
,"CLJRep_1988_1_432","CLJRep 1988 1 432.pdf"
,"CLJRep_1988_1_435","CLJRep 1988 1 435.pdf"
,"CLJRep_1988_1_453","CLJRep 1988 1 453.pdf"
,"CLJRep_1988_1_457","CLJRep 1988 1 457.pdf"
,"CLJRep_1988_1_463","CLJRep 1988 1 463.pdf"
,"CLJRep_1988_1_47","CLJRep 1988 1 47.pdf"
,"CLJRep_1988_1_473","CLJRep 1988 1 473.pdf"
,"CLJRep_1988_1_480","CLJRep 1988 1 480.pdf"
,"CLJRep_1988_1_487","CLJRep 1988 1 487.pdf"
,"CLJRep_1988_1_489","CLJRep 1988 1 489.pdf"
,"CLJRep_1988_1_493","CLJRep 1988 1 493.pdf"
,"CLJRep_1988_1_498","CLJRep 1988 1 498.pdf"
,"CLJRep_1988_1_5","CLJRep 1988 1 5.pdf"
,"CLJRep_1988_1_50","CLJRep 1988 1 50.pdf"
,"CLJRep_1988_1_503","CLJRep 1988 1 503.pdf"
,"CLJRep_1988_1_508","CLJRep 1988 1 508.pdf"
,"CLJRep_1988_1_524","CLJRep 1988 1 524.pdf"
,"CLJRep_1988_1_534","CLJRep 1988 1 534.pdf"
,"CLJRep_1988_1_540","CLJRep 1988 1 540.pdf"
,"CLJRep_1988_1_545","CLJRep 1988 1 545.pdf"
,"CLJRep_1988_1_548","CLJRep 1988 1 548.pdf"
,"CLJRep_1988_1_550","CLJRep 1988 1 550.pdf"
,"CLJRep_1988_1_56","CLJRep 1988 1 56.pdf"
,"CLJRep_1988_1_562","CLJRep 1988 1 562.pdf"
,"CLJRep_1988_1_571","CLJRep 1988 1 571.pdf"
,"CLJRep_1988_1_579","CLJRep 1988 1 579.pdf"
,"CLJRep_1988_1_583","CLJRep 1988 1 583.pdf"
,"CLJRep_1988_1_587","CLJRep 1988 1 587.pdf"
,"CLJRep_1988_1_593","CLJRep 1988 1 593.pdf"
,"CLJRep_1988_1_597","CLJRep 1988 1 597.pdf"
,"CLJRep_1988_1_606","CLJRep 1988 1 606.pdf"
,"CLJRep_1988_1_613","CLJRep 1988 1 613.pdf"
,"CLJRep_1988_1_618","CLJRep 1988 1 618.pdf"
,"CLJRep_1988_1_622","CLJRep 1988 1 622.pdf"
,"CLJRep_1988_1_626","CLJRep 1988 1 626.pdf"
,"CLJRep_1988_1_63","CLJRep 1988 1 63.pdf"
,"CLJRep_1988_1_632","CLJRep 1988 1 632.pdf"
,"CLJRep_1988_1_645","CLJRep 1988 1 645.pdf"
,"CLJRep_1988_1_654","CLJRep 1988 1 654.pdf"
,"CLJRep_1988_1_666","CLJRep 1988 1 666.pdf"
,"CLJRep_1988_1_669","CLJRep 1988 1 669.pdf"
,"CLJRep_1988_1_673","CLJRep 1988 1 673.pdf"
,"CLJRep_1988_1_678","CLJRep 1988 1 678.pdf"
,"CLJRep_1988_1_685","CLJRep 1988 1 685.pdf"
,"CLJRep_1988_1_689","CLJRep 1988 1 689.pdf"
,"CLJRep_1988_1_693","CLJRep 1988 1 693.pdf"
,"CLJRep_1988_1_711","CLJRep 1988 1 711.pdf"
,"CLJRep_1988_1_717","CLJRep 1988 1 717.pdf"
,"CLJRep_1988_1_724","CLJRep 1988 1 724.pdf"
,"CLJRep_1988_1_737","CLJRep 1988 1 737.pdf"
,"CLJRep_1988_1_741","CLJRep 1988 1 741.pdf"
,"CLJRep_1988_1_744","CLJRep 1988 1 744.pdf"
,"CLJRep_1988_1_749","CLJRep 1988 1 749.pdf"
,"CLJRep_1988_1_755","CLJRep 1988 1 755.pdf"
,"CLJRep_1988_1_762","CLJRep 1988 1 762.pdf"
,"CLJRep_1988_1_770","CLJRep 1988 1 770.pdf"
,"CLJRep_1988_1_786","CLJRep 1988 1 786.pdf"
,"CLJRep_1988_1_793","CLJRep 1988 1 793.pdf"
,"CLJRep_1988_1_796","CLJRep 1988 1 796.pdf"
,"CLJRep_1988_1_8","CLJRep 1988 1 8.pdf"

cljrep_1988_2,"CLJRep_1988_2_1","CLJRep 1988 2 1.pdf","Current Law Journal Reprint, 1988, Volume 2",[1988],texts,opensource
,"CLJRep_1988_2_104","CLJRep 1988 2 104.pdf"
,"CLJRep_1988_2_107","CLJRep 1988 2 107.pdf"
,"CLJRep_1988_2_112","CLJRep 1988 2 112.pdf"
,"CLJRep_1988_2_116","CLJRep 1988 2 116.pdf"
,"CLJRep_1988_2_120","CLJRep 1988 2 120.pdf"
,"CLJRep_1988_2_125","CLJRep 1988 2 125.pdf"
,"CLJRep_1988_2_134","CLJRep 1988 2 134.pdf"
,"CLJRep_1988_2_142","CLJRep 1988 2 142.pdf"
,"CLJRep_1988_2_144","CLJRep 1988 2 144.pdf"
,"CLJRep_1988_2_149","CLJRep 1988 2 149.pdf"
,"CLJRep_1988_2_15","CLJRep 1988 2 15.pdf"
,"CLJRep_1988_2_155","CLJRep 1988 2 155.pdf"
,"CLJRep_1988_2_163","CLJRep 1988 2 163.pdf"
,"CLJRep_1988_2_166","CLJRep 1988 2 166.pdf"
,"CLJRep_1988_2_170","CLJRep 1988 2 170.pdf"
,"CLJRep_1988_2_179","CLJRep 1988 2 179.pdf"
,"CLJRep_1988_2_182","CLJRep 1988 2 182.pdf"
,"CLJRep_1988_2_186","CLJRep 1988 2 186.pdf"
,"CLJRep_1988_2_198","CLJRep 1988 2 198.pdf"
,"CLJRep_1988_2_20","CLJRep 1988 2 20.pdf"
,"CLJRep_1988_2_206","CLJRep 1988 2 206.pdf"
,"CLJRep_1988_2_222","CLJRep 1988 2 222.pdf"
,"CLJRep_1988_2_227","CLJRep 1988 2 227.pdf"
,"CLJRep_1988_2_232","CLJRep 1988 2 232.pdf"
,"CLJRep_1988_2_240","CLJRep 1988 2 240.pdf"
,"CLJRep_1988_2_25","CLJRep 1988 2 25.pdf"
,"CLJRep_1988_2_251","CLJRep 1988 2 251.pdf"
,"CLJRep_1988_2_256","CLJRep 1988 2 256.pdf"
,"CLJRep_1988_2_263","CLJRep 1988 2 263.pdf"
,"CLJRep_1988_2_268","CLJRep 1988 2 268.pdf"
,"CLJRep_1988_2_270","CLJRep 1988 2 270.pdf"
,"CLJRep_1988_2_278","CLJRep 1988 2 278.pdf"
,"CLJRep_1988_2_281","CLJRep 1988 2 281.pdf"
,"CLJRep_1988_2_290","CLJRep 1988 2 290.pdf"
,"CLJRep_1988_2_30","CLJRep 1988 2 30.pdf"
,"CLJRep_1988_2_310","CLJRep 1988 2 310.pdf"
,"CLJRep_1988_2_318","CLJRep 1988 2 318.pdf"
,"CLJRep_1988_2_329","CLJRep 1988 2 329.pdf"
,"CLJRep_1988_2_334","CLJRep 1988 2 334.pdf"
,"CLJRep_1988_2_34","CLJRep 1988 2 34.pdf"
,"CLJRep_1988_2_345","CLJRep 1988 2 345.pdf"
,"CLJRep_1988_2_352","CLJRep 1988 2 352.pdf"
,"CLJRep_1988_2_366","CLJRep 1988 2 366.pdf"
,"CLJRep_1988_2_375","CLJRep 1988 2 375.pdf"
,"CLJRep_1988_2_378","CLJRep 1988 2 378.pdf"
,"CLJRep_1988_2_38","CLJRep 1988 2 38.pdf"
,"CLJRep_1988_2_382","CLJRep 1988 2 382.pdf"
,"CLJRep_1988_2_388","CLJRep 1988 2 388.pdf"
,"CLJRep_1988_2_390","CLJRep 1988 2 390.pdf"
,"CLJRep_1988_2_398","CLJRep 1988 2 398.pdf"
,"CLJRep_1988_2_40","CLJRep 1988 2 40.pdf"
,"CLJRep_1988_2_401","CLJRep 1988 2 401.pdf"
,"CLJRep_1988_2_407","CLJRep 1988 2 407.pdf"
,"CLJRep_1988_2_411","CLJRep 1988 2 411.pdf"
,"CLJRep_1988_2_415","CLJRep 1988 2 415.pdf"
,"CLJRep_1988_2_419","CLJRep 1988 2 419.pdf"
,"CLJRep_1988_2_423","CLJRep 1988 2 423.pdf"
,"CLJRep_1988_2_431","CLJRep 1988 2 431.pdf"
,"CLJRep_1988_2_435","CLJRep 1988 2 435.pdf"
,"CLJRep_1988_2_438","CLJRep 1988 2 438.pdf"
,"CLJRep_1988_2_441","CLJRep 1988 2 441.pdf"
,"CLJRep_1988_2_446","CLJRep 1988 2 446.pdf"
,"CLJRep_1988_2_451","CLJRep 1988 2 451.pdf"
,"CLJRep_1988_2_455","CLJRep 1988 2 455.pdf"
,"CLJRep_1988_2_461","CLJRep 1988 2 461.pdf"
,"CLJRep_1988_2_465","CLJRep 1988 2 465.pdf"
,"CLJRep_1988_2_469","CLJRep 1988 2 469.pdf"
,"CLJRep_1988_2_474","CLJRep 1988 2 474.pdf"
,"CLJRep_1988_2_480","CLJRep 1988 2 480.pdf"
,"CLJRep_1988_2_5","CLJRep 1988 2 5.pdf"
,"CLJRep_1988_2_50","CLJRep 1988 2 50.pdf"
,"CLJRep_1988_2_500","CLJRep 1988 2 500.pdf"
,"CLJRep_1988_2_502","CLJRep 1988 2 502.pdf"
,"CLJRep_1988_2_511","CLJRep 1988 2 511.pdf"
,"CLJRep_1988_2_522","CLJRep 1988 2 522.pdf"
,"CLJRep_1988_2_526","CLJRep 1988 2 526.pdf"
,"CLJRep_1988_2_533","CLJRep 1988 2 533.pdf"
,"CLJRep_1988_2_536","CLJRep 1988 2 536.pdf"
,"CLJRep_1988_2_543","CLJRep 1988 2 543.pdf"
,"CLJRep_1988_2_555","CLJRep 1988 2 555.pdf"
,"CLJRep_1988_2_56","CLJRep 1988 2 56.pdf"
,"CLJRep_1988_2_560","CLJRep 1988 2 560.pdf"
,"CLJRep_1988_2_564","CLJRep 1988 2 564.pdf"
,"CLJRep_1988_2_569","CLJRep 1988 2 569.pdf"
,"CLJRep_1988_2_575","CLJRep 1988 2 575.pdf"
,"CLJRep_1988_2_581","CLJRep 1988 2 581.pdf"
,"CLJRep_1988_2_593","CLJRep 1988 2 593.pdf"
,"CLJRep_1988_2_599","CLJRep 1988 2 599.pdf"
,"CLJRep_1988_2_60","CLJRep 1988 2 60.pdf"
,"CLJRep_1988_2_605","CLJRep 1988 2 605.pdf"
,"CLJRep_1988_2_616","CLJRep 1988 2 616.pdf"
,"CLJRep_1988_2_625","CLJRep 1988 2 625.pdf"
,"CLJRep_1988_2_63","CLJRep 1988 2 63.pdf"
,"CLJRep_1988_2_630","CLJRep 1988 2 630.pdf"
,"CLJRep_1988_2_635","CLJRep 1988 2 635.pdf"
,"CLJRep_1988_2_639","CLJRep 1988 2 639.pdf"
,"CLJRep_1988_2_643","CLJRep 1988 2 643.pdf"
,"CLJRep_1988_2_651","CLJRep 1988 2 651.pdf"
,"CLJRep_1988_2_665","CLJRep 1988 2 665.pdf"
,"CLJRep_1988_2_675","CLJRep 1988 2 675.pdf"
,"CLJRep_1988_2_679","CLJRep 1988 2 679.pdf"
,"CLJRep_1988_2_686","CLJRep 1988 2 686.pdf"
,"CLJRep_1988_2_697","CLJRep 1988 2 697.pdf"
,"CLJRep_1988_2_702","CLJRep 1988 2 702.pdf"
,"CLJRep_1988_2_707","CLJRep 1988 2 707.pdf"
,"CLJRep_1988_2_712","CLJRep 1988 2 712.pdf"
,"CLJRep_1988_2_720","CLJRep 1988 2 720.pdf"
,"CLJRep_1988_2_725","CLJRep 1988 2 725.pdf"
,"CLJRep_1988_2_728","CLJRep 1988 2 728.pdf"
,"CLJRep_1988_2_730","CLJRep 1988 2 730.pdf"
,"CLJRep_1988_2_732","CLJRep 1988 2 732.pdf"
,"CLJRep_1988_2_735","CLJRep 1988 2 735.pdf"
,"CLJRep_1988_2_742","CLJRep 1988 2 742.pdf"
,"CLJRep_1988_2_749","CLJRep 1988 2 749.pdf"
,"CLJRep_1988_2_76","CLJRep 1988 2 76.pdf"
,"CLJRep_1988_2_760","CLJRep 1988 2 760.pdf"
,"CLJRep_1988_2_767","CLJRep 1988 2 767.pdf"
,"CLJRep_1988_2_776","CLJRep 1988 2 776.pdf"
,"CLJRep_1988_2_782","CLJRep 1988 2 782.pdf"
,"CLJRep_1988_2_788","CLJRep 1988 2 788.pdf"
,"CLJRep_1988_2_79","CLJRep 1988 2 79.pdf"
,"CLJRep_1988_2_793","CLJRep 1988 2 793.pdf"
,"CLJRep_1988_2_815","CLJRep 1988 2 815.pdf"
,"CLJRep_1988_2_819","CLJRep 1988 2 819.pdf"
,"CLJRep_1988_2_82","CLJRep 1988 2 82.pdf"
,"CLJRep_1988_2_843","CLJRep 1988 2 843.pdf"
,"CLJRep_1988_2_849","CLJRep 1988 2 849.pdf"
,"CLJRep_1988_2_88","CLJRep 1988 2 88.pdf"
,"CLJRep_1988_2_91","CLJRep 1988 2 91.pdf"
,"CLJRep_1988_2_95","CLJRep 1988 2 95.pdf"
cljrep_1989_1,"CLJRep_1989_1_1","CLJRep 1989 1 1.pdf","Current Law Journal Reprint, 1989, Volume 1",[1989],texts,opensource
,"CLJRep_1989_1_102","CLJRep 1989 1 102.pdf"
,"CLJRep_1989_1_105","CLJRep 1989 1 105.pdf"
,"CLJRep_1989_1_108","CLJRep 1989 1 108.pdf"
,"CLJRep_1989_1_113","CLJRep 1989 1 113.pdf"
,"CLJRep_1989_1_116","CLJRep 1989 1 116.pdf"
,"CLJRep_1989_1_121","CLJRep 1989 1 121.pdf"
,"CLJRep_1989_1_124","CLJRep 1989 1 124.pdf"
,"CLJRep_1989_1_127","CLJRep 1989 1 127.pdf"
,"CLJRep_1989_1_135","CLJRep 1989 1 135.pdf"
,"CLJRep_1989_1_139","CLJRep 1989 1 139.pdf"
,"CLJRep_1989_1_14","CLJRep 1989 1 14.pdf"
,"CLJRep_1989_1_142","CLJRep 1989 1 142.pdf"
,"CLJRep_1989_1_146","CLJRep 1989 1 146.pdf"
,"CLJRep_1989_1_148","CLJRep 1989 1 148.pdf"
,"CLJRep_1989_1_154","CLJRep 1989 1 154.pdf"
,"CLJRep_1989_1_159","CLJRep 1989 1 159.pdf"
,"CLJRep_1989_1_160","CLJRep 1989 1 160.pdf"
,"CLJRep_1989_1_163","CLJRep 1989 1 163.pdf"
,"CLJRep_1989_1_166","CLJRep 1989 1 166.pdf"
,"CLJRep_1989_1_171","CLJRep 1989 1 171.pdf"
,"CLJRep_1989_1_177","CLJRep 1989 1 177.pdf"
,"CLJRep_1989_1_18","CLJRep 1989 1 18.pdf"
,"CLJRep_1989_1_186","CLJRep 1989 1 186.pdf"
,"CLJRep_1989_1_187","CLJRep 1989 1 187.pdf"
,"CLJRep_1989_1_191","CLJRep 1989 1 191.pdf"
,"CLJRep_1989_1_193","CLJRep 1989 1 193.pdf"
,"CLJRep_1989_1_195","CLJRep 1989 1 195.pdf"
,"CLJRep_1989_1_205","CLJRep 1989 1 205.pdf"
,"CLJRep_1989_1_212","CLJRep 1989 1 212.pdf"
,"CLJRep_1989_1_214","CLJRep 1989 1 214.pdf"
,"CLJRep_1989_1_219","CLJRep 1989 1 219.pdf"
,"CLJRep_1989_1_22","CLJRep 1989 1 22.pdf"
,"CLJRep_1989_1_26","CLJRep 1989 1 26.pdf"
,"CLJRep_1989_1_29","CLJRep 1989 1 29.pdf"
,"CLJRep_1989_1_293","CLJRep 1989 1 293.pdf"
,"CLJRep_1989_1_297","CLJRep 1989 1 297.pdf"
,"CLJRep_1989_1_299","CLJRep 1989 1 299.pdf"
,"CLJRep_1989_1_302","CLJRep 1989 1 302.pdf"
,"CLJRep_1989_1_307","CLJRep 1989 1 307.pdf"
,"CLJRep_1989_1_310","CLJRep 1989 1 310.pdf"
,"CLJRep_1989_1_313","CLJRep 1989 1 313.pdf"
,"CLJRep_1989_1_316","CLJRep 1989 1 316.pdf"
,"CLJRep_1989_1_32","CLJRep 1989 1 32.pdf"
,"CLJRep_1989_1_321","CLJRep 1989 1 321.pdf"
,"CLJRep_1989_1_326","CLJRep 1989 1 326.pdf"
,"CLJRep_1989_1_329","CLJRep 1989 1 329.pdf"
,"CLJRep_1989_1_333","CLJRep 1989 1 333.pdf"
,"CLJRep_1989_1_337","CLJRep 1989 1 337.pdf"
,"CLJRep_1989_1_340","CLJRep 1989 1 340.pdf"
,"CLJRep_1989_1_344","CLJRep 1989 1 344.pdf"
,"CLJRep_1989_1_347","CLJRep 1989 1 347.pdf"
,"CLJRep_1989_1_349","CLJRep 1989 1 349.pdf"
,"CLJRep_1989_1_35","CLJRep 1989 1 35.pdf"
,"CLJRep_1989_1_354","CLJRep 1989 1 354.pdf"
,"CLJRep_1989_1_360","CLJRep 1989 1 360.pdf"
,"CLJRep_1989_1_366","CLJRep 1989 1 366.pdf"
,"CLJRep_1989_1_378","CLJRep 1989 1 378.pdf"
,"CLJRep_1989_1_383","CLJRep 1989 1 383.pdf"
,"CLJRep_1989_1_386","CLJRep 1989 1 386.pdf"
,"CLJRep_1989_1_39","CLJRep 1989 1 39.pdf"
,"CLJRep_1989_1_41","CLJRep 1989 1 41.pdf"
,"CLJRep_1989_1_411","CLJRep 1989 1 411.pdf"
,"CLJRep_1989_1_414","CLJRep 1989 1 414.pdf"
,"CLJRep_1989_1_419","CLJRep 1989 1 419.pdf"
,"CLJRep_1989_1_424","CLJRep 1989 1 424.pdf"
,"CLJRep_1989_1_429","CLJRep 1989 1 429.pdf"
,"CLJRep_1989_1_432","CLJRep 1989 1 432.pdf"
,"CLJRep_1989_1_436","CLJRep 1989 1 436.pdf"
,"CLJRep_1989_1_440","CLJRep 1989 1 440.pdf"
,"CLJRep_1989_1_444","CLJRep 1989 1 444.pdf"
,"CLJRep_1989_1_447","CLJRep 1989 1 447.pdf"
,"CLJRep_1989_1_45","CLJRep 1989 1 45.pdf"
,"CLJRep_1989_1_453","CLJRep 1989 1 453.pdf"
,"CLJRep_1989_1_457","CLJRep 1989 1 457.pdf"
,"CLJRep_1989_1_460","CLJRep 1989 1 460.pdf"
,"CLJRep_1989_1_467","CLJRep 1989 1 467.pdf"
,"CLJRep_1989_1_469","CLJRep 1989 1 469.pdf"
,"CLJRep_1989_1_474","CLJRep 1989 1 474.pdf"
,"CLJRep_1989_1_486","CLJRep 1989 1 486.pdf"
,"CLJRep_1989_1_489","CLJRep 1989 1 489.pdf"
,"CLJRep_1989_1_495","CLJRep 1989 1 495.pdf"
,"CLJRep_1989_1_498","CLJRep 1989 1 498.pdf"
,"CLJRep_1989_1_50","CLJRep 1989 1 50.pdf"
,"CLJRep_1989_1_502","CLJRep 1989 1 502.pdf"
,"CLJRep_1989_1_505","CLJRep 1989 1 505.pdf"
,"CLJRep_1989_1_512","CLJRep 1989 1 512.pdf"
,"CLJRep_1989_1_517","CLJRep 1989 1 517.pdf"
,"CLJRep_1989_1_522","CLJRep 1989 1 522.pdf"
,"CLJRep_1989_1_526","CLJRep 1989 1 526.pdf"
,"CLJRep_1989_1_53","CLJRep 1989 1 53.pdf"
,"CLJRep_1989_1_535","CLJRep 1989 1 535.pdf"
,"CLJRep_1989_1_537","CLJRep 1989 1 537.pdf"
,"CLJRep_1989_1_54","CLJRep 1989 1 54.pdf"
,"CLJRep_1989_1_544","CLJRep 1989 1 544.pdf"
,"CLJRep_1989_1_547","CLJRep 1989 1 547.pdf"
,"CLJRep_1989_1_552","CLJRep 1989 1 552.pdf"
,"CLJRep_1989_1_559","CLJRep 1989 1 559.pdf"
,"CLJRep_1989_1_563","CLJRep 1989 1 563.pdf"
,"CLJRep_1989_1_565","CLJRep 1989 1 565.pdf"
,"CLJRep_1989_1_572","CLJRep 1989 1 572.pdf"
,"CLJRep_1989_1_575","CLJRep 1989 1 575.pdf"
,"CLJRep_1989_1_580","CLJRep 1989 1 580.pdf"
,"CLJRep_1989_1_593","CLJRep 1989 1 593.pdf"
,"CLJRep_1989_1_595","CLJRep 1989 1 595.pdf"
,"CLJRep_1989_1_598","CLJRep 1989 1 598.pdf"
,"CLJRep_1989_1_601","CLJRep 1989 1 601.pdf"
,"CLJRep_1989_1_605","CLJRep 1989 1 605.pdf"
,"CLJRep_1989_1_61","CLJRep 1989 1 61.pdf"
,"CLJRep_1989_1_611","CLJRep 1989 1 611.pdf"
,"CLJRep_1989_1_613","CLJRep 1989 1 613.pdf"
,"CLJRep_1989_1_617","CLJRep 1989 1 617.pdf"
,"CLJRep_1989_1_626","CLJRep 1989 1 626.pdf"
,"CLJRep_1989_1_629","CLJRep 1989 1 629.pdf"
,"CLJRep_1989_1_639","CLJRep 1989 1 639.pdf"
,"CLJRep_1989_1_645","CLJRep 1989 1 645.pdf"
,"CLJRep_1989_1_653","CLJRep 1989 1 653.pdf"
,"CLJRep_1989_1_658","CLJRep 1989 1 658.pdf"
,"CLJRep_1989_1_661","CLJRep 1989 1 661.pdf"
,"CLJRep_1989_1_663","CLJRep 1989 1 663.pdf"
,"CLJRep_1989_1_666","CLJRep 1989 1 666.pdf"
,"CLJRep_1989_1_668","CLJRep 1989 1 668.pdf"
,"CLJRep_1989_1_671","CLJRep 1989 1 671.pdf"
,"CLJRep_1989_1_674","CLJRep 1989 1 674.pdf"
,"CLJRep_1989_1_677","CLJRep 1989 1 677.pdf"
,"CLJRep_1989_1_684","CLJRep 1989 1 684.pdf"
,"CLJRep_1989_1_687","CLJRep 1989 1 687.pdf"
,"CLJRep_1989_1_71","CLJRep 1989 1 71.pdf"
,"CLJRep_1989_1_75","CLJRep 1989 1 75.pdf"
,"CLJRep_1989_1_84","CLJRep 1989 1 84.pdf"
,"CLJRep_1989_1_87","CLJRep 1989 1 87.pdf"
,"CLJRep_1989_1_9","CLJRep 1989 1 9.pdf"
,"CLJRep_1989_1_92","CLJRep 1989 1 92.pdf"
,"CLJRep_1989_1_98","CLJRep 1989 1 98.pdf"
cljrep_1989_2,"CLJRep_1989_2_1","CLJRep 1989 2 1.pdf","Current Law Journal Reprint, 1989, Volume 2",[1989],texts,opensource
,"CLJRep_1989_2_1006","CLJRep 1989 2 1006.pdf"
,"CLJRep_1989_2_1015","CLJRep 1989 2 1015.pdf"
,"CLJRep_1989_2_1031","CLJRep 1989 2 1031.pdf"
,"CLJRep_1989_2_1036","CLJRep 1989 2 1036.pdf"
,"CLJRep_1989_2_104","CLJRep 1989 2 104.pdf"
,"CLJRep_1989_2_1040","CLJRep 1989 2 1040.pdf"
,"CLJRep_1989_2_1047","CLJRep 1989 2 1047.pdf"
,"CLJRep_1989_2_1060","CLJRep 1989 2 1060.pdf"
,"CLJRep_1989_2_1067","CLJRep 1989 2 1067.pdf"
,"CLJRep_1989_2_1073","CLJRep 1989 2 1073.pdf"
,"CLJRep_1989_2_1080","CLJRep 1989 2 1080.pdf"
,"CLJRep_1989_2_1087","CLJRep 1989 2 1087.pdf"
,"CLJRep_1989_2_109","CLJRep 1989 2 109.pdf"
,"CLJRep_1989_2_1093","CLJRep 1989 2 1093.pdf"
,"CLJRep_1989_2_1096","CLJRep 1989 2 1096.pdf"
,"CLJRep_1989_2_1099","CLJRep 1989 2 1099.pdf"
,"CLJRep_1989_2_1109","CLJRep 1989 2 1109.pdf"
,"CLJRep_1989_2_1116","CLJRep 1989 2 1116.pdf"
,"CLJRep_1989_2_112","CLJRep 1989 2 112.pdf"
,"CLJRep_1989_2_1120","CLJRep 1989 2 1120.pdf"
,"CLJRep_1989_2_1128","CLJRep 1989 2 1128.pdf"
,"CLJRep_1989_2_114","CLJRep 1989 2 114.pdf"
,"CLJRep_1989_2_117","CLJRep 1989 2 117.pdf"
,"CLJRep_1989_2_125","CLJRep 1989 2 125.pdf"
,"CLJRep_1989_2_129","CLJRep 1989 2 129.pdf"
,"CLJRep_1989_2_13","CLJRep 1989 2 13.pdf"
,"CLJRep_1989_2_133","CLJRep 1989 2 133.pdf"
,"CLJRep_1989_2_139","CLJRep 1989 2 139.pdf"
,"CLJRep_1989_2_145","CLJRep 1989 2 145.pdf"
,"CLJRep_1989_2_151","CLJRep 1989 2 151.pdf"
,"CLJRep_1989_2_153","CLJRep 1989 2 153.pdf"
,"CLJRep_1989_2_160","CLJRep 1989 2 160.pdf"
,"CLJRep_1989_2_165","CLJRep 1989 2 165.pdf"
,"CLJRep_1989_2_170","CLJRep 1989 2 170.pdf"
,"CLJRep_1989_2_175","CLJRep 1989 2 175.pdf"
,"CLJRep_1989_2_181","CLJRep 1989 2 181.pdf"
,"CLJRep_1989_2_186","CLJRep 1989 2 186.pdf"
,"CLJRep_1989_2_192","CLJRep 1989 2 192.pdf"
,"CLJRep_1989_2_194","CLJRep 1989 2 194.pdf"
,"CLJRep_1989_2_198","CLJRep 1989 2 198.pdf"
,"CLJRep_1989_2_202","CLJRep 1989 2 202.pdf"
,"CLJRep_1989_2_206","CLJRep 1989 2 206.pdf"
,"CLJRep_1989_2_208","CLJRep 1989 2 208.pdf"
,"CLJRep_1989_2_211","CLJRep 1989 2 211.pdf"
,"CLJRep_1989_2_215","CLJRep 1989 2 215.pdf"
,"CLJRep_1989_2_221","CLJRep 1989 2 221.pdf"
,"CLJRep_1989_2_224","CLJRep 1989 2 224.pdf"
,"CLJRep_1989_2_235","CLJRep 1989 2 235.pdf"
,"CLJRep_1989_2_239","CLJRep 1989 2 239.pdf"
,"CLJRep_1989_2_24","CLJRep 1989 2 24.pdf"
,"CLJRep_1989_2_242","CLJRep 1989 2 242.pdf"
,"CLJRep_1989_2_246","CLJRep 1989 2 246.pdf"
,"CLJRep_1989_2_248","CLJRep 1989 2 248.pdf"
,"CLJRep_1989_2_252","CLJRep 1989 2 252.pdf"
,"CLJRep_1989_2_258","CLJRep 1989 2 258.pdf"
,"CLJRep_1989_2_268","CLJRep 1989 2 268.pdf"
,"CLJRep_1989_2_27","CLJRep 1989 2 27.pdf"
,"CLJRep_1989_2_272","CLJRep 1989 2 272.pdf"
,"CLJRep_1989_2_275","CLJRep 1989 2 275.pdf"
,"CLJRep_1989_2_279","CLJRep 1989 2 279.pdf"
,"CLJRep_1989_2_281","CLJRep 1989 2 281.pdf"
,"CLJRep_1989_2_283","CLJRep 1989 2 283.pdf"
,"CLJRep_1989_2_289","CLJRep 1989 2 289.pdf"
,"CLJRep_1989_2_297","CLJRep 1989 2 297.pdf"
,"CLJRep_1989_2_300","CLJRep 1989 2 300.pdf"
,"CLJRep_1989_2_311","CLJRep 1989 2 311.pdf"
,"CLJRep_1989_2_314","CLJRep 1989 2 314.pdf"
,"CLJRep_1989_2_320","CLJRep 1989 2 320.pdf"
,"CLJRep_1989_2_326","CLJRep 1989 2 326.pdf"
,"CLJRep_1989_2_333","CLJRep 1989 2 333.pdf"
,"CLJRep_1989_2_34","CLJRep 1989 2 34.pdf"
,"CLJRep_1989_2_341","CLJRep 1989 2 341.pdf"
,"CLJRep_1989_2_345","CLJRep 1989 2 345.pdf"
,"CLJRep_1989_2_358","CLJRep 1989 2 358.pdf"
,"CLJRep_1989_2_361","CLJRep 1989 2 361.pdf"
,"CLJRep_1989_2_364","CLJRep 1989 2 364.pdf"
,"CLJRep_1989_2_377","CLJRep 1989 2 377.pdf"
,"CLJRep_1989_2_380","CLJRep 1989 2 380.pdf"
,"CLJRep_1989_2_391","CLJRep 1989 2 391.pdf"
,"CLJRep_1989_2_395","CLJRep 1989 2 395.pdf"
,"CLJRep_1989_2_397","CLJRep 1989 2 397.pdf"
,"CLJRep_1989_2_40","CLJRep 1989 2 40.pdf"
,"CLJRep_1989_2_404","CLJRep 1989 2 404.pdf"
,"CLJRep_1989_2_414","CLJRep 1989 2 414.pdf"
,"CLJRep_1989_2_426","CLJRep 1989 2 426.pdf"
,"CLJRep_1989_2_432","CLJRep 1989 2 432.pdf"
,"CLJRep_1989_2_435","CLJRep 1989 2 435.pdf"
,"CLJRep_1989_2_44","CLJRep 1989 2 44.pdf"
,"CLJRep_1989_2_440","CLJRep 1989 2 440.pdf"
,"CLJRep_1989_2_444","CLJRep 1989 2 444.pdf"
,"CLJRep_1989_2_447","CLJRep 1989 2 447.pdf"
,"CLJRep_1989_2_457","CLJRep 1989 2 457.pdf"
,"CLJRep_1989_2_467","CLJRep 1989 2 467.pdf"
,"CLJRep_1989_2_469","CLJRep 1989 2 469.pdf"
,"CLJRep_1989_2_472","CLJRep 1989 2 472.pdf"
,"CLJRep_1989_2_475","CLJRep 1989 2 475.pdf"
,"CLJRep_1989_2_481","CLJRep 1989 2 481.pdf"
,"CLJRep_1989_2_488","CLJRep 1989 2 488.pdf"
,"CLJRep_1989_2_496","CLJRep 1989 2 496.pdf"
,"CLJRep_1989_2_5","CLJRep 1989 2 5.pdf"
,"CLJRep_1989_2_500","CLJRep 1989 2 500.pdf"
,"CLJRep_1989_2_510","CLJRep 1989 2 510.pdf"
,"CLJRep_1989_2_512","CLJRep 1989 2 512.pdf"
,"CLJRep_1989_2_519","CLJRep 1989 2 519.pdf"
,"CLJRep_1989_2_52","CLJRep 1989 2 52.pdf"
,"CLJRep_1989_2_526","CLJRep 1989 2 526.pdf"
,"CLJRep_1989_2_532","CLJRep 1989 2 532.pdf"
,"CLJRep_1989_2_540","CLJRep 1989 2 540.pdf"
,"CLJRep_1989_2_543","CLJRep 1989 2 543.pdf"
,"CLJRep_1989_2_546","CLJRep 1989 2 546.pdf"
,"CLJRep_1989_2_550","CLJRep 1989 2 550.pdf"
,"CLJRep_1989_2_552","CLJRep 1989 2 552.pdf"
,"CLJRep_1989_2_555","CLJRep 1989 2 555.pdf"
,"CLJRep_1989_2_559","CLJRep 1989 2 559.pdf"
,"CLJRep_1989_2_564","CLJRep 1989 2 564.pdf"
,"CLJRep_1989_2_567","CLJRep 1989 2 567.pdf"
,"CLJRep_1989_2_572","CLJRep 1989 2 572.pdf"
,"CLJRep_1989_2_575","CLJRep 1989 2 575.pdf"
,"CLJRep_1989_2_58","CLJRep 1989 2 58.pdf"
,"CLJRep_1989_2_580","CLJRep 1989 2 580.pdf"
,"CLJRep_1989_2_587","CLJRep 1989 2 587.pdf"
,"CLJRep_1989_2_597","CLJRep 1989 2 597.pdf"
,"CLJRep_1989_2_603","CLJRep 1989 2 603.pdf"
,"CLJRep_1989_2_608","CLJRep 1989 2 608.pdf"
,"CLJRep_1989_2_616","CLJRep 1989 2 616.pdf"
,"CLJRep_1989_2_619","CLJRep 1989 2 619.pdf"
,"CLJRep_1989_2_622","CLJRep 1989 2 622.pdf"
,"CLJRep_1989_2_624","CLJRep 1989 2 624.pdf"
,"CLJRep_1989_2_626","CLJRep 1989 2 626.pdf"
,"CLJRep_1989_2_629","CLJRep 1989 2 629.pdf"
,"CLJRep_1989_2_63","CLJRep 1989 2 63.pdf"
,"CLJRep_1989_2_636","CLJRep 1989 2 636.pdf"
,"CLJRep_1989_2_639","CLJRep 1989 2 639.pdf"
,"CLJRep_1989_2_644","CLJRep 1989 2 644.pdf"
,"CLJRep_1989_2_648","CLJRep 1989 2 648.pdf"
,"CLJRep_1989_2_65","CLJRep 1989 2 65.pdf"
,"CLJRep_1989_2_652","CLJRep 1989 2 652.pdf"
,"CLJRep_1989_2_655","CLJRep 1989 2 655.pdf"
,"CLJRep_1989_2_658","CLJRep 1989 2 658.pdf"
,"CLJRep_1989_2_664","CLJRep 1989 2 664.pdf"
,"CLJRep_1989_2_668","CLJRep 1989 2 668.pdf"
,"CLJRep_1989_2_673","CLJRep 1989 2 673.pdf"
,"CLJRep_1989_2_68","CLJRep 1989 2 68.pdf"
,"CLJRep_1989_2_683","CLJRep 1989 2 683.pdf"
,"CLJRep_1989_2_688","CLJRep 1989 2 688.pdf"
,"CLJRep_1989_2_691","CLJRep 1989 2 691.pdf"
,"CLJRep_1989_2_698","CLJRep 1989 2 698.pdf"
,"CLJRep_1989_2_705","CLJRep 1989 2 705.pdf"
,"CLJRep_1989_2_711","CLJRep 1989 2 711.pdf"
,"CLJRep_1989_2_714","CLJRep 1989 2 714.pdf"
,"CLJRep_1989_2_718","CLJRep 1989 2 718.pdf"
,"CLJRep_1989_2_723","CLJRep 1989 2 723.pdf"
,"CLJRep_1989_2_73","CLJRep 1989 2 73.pdf"
,"CLJRep_1989_2_76","CLJRep 1989 2 76.pdf"
,"CLJRep_1989_2_80","CLJRep 1989 2 80.pdf"
,"CLJRep_1989_2_809","CLJRep 1989 2 809.pdf"
,"CLJRep_1989_2_819","CLJRep 1989 2 819.pdf"
,"CLJRep_1989_2_827","CLJRep 1989 2 827.pdf"
,"CLJRep_1989_2_840","CLJRep 1989 2 840.pdf"
,"CLJRep_1989_2_846","CLJRep 1989 2 846.pdf"
,"CLJRep_1989_2_852","CLJRep 1989 2 852.pdf"
,"CLJRep_1989_2_856","CLJRep 1989 2 856.pdf"
,"CLJRep_1989_2_86","CLJRep 1989 2 86.pdf"
,"CLJRep_1989_2_861","CLJRep 1989 2 861.pdf"
,"CLJRep_1989_2_880","CLJRep 1989 2 880.pdf"
,"CLJRep_1989_2_89","CLJRep 1989 2 89.pdf"
,"CLJRep_1989_2_891","CLJRep 1989 2 891.pdf"
,"CLJRep_1989_2_896","CLJRep 1989 2 896.pdf"
,"CLJRep_1989_2_9","CLJRep 1989 2 9.pdf"
,"CLJRep_1989_2_900","CLJRep 1989 2 900.pdf"
,"CLJRep_1989_2_907","CLJRep 1989 2 907.pdf"
,"CLJRep_1989_2_913","CLJRep 1989 2 913.pdf"
,"CLJRep_1989_2_924","CLJRep 1989 2 924.pdf"
,"CLJRep_1989_2_937","CLJRep 1989 2 937.pdf"
,"CLJRep_1989_2_95","CLJRep 1989 2 95.pdf"
,"CLJRep_1989_2_950","CLJRep 1989 2 950.pdf"
,"CLJRep_1989_2_958","CLJRep 1989 2 958.pdf"
,"CLJRep_1989_2_973","CLJRep 1989 2 973.pdf"
,"CLJRep_1989_2_980","CLJRep 1989 2 980.pdf"
,"CLJRep_1989_2_986","CLJRep 1989 2 986.pdf"
,"CLJRep_1989_2_993","CLJRep 1989 2 993.pdf"
cljrep_1990_1,"CLJ_1990_1_662","CLJRep 1990 1 662.pdf","Current Law Journal Reprint, 1990, Volume 1",[1990],texts,opensource
,"CLJ_1990_1_743","CLJRep 1990 1 743.pdf"
,"CLJRep_1990_1_1","CLJRep 1990 1 1.pdf"
,"CLJRep_1990_1_107","CLJRep 1990 1 107.pdf"
,"CLJRep_1990_1_111","CLJRep 1990 1 111.pdf"
,"CLJRep_1990_1_115","CLJRep 1990 1 115.pdf"
,"CLJRep_1990_1_121","CLJRep 1990 1 121.pdf"
,"CLJRep_1990_1_123","CLJRep 1990 1 123.pdf"
,"CLJRep_1990_1_132","CLJRep 1990 1 132.pdf"
,"CLJRep_1990_1_141","CLJRep 1990 1 141.pdf"
,"CLJRep_1990_1_15","CLJRep 1990 1 15.pdf"
,"CLJRep_1990_1_155","CLJRep 1990 1 155.pdf"
,"CLJRep_1990_1_160","CLJRep 1990 1 160.pdf"
,"CLJRep_1990_1_166","CLJRep 1990 1 166.pdf"
,"CLJRep_1990_1_174","CLJRep 1990 1 174.pdf"
,"CLJRep_1990_1_178","CLJRep 1990 1 178.pdf"
,"CLJRep_1990_1_182","CLJRep 1990 1 182.pdf"
,"CLJRep_1990_1_186","CLJRep 1990 1 186.pdf"
,"CLJRep_1990_1_195","CLJRep 1990 1 195.pdf"
,"CLJRep_1990_1_200","CLJRep 1990 1 200.pdf"
,"CLJRep_1990_1_202","CLJRep 1990 1 202.pdf"
,"CLJRep_1990_1_209","CLJRep 1990 1 209.pdf"
,"CLJRep_1990_1_219","CLJRep 1990 1 219.pdf"
,"CLJRep_1990_1_223","CLJRep 1990 1 223.pdf"
,"CLJRep_1990_1_229","CLJRep 1990 1 229.pdf"
,"CLJRep_1990_1_238","CLJRep 1990 1 238.pdf"
,"CLJRep_1990_1_241","CLJRep 1990 1 241.pdf"
,"CLJRep_1990_1_246","CLJRep 1990 1 246.pdf"
,"CLJRep_1990_1_249","CLJRep 1990 1 249.pdf"
,"CLJRep_1990_1_253","CLJRep 1990 1 253.pdf"
,"CLJRep_1990_1_256","CLJRep 1990 1 256.pdf"
,"CLJRep_1990_1_260","CLJRep 1990 1 260.pdf"
,"CLJRep_1990_1_266","CLJRep 1990 1 266.pdf"
,"CLJRep_1990_1_271","CLJRep 1990 1 271.pdf"
,"CLJRep_1990_1_274","CLJRep 1990 1 274.pdf"
,"CLJRep_1990_1_277","CLJRep 1990 1 277.pdf"
,"CLJRep_1990_1_282","CLJRep 1990 1 282.pdf"
,"CLJRep_1990_1_286","CLJRep 1990 1 286.pdf"
,"CLJRep_1990_1_293","CLJRep 1990 1 293.pdf"
,"CLJRep_1990_1_30","CLJRep 1990 1 30.pdf"
,"CLJRep_1990_1_301","CLJRep 1990 1 301.pdf"
,"CLJRep_1990_1_308","CLJRep 1990 1 308.pdf"
,"CLJRep_1990_1_312","CLJRep 1990 1 312.pdf"
,"CLJRep_1990_1_321","CLJRep 1990 1 321.pdf"
,"CLJRep_1990_1_325","CLJRep 1990 1 325.pdf"
,"CLJRep_1990_1_33","CLJRep 1990 1 33.pdf"
,"CLJRep_1990_1_330","CLJRep 1990 1 330.pdf"
,"CLJRep_1990_1_335","CLJRep 1990 1 335.pdf"
,"CLJRep_1990_1_341","CLJRep 1990 1 341.pdf"
,"CLJRep_1990_1_344","CLJRep 1990 1 344.pdf"
,"CLJRep_1990_1_351","CLJRep 1990 1 351.pdf"
,"CLJRep_1990_1_354","CLJRep 1990 1 354.pdf"
,"CLJRep_1990_1_36","CLJRep 1990 1 36.pdf"
,"CLJRep_1990_1_361","CLJRep 1990 1 361.pdf"
,"CLJRep_1990_1_364","CLJRep 1990 1 364.pdf"
,"CLJRep_1990_1_367","CLJRep 1990 1 367.pdf"
,"CLJRep_1990_1_373","CLJRep 1990 1 373.pdf"
,"CLJRep_1990_1_378","CLJRep 1990 1 378.pdf"
,"CLJRep_1990_1_383","CLJRep 1990 1 383.pdf"
,"CLJRep_1990_1_388","CLJRep 1990 1 388.pdf"
,"CLJRep_1990_1_391","CLJRep 1990 1 391.pdf"
,"CLJRep_1990_1_394","CLJRep 1990 1 394.pdf"
,"CLJRep_1990_1_397","CLJRep 1990 1 397.pdf"
,"CLJRep_1990_1_401","CLJRep 1990 1 401.pdf"
,"CLJRep_1990_1_403","CLJRep 1990 1 403.pdf"
,"CLJRep_1990_1_412","CLJRep 1990 1 412.pdf"
,"CLJRep_1990_1_415","CLJRep 1990 1 415.pdf"
,"CLJRep_1990_1_417","CLJRep 1990 1 417.pdf"
,"CLJRep_1990_1_422","CLJRep 1990 1 422.pdf"
,"CLJRep_1990_1_429","CLJRep 1990 1 429.pdf"
,"CLJRep_1990_1_432","CLJRep 1990 1 432.pdf"
,"CLJRep_1990_1_438","CLJRep 1990 1 438.pdf"
,"CLJRep_1990_1_44","CLJRep 1990 1 44.pdf"
,"CLJRep_1990_1_444","CLJRep 1990 1 444.pdf"
,"CLJRep_1990_1_447","CLJRep 1990 1 447.pdf"
,"CLJRep_1990_1_449","CLJRep 1990 1 449.pdf"
,"CLJRep_1990_1_455","CLJRep 1990 1 455.pdf"
,"CLJRep_1990_1_462","CLJRep 1990 1 462.pdf"
,"CLJRep_1990_1_474","CLJRep 1990 1 474.pdf"
,"CLJRep_1990_1_480","CLJRep 1990 1 480.pdf"
,"CLJRep_1990_1_49","CLJRep 1990 1 49.pdf"
,"CLJRep_1990_1_493","CLJRep 1990 1 493.pdf"
,"CLJRep_1990_1_499","CLJRep 1990 1 499.pdf"
,"CLJRep_1990_1_504","CLJRep 1990 1 504.pdf"
,"CLJRep_1990_1_511","CLJRep 1990 1 511.pdf"
,"CLJRep_1990_1_516","CLJRep 1990 1 516.pdf"
,"CLJRep_1990_1_522","CLJRep 1990 1 522.pdf"
,"CLJRep_1990_1_526","CLJRep 1990 1 526.pdf"
,"CLJRep_1990_1_529","CLJRep 1990 1 529.pdf"
,"CLJRep_1990_1_532","CLJRep 1990 1 532.pdf"
,"CLJRep_1990_1_536","CLJRep 1990 1 536.pdf"
,"CLJRep_1990_1_543","CLJRep 1990 1 543.pdf"
,"CLJRep_1990_1_546","CLJRep 1990 1 546.pdf"
,"CLJRep_1990_1_559","CLJRep 1990 1 559.pdf"
,"CLJRep_1990_1_563","CLJRep 1990 1 563.pdf"
,"CLJRep_1990_1_566","CLJRep 1990 1 566.pdf"
,"CLJRep_1990_1_568","CLJRep 1990 1 568.pdf"
,"CLJRep_1990_1_57","CLJRep 1990 1 57.pdf"
,"CLJRep_1990_1_572","CLJRep 1990 1 572.pdf"
,"CLJRep_1990_1_576","CLJRep 1990 1 576.pdf"
,"CLJRep_1990_1_589","CLJRep 1990 1 589.pdf"
,"CLJRep_1990_1_594","CLJRep 1990 1 594.pdf"
,"CLJRep_1990_1_598","CLJRep 1990 1 598.pdf"
,"CLJRep_1990_1_600","CLJRep 1990 1 600.pdf"
,"CLJRep_1990_1_604","CLJRep 1990 1 604.pdf"
,"CLJRep_1990_1_606","CLJRep 1990 1 606.pdf"
,"CLJRep_1990_1_615","CLJRep 1990 1 615.pdf"
,"CLJRep_1990_1_617","CLJRep 1990 1 617.pdf"
,"CLJRep_1990_1_622","CLJRep 1990 1 622.pdf"
,"CLJRep_1990_1_627","CLJRep 1990 1 627.pdf"
,"CLJRep_1990_1_633","CLJRep 1990 1 633.pdf"
,"CLJRep_1990_1_651","CLJRep 1990 1 651.pdf"
,"CLJRep_1990_1_654","CLJRep 1990 1 654.pdf"
,"CLJRep_1990_1_657","CLJRep 1990 1 657.pdf"
,"CLJRep_1990_1_660","CLJRep 1990 1 660.pdf"
,"CLJRep_1990_1_667","CLJRep 1990 1 667.pdf"
,"CLJRep_1990_1_670","CLJRep 1990 1 670.pdf"
,"CLJRep_1990_1_676","CLJRep 1990 1 676.pdf"
,"CLJRep_1990_1_682","CLJRep 1990 1 682.pdf"
,"CLJRep_1990_1_684","CLJRep 1990 1 684.pdf"
,"CLJRep_1990_1_693","CLJRep 1990 1 693.pdf"
,"CLJRep_1990_1_699","CLJRep 1990 1 699.pdf"
,"CLJRep_1990_1_702","CLJRep 1990 1 702.pdf"
,"CLJRep_1990_1_713","CLJRep 1990 1 713.pdf"
,"CLJRep_1990_1_717","CLJRep 1990 1 717.pdf"
,"CLJRep_1990_1_72","CLJRep 1990 1 72.pdf"
,"CLJRep_1990_1_726","CLJRep 1990 1 726.pdf"
,"CLJRep_1990_1_729","CLJRep 1990 1 729.pdf"
,"CLJRep_1990_1_731","CLJRep 1990 1 731.pdf"
,"CLJRep_1990_1_748","CLJRep 1990 1 748.pdf"
,"CLJRep_1990_1_752","CLJRep 1990 1 752.pdf"
,"CLJRep_1990_1_757","CLJRep 1990 1 757.pdf"
,"CLJRep_1990_1_759","CLJRep 1990 1 759.pdf"
,"CLJRep_1990_1_762","CLJRep 1990 1 762.pdf"
,"CLJRep_1990_1_77","CLJRep 1990 1 77.pdf"
,"CLJRep_1990_1_775","CLJRep 1990 1 775.pdf"
,"CLJRep_1990_1_779","CLJRep 1990 1 779.pdf"
,"CLJRep_1990_1_790","CLJRep 1990 1 790.pdf"
,"CLJRep_1990_1_799","CLJRep 1990 1 799.pdf"
,"CLJRep_1990_1_802","CLJRep 1990 1 802.pdf"
,"CLJRep_1990_1_86","CLJRep 1990 1 86.pdf"
,"CLJRep_1990_1_91","CLJRep 1990 1 91.pdf"
,"CLJRep_1990_1_99","CLJRep 1990 1 99.pdf"
cljrep_1990_2,"CLJRep_1990_2_1","CLJRep 1990 2 1.pdf","Current Law Journal Reprint, 1990, Volume 2",[1990],texts,opensource
,"CLJRep_1990_2_103","CLJRep 1990 2 103.pdf"
,"CLJRep_1990_2_11","CLJRep 1990 2 11.pdf"
,"CLJRep_1990_2_112","CLJRep 1990 2 112.pdf"
,"CLJRep_1990_2_117","CLJRep 1990 2 117.pdf"
,"CLJRep_1990_2_121","CLJRep 1990 2 121.pdf"
,"CLJRep_1990_2_125","CLJRep 1990 2 125.pdf"
,"CLJRep_1990_2_131","CLJRep 1990 2 131.pdf"
,"CLJRep_1990_2_135","CLJRep 1990 2 135.pdf"
,"CLJRep_1990_2_139","CLJRep 1990 2 139.pdf"
,"CLJRep_1990_2_14","CLJRep 1990 2 14.pdf"
,"CLJRep_1990_2_146","CLJRep 1990 2 146.pdf"
,"CLJRep_1990_2_151","CLJRep 1990 2 151.pdf"
,"CLJRep_1990_2_156","CLJRep 1990 2 156.pdf"
,"CLJRep_1990_2_16","CLJRep 1990 2 16.pdf"
,"CLJRep_1990_2_160","CLJRep 1990 2 160.pdf"
,"CLJRep_1990_2_165","CLJRep 1990 2 165.pdf"
,"CLJRep_1990_2_169","CLJRep 1990 2 169.pdf"
,"CLJRep_1990_2_181","CLJRep 1990 2 181.pdf"
,"CLJRep_1990_2_189","CLJRep 1990 2 189.pdf"
,"CLJRep_1990_2_193","CLJRep 1990 2 193.pdf"
,"CLJRep_1990_2_198","CLJRep 1990 2 198.pdf"
,"CLJRep_1990_2_203","CLJRep 1990 2 203.pdf"
,"CLJRep_1990_2_21","CLJRep 1990 2 21.pdf"
,"CLJRep_1990_2_211","CLJRep 1990 2 211.pdf"
,"CLJRep_1990_2_214","CLJRep 1990 2 214.pdf"
,"CLJRep_1990_2_218","CLJRep 1990 2 218.pdf"
,"CLJRep_1990_2_230","CLJRep 1990 2 230.pdf"
,"CLJRep_1990_2_236","CLJRep 1990 2 236.pdf"
,"CLJRep_1990_2_24","CLJRep 1990 2 24.pdf"
,"CLJRep_1990_2_242","CLJRep 1990 2 242.pdf"
,"CLJRep_1990_2_253","CLJRep 1990 2 253.pdf"
,"CLJRep_1990_2_257","CLJRep 1990 2 257.pdf"
,"CLJRep_1990_2_260","CLJRep 1990 2 260.pdf"
,"CLJRep_1990_2_264","CLJRep 1990 2 264.pdf"
,"CLJRep_1990_2_27","CLJRep 1990 2 27.pdf"
,"CLJRep_1990_2_272","CLJRep 1990 2 272.pdf"
,"CLJRep_1990_2_279","CLJRep 1990 2 279.pdf"
,"CLJRep_1990_2_282","CLJRep 1990 2 282.pdf"
,"CLJRep_1990_2_287","CLJRep 1990 2 287.pdf"
,"CLJRep_1990_2_293","CLJRep 1990 2 293.pdf"
,"CLJRep_1990_2_298","CLJRep 1990 2 298.pdf"
,"CLJRep_1990_2_302","CLJRep 1990 2 302.pdf"
,"CLJRep_1990_2_307","CLJRep 1990 2 307.pdf"
,"CLJRep_1990_2_313","CLJRep 1990 2 313.pdf"
,"CLJRep_1990_2_318","CLJRep 1990 2 318.pdf"
,"CLJRep_1990_2_327","CLJRep 1990 2 327.pdf"
,"CLJRep_1990_2_332","CLJRep 1990 2 332.pdf"
,"CLJRep_1990_2_336","CLJRep 1990 2 336.pdf"
,"CLJRep_1990_2_339","CLJRep 1990 2 339.pdf"
,"CLJRep_1990_2_344","CLJRep 1990 2 344.pdf"
,"CLJRep_1990_2_347","CLJRep 1990 2 347.pdf"
,"CLJRep_1990_2_350","CLJRep 1990 2 350.pdf"
,"CLJRep_1990_2_356","CLJRep 1990 2 356.pdf"
,"CLJRep_1990_2_36","CLJRep 1990 2 36.pdf"
,"CLJRep_1990_2_360","CLJRep 1990 2 360.pdf"
,"CLJRep_1990_2_365","CLJRep 1990 2 365.pdf"
,"CLJRep_1990_2_369","CLJRep 1990 2 369.pdf"
,"CLJRep_1990_2_374","CLJRep 1990 2 374.pdf"
,"CLJRep_1990_2_378","CLJRep 1990 2 378.pdf"
,"CLJRep_1990_2_385","CLJRep 1990 2 385.pdf"
,"CLJRep_1990_2_388","CLJRep 1990 2 388.pdf"
,"CLJRep_1990_2_392","CLJRep 1990 2 392.pdf"
,"CLJRep_1990_2_399","CLJRep 1990 2 399.pdf"
,"CLJRep_1990_2_4","CLJRep 1990 2 4.pdf"
,"CLJRep_1990_2_40","CLJRep 1990 2 40.pdf"
,"CLJRep_1990_2_405","CLJRep 1990 2 405.pdf"
,"CLJRep_1990_2_408","CLJRep 1990 2 408.pdf"
,"CLJRep_1990_2_412","CLJRep 1990 2 412.pdf"
,"CLJRep_1990_2_420","CLJRep 1990 2 420.pdf"
,"CLJRep_1990_2_425","CLJRep 1990 2 425.pdf"
,"CLJRep_1990_2_429","CLJRep 1990 2 429.pdf"
,"CLJRep_1990_2_435","CLJRep 1990 2 435.pdf"
,"CLJRep_1990_2_437","CLJRep 1990 2 437.pdf"
,"CLJRep_1990_2_441","CLJRep 1990 2 441.pdf"
,"CLJRep_1990_2_449","CLJRep 1990 2 449.pdf"
,"CLJRep_1990_2_451","CLJRep 1990 2 451.pdf"
,"CLJRep_1990_2_455","CLJRep 1990 2 455.pdf"
,"CLJRep_1990_2_46","CLJRep 1990 2 46.pdf"
,"CLJRep_1990_2_461","CLJRep 1990 2 461.pdf"
,"CLJRep_1990_2_468","CLJRep 1990 2 468.pdf"
,"CLJRep_1990_2_473","CLJRep 1990 2 473.pdf"
,"CLJRep_1990_2_479","CLJRep 1990 2 479.pdf"
,"CLJRep_1990_2_48","CLJRep 1990 2 48.pdf"
,"CLJRep_1990_2_482","CLJRep 1990 2 482.pdf"
,"CLJRep_1990_2_491","CLJRep 1990 2 491.pdf"
,"CLJRep_1990_2_494","CLJRep 1990 2 494.pdf"
,"CLJRep_1990_2_498","CLJRep 1990 2 498.pdf"
,"CLJRep_1990_2_507","CLJRep 1990 2 507.pdf"
,"CLJRep_1990_2_512","CLJRep 1990 2 512.pdf"
,"CLJRep_1990_2_514","CLJRep 1990 2 514.pdf"
,"CLJRep_1990_2_517","CLJRep 1990 2 517.pdf"
,"CLJRep_1990_2_521","CLJRep 1990 2 521.pdf"
,"CLJRep_1990_2_526","CLJRep 1990 2 526.pdf"
,"CLJRep_1990_2_530","CLJRep 1990 2 530.pdf"
,"CLJRep_1990_2_533","CLJRep 1990 2 533.pdf"
,"CLJRep_1990_2_540","CLJRep 1990 2 540.pdf"
,"CLJRep_1990_2_545","CLJRep 1990 2 545.pdf"
,"CLJRep_1990_2_555","CLJRep 1990 2 555.pdf"
,"CLJRep_1990_2_560","CLJRep 1990 2 560.pdf"
,"CLJRep_1990_2_565","CLJRep 1990 2 565.pdf"
,"CLJRep_1990_2_569","CLJRep 1990 2 569.pdf"
,"CLJRep_1990_2_573","CLJRep 1990 2 573.pdf"
,"CLJRep_1990_2_585","CLJRep 1990 2 585.pdf"
,"CLJRep_1990_2_589","CLJRep 1990 2 589.pdf"
,"CLJRep_1990_2_594","CLJRep 1990 2 594.pdf"
,"CLJRep_1990_2_600","CLJRep 1990 2 600.pdf"
,"CLJRep_1990_2_611","CLJRep 1990 2 611.pdf"
,"CLJRep_1990_2_614","CLJRep 1990 2 614.pdf"
,"CLJRep_1990_2_620","CLJRep 1990 2 620.pdf"
,"CLJRep_1990_2_625","CLJRep 1990 2 625.pdf"
,"CLJRep_1990_2_628","CLJRep 1990 2 628.pdf"
,"CLJRep_1990_2_632","CLJRep 1990 2 632.pdf"
,"CLJRep_1990_2_635","CLJRep 1990 2 635.pdf"
,"CLJRep_1990_2_649","CLJRep 1990 2 649.pdf"
,"CLJRep_1990_2_661","CLJRep 1990 2 661.pdf"
,"CLJRep_1990_2_664","CLJRep 1990 2 664.pdf"
,"CLJRep_1990_2_669","CLJRep 1990 2 669.pdf"
,"CLJRep_1990_2_67","CLJRep 1990 2 67.pdf"
,"CLJRep_1990_2_672","CLJRep 1990 2 672.pdf"
,"CLJRep_1990_2_674","CLJRep 1990 2 674.pdf"
,"CLJRep_1990_2_684","CLJRep 1990 2 684.pdf"
,"CLJRep_1990_2_690","CLJRep 1990 2 690.pdf"
,"CLJRep_1990_2_694","CLJRep 1990 2 694.pdf"
,"CLJRep_1990_2_698","CLJRep 1990 2 698.pdf"
,"CLJRep_1990_2_702","CLJRep 1990 2 702.pdf"
,"CLJRep_1990_2_708","CLJRep 1990 2 708.pdf"
,"CLJRep_1990_2_711","CLJRep 1990 2 711.pdf"
,"CLJRep_1990_2_716","CLJRep 1990 2 716.pdf"
,"CLJRep_1990_2_72","CLJRep 1990 2 72.pdf"
,"CLJRep_1990_2_724","CLJRep 1990 2 724.pdf"
,"CLJRep_1990_2_728","CLJRep 1990 2 728.pdf"
,"CLJRep_1990_2_735","CLJRep 1990 2 735.pdf"
,"CLJRep_1990_2_738","CLJRep 1990 2 738.pdf"
,"CLJRep_1990_2_746","CLJRep 1990 2 746.pdf"
,"CLJRep_1990_2_753","CLJRep 1990 2 753.pdf"
,"CLJRep_1990_2_755","CLJRep 1990 2 755.pdf"
,"CLJRep_1990_2_757","CLJRep 1990 2 757.pdf"
,"CLJRep_1990_2_76","CLJRep 1990 2 76.pdf"
,"CLJRep_1990_2_760","CLJRep 1990 2 760.pdf"
,"CLJRep_1990_2_765","CLJRep 1990 2 765.pdf"
,"CLJRep_1990_2_774","CLJRep 1990 2 774.pdf"
,"CLJRep_1990_2_780","CLJRep 1990 2 780.pdf"
,"CLJRep_1990_2_795","CLJRep 1990 2 795.pdf"
,"CLJRep_1990_2_798","CLJRep 1990 2 798.pdf"
,"CLJRep_1990_2_80","CLJRep 1990 2 80.pdf"
,"CLJRep_1990_2_804","CLJRep 1990 2 804.pdf"
,"CLJRep_1990_2_809","CLJRep 1990 2 809.pdf"
,"CLJRep_1990_2_814","CLJRep 1990 2 814.pdf"
,"CLJRep_1990_2_822","CLJRep 1990 2 822.pdf"
,"CLJRep_1990_2_826","CLJRep 1990 2 826.pdf"
,"CLJRep_1990_2_83","CLJRep 1990 2 83.pdf"
,"CLJRep_1990_2_839","CLJRep 1990 2 839.pdf"
,"CLJRep_1990_2_844","CLJRep 1990 2 844.pdf"
,"CLJRep_1990_2_857","CLJRep 1990 2 857.pdf"
,"CLJRep_1990_2_861","CLJRep 1990 2 861.pdf"
,"CLJRep_1990_2_868","CLJRep 1990 2 868.pdf"
,"CLJRep_1990_2_873","CLJRep 1990 2 873.pdf"
,"CLJRep_1990_2_88","CLJRep 1990 2 88.pdf"
,"CLJRep_1990_2_880","CLJRep 1990 2 880.pdf"
,"CLJRep_1990_2_883","CLJRep 1990 2 883.pdf"
,"CLJRep_1990_2_893","CLJRep 1990 2 893.pdf"
,"CLJRep_1990_2_902","CLJRep 1990 2 902.pdf"
,"CLJRep_1990_2_909","CLJRep 1990 2 909.pdf"
,"CLJRep_1990_2_91","CLJRep 1990 2 91.pdf"
,"CLJRep_1990_2_915","CLJRep 1990 2 915.pdf"
,"CLJRep_1990_2_94","CLJRep 1990 2 94.pdf"
,"CLJRep_1990_2_99","CLJRep 1990 2 99.pdf"
cljrep_1990_3,"CLJRep_1990_3_1","CLJRep 1990 3 1.pdf","Current Law Journal Reprint, 1990, Volume 3",[1990],texts,opensource
,"CLJRep_1990_3_1009","CLJRep 1990 3 1009.pdf"
,"CLJRep_1990_3_102","CLJRep 1990 3 102.pdf"
,"CLJRep_1990_3_106","CLJRep 1990 3 106.pdf"
,"CLJRep_1990_3_11","CLJRep 1990 3 11.pdf"
,"CLJRep_1990_3_114","CLJRep 1990 3 114.pdf"
,"CLJRep_1990_3_118","CLJRep 1990 3 118.pdf"
,"CLJRep_1990_3_122","CLJRep 1990 3 122.pdf"
,"CLJRep_1990_3_131","CLJRep 1990 3 131.pdf"
,"CLJRep_1990_3_140","CLJRep 1990 3 140.pdf"
,"CLJRep_1990_3_151","CLJRep 1990 3 151.pdf"
,"CLJRep_1990_3_159","CLJRep 1990 3 159.pdf"
,"CLJRep_1990_3_165","CLJRep 1990 3 165.pdf"
,"CLJRep_1990_3_171","CLJRep 1990 3 171.pdf"
,"CLJRep_1990_3_179","CLJRep 1990 3 179.pdf"
,"CLJRep_1990_3_18","CLJRep 1990 3 18.pdf"
,"CLJRep_1990_3_183","CLJRep 1990 3 183.pdf"
,"CLJRep_1990_3_193","CLJRep 1990 3 193.pdf"
,"CLJRep_1990_3_196","CLJRep 1990 3 196.pdf"
,"CLJRep_1990_3_199","CLJRep 1990 3 199.pdf"
,"CLJRep_1990_3_202","CLJRep 1990 3 202.pdf"
,"CLJRep_1990_3_207","CLJRep 1990 3 207.pdf"
,"CLJRep_1990_3_211","CLJRep 1990 3 211.pdf"
,"CLJRep_1990_3_219","CLJRep 1990 3 219.pdf"
,"CLJRep_1990_3_227","CLJRep 1990 3 227.pdf"
,"CLJRep_1990_3_232","CLJRep 1990 3 232.pdf"
,"CLJRep_1990_3_235","CLJRep 1990 3 235.pdf"
,"CLJRep_1990_3_239","CLJRep 1990 3 239.pdf"
,"CLJRep_1990_3_24","CLJRep 1990 3 24.pdf"
,"CLJRep_1990_3_245","CLJRep 1990 3 245.pdf"
,"CLJRep_1990_3_248","CLJRep 1990 3 248.pdf"
,"CLJRep_1990_3_253","CLJRep 1990 3 253.pdf"
,"CLJRep_1990_3_259","CLJRep 1990 3 259.pdf"
,"CLJRep_1990_3_267","CLJRep 1990 3 267.pdf"
,"CLJRep_1990_3_279","CLJRep 1990 3 279.pdf"
,"CLJRep_1990_3_282","CLJRep 1990 3 282.pdf"
,"CLJRep_1990_3_288","CLJRep 1990 3 288.pdf"
,"CLJRep_1990_3_292","CLJRep 1990 3 292.pdf"
,"CLJRep_1990_3_299","CLJRep 1990 3 299.pdf"
,"CLJRep_1990_3_304","CLJRep 1990 3 304.pdf"
,"CLJRep_1990_3_31","CLJRep 1990 3 31.pdf"
,"CLJRep_1990_3_314","CLJRep 1990 3 314.pdf"
,"CLJRep_1990_3_318","CLJRep 1990 3 318.pdf"
,"CLJRep_1990_3_321","CLJRep 1990 3 321.pdf"
,"CLJRep_1990_3_327","CLJRep 1990 3 327.pdf"
,"CLJRep_1990_3_329","CLJRep 1990 3 329.pdf"
,"CLJRep_1990_3_335","CLJRep 1990 3 335.pdf"
,"CLJRep_1990_3_340","CLJRep 1990 3 340.pdf"
,"CLJRep_1990_3_343","CLJRep 1990 3 343.pdf"
,"CLJRep_1990_3_346","CLJRep 1990 3 346.pdf"
,"CLJRep_1990_3_349","CLJRep 1990 3 349.pdf"
,"CLJRep_1990_3_355","CLJRep 1990 3 355.pdf"
,"CLJRep_1990_3_359","CLJRep 1990 3 359.pdf"
,"CLJRep_1990_3_361","CLJRep 1990 3 361.pdf"
,"CLJRep_1990_3_367","CLJRep 1990 3 367.pdf"
,"CLJRep_1990_3_37","CLJRep 1990 3 37.pdf"
,"CLJRep_1990_3_371","CLJRep 1990 3 371.pdf"
,"CLJRep_1990_3_375","CLJRep 1990 3 375.pdf"
,"CLJRep_1990_3_379","CLJRep 1990 3 379.pdf"
,"CLJRep_1990_3_386","CLJRep 1990 3 386.pdf"
,"CLJRep_1990_3_391","CLJRep 1990 3 391.pdf"
,"CLJRep_1990_3_395","CLJRep 1990 3 395.pdf"
,"CLJRep_1990_3_398","CLJRep 1990 3 398.pdf"
,"CLJRep_1990_3_403","CLJRep 1990 3 403.pdf"
,"CLJRep_1990_3_408","CLJRep 1990 3 408.pdf"
,"CLJRep_1990_3_416","CLJRep 1990 3 416.pdf"
,"CLJRep_1990_3_423","CLJRep 1990 3 423.pdf"
,"CLJRep_1990_3_43","CLJRep 1990 3 43.pdf"
,"CLJRep_1990_3_438","CLJRep 1990 3 438.pdf"
,"CLJRep_1990_3_450","CLJRep 1990 3 450.pdf"
,"CLJRep_1990_3_465","CLJRep 1990 3 465.pdf"
,"CLJRep_1990_3_468","CLJRep 1990 3 468.pdf"
,"CLJRep_1990_3_47","CLJRep 1990 3 47.pdf"
,"CLJRep_1990_3_478","CLJRep 1990 3 478.pdf"
,"CLJRep_1990_3_489","CLJRep 1990 3 489.pdf"
,"CLJRep_1990_3_499","CLJRep 1990 3 499.pdf"
,"CLJRep_1990_3_509","CLJRep 1990 3 509.pdf"
,"CLJRep_1990_3_514","CLJRep 1990 3 514.pdf"
,"CLJRep_1990_3_523","CLJRep 1990 3 523.pdf"
,"CLJRep_1990_3_528","CLJRep 1990 3 528.pdf"
,"CLJRep_1990_3_535","CLJRep 1990 3 535.pdf"
,"CLJRep_1990_3_55","CLJRep 1990 3 55.pdf"
,"CLJRep_1990_3_553","CLJRep 1990 3 553.pdf"
,"CLJRep_1990_3_567","CLJRep 1990 3 567.pdf"
,"CLJRep_1990_3_577","CLJRep 1990 3 577.pdf"
,"CLJRep_1990_3_583","CLJRep 1990 3 583.pdf"
,"CLJRep_1990_3_59","CLJRep 1990 3 59.pdf"
,"CLJRep_1990_3_594","CLJRep 1990 3 594.pdf"
,"CLJRep_1990_3_601","CLJRep 1990 3 601.pdf"
,"CLJRep_1990_3_605","CLJRep 1990 3 605.pdf"
,"CLJRep_1990_3_618","CLJRep 1990 3 618.pdf"
,"CLJRep_1990_3_626","CLJRep 1990 3 626.pdf"
,"CLJRep_1990_3_637","CLJRep 1990 3 637.pdf"
,"CLJRep_1990_3_643","CLJRep 1990 3 643.pdf"
,"CLJRep_1990_3_65","CLJRep 1990 3 65.pdf"
,"CLJRep_1990_3_655","CLJRep 1990 3 655.pdf"
,"CLJRep_1990_3_669","CLJRep 1990 3 669.pdf"
,"CLJRep_1990_3_677","CLJRep 1990 3 677.pdf"
,"CLJRep_1990_3_685","CLJRep 1990 3 685.pdf"
,"CLJRep_1990_3_69","CLJRep 1990 3 69.pdf"
,"CLJRep_1990_3_691","CLJRep 1990 3 691.pdf"
,"CLJRep_1990_3_7","CLJRep 1990 3 7.pdf"
,"CLJRep_1990_3_72","CLJRep 1990 3 72.pdf"
,"CLJRep_1990_3_736","CLJRep 1990 3 736.pdf"
,"CLJRep_1990_3_743","CLJRep 1990 3 743.pdf"
,"CLJRep_1990_3_75","CLJRep 1990 3 75.pdf"
,"CLJRep_1990_3_757","CLJRep 1990 3 757.pdf"
,"CLJRep_1990_3_767","CLJRep 1990 3 767.pdf"
,"CLJRep_1990_3_772","CLJRep 1990 3 772.pdf"
,"CLJRep_1990_3_778","CLJRep 1990 3 778.pdf"
,"CLJRep_1990_3_786","CLJRep 1990 3 786.pdf"
,"CLJRep_1990_3_799","CLJRep 1990 3 799.pdf"
,"CLJRep_1990_3_804","CLJRep 1990 3 804.pdf"
,"CLJRep_1990_3_812","CLJRep 1990 3 812.pdf"
,"CLJRep_1990_3_820","CLJRep 1990 3 820.pdf"
,"CLJRep_1990_3_823","CLJRep 1990 3 823.pdf"
,"CLJRep_1990_3_834","CLJRep 1990 3 834.pdf"
,"CLJRep_1990_3_841","CLJRep 1990 3 841.pdf"
,"CLJRep_1990_3_846","CLJRep 1990 3 846.pdf"
,"CLJRep_1990_3_855","CLJRep 1990 3 855.pdf"
,"CLJRep_1990_3_868","CLJRep 1990 3 868.pdf"
,"CLJRep_1990_3_876","CLJRep 1990 3 876.pdf"
,"CLJRep_1990_3_88","CLJRep 1990 3 88.pdf"
,"CLJRep_1990_3_885","CLJRep 1990 3 885.pdf"
,"CLJRep_1990_3_891","CLJRep 1990 3 891.pdf"
,"CLJRep_1990_3_904","CLJRep 1990 3 904.pdf"
,"CLJRep_1990_3_911","CLJRep 1990 3 911.pdf"
,"CLJRep_1990_3_938","CLJRep 1990 3 938.pdf"
,"CLJRep_1990_3_94","CLJRep 1990 3 94.pdf"
,"CLJRep_1990_3_948","CLJRep 1990 3 948.pdf"
,"CLJRep_1990_3_955","CLJRep 1990 3 955.pdf"
,"CLJRep_1990_3_965","CLJRep 1990 3 965.pdf"
,"CLJRep_1990_3_975","CLJRep 1990 3 975.pdf"
,"CLJRep_1990_3_979","CLJRep 1990 3 979.pdf"
,"CLJRep_1990_3_987","CLJRep 1990 3 987.pdf"
,"CLJRep_1990_3_99","CLJRep 1990 3 99.pdf"
,"CLJRep_1990_3_991","CLJRep 1990 3 991.pdf"
,"CLJRep_1990_3_998","CLJRep 1990 3 998.pdf"
cljrep_1991_1,"CLJRep_1991_1_1","CLJRep 1991 1 1.pdf","Current Law Journal Reprint, 1991, Volume 1",[1991],texts,opensource
,"CLJRep_1991_1_10","CLJRep 1991 1 10.pdf"
,"CLJRep_1991_1_104","CLJRep 1991 1 104.pdf"
,"CLJRep_1991_1_109","CLJRep 1991 1 109.pdf"
,"CLJRep_1991_1_113","CLJRep 1991 1 113.pdf"
,"CLJRep_1991_1_117","CLJRep 1991 1 117.pdf"
,"CLJRep_1991_1_129","CLJRep 1991 1 129.pdf"
,"CLJRep_1991_1_13","CLJRep 1991 1 13.pdf"
,"CLJRep_1991_1_133","CLJRep 1991 1 133.pdf"
,"CLJRep_1991_1_146","CLJRep 1991 1 146.pdf"
,"CLJRep_1991_1_151","CLJRep 1991 1 151.pdf"
,"CLJRep_1991_1_155","CLJRep 1991 1 155.pdf"
,"CLJRep_1991_1_159","CLJRep 1991 1 159.pdf"
,"CLJRep_1991_1_174","CLJRep 1991 1 174.pdf"
,"CLJRep_1991_1_183","CLJRep 1991 1 183.pdf"
,"CLJRep_1991_1_19","CLJRep 1991 1 19.pdf"
,"CLJRep_1991_1_194","CLJRep 1991 1 194.pdf"
,"CLJRep_1991_1_208","CLJRep 1991 1 208.pdf"
,"CLJRep_1991_1_212","CLJRep 1991 1 212.pdf"
,"CLJRep_1991_1_218","CLJRep 1991 1 218.pdf"
,"CLJRep_1991_1_22","CLJRep 1991 1 22.pdf"
,"CLJRep_1991_1_223","CLJRep 1991 1 223.pdf"
,"CLJRep_1991_1_234","CLJRep 1991 1 234.pdf"
,"CLJRep_1991_1_239","CLJRep 1991 1 239.pdf"
,"CLJRep_1991_1_251","CLJRep 1991 1 251.pdf"
,"CLJRep_1991_1_259","CLJRep 1991 1 259.pdf"
,"CLJRep_1991_1_263","CLJRep 1991 1 263.pdf"
,"CLJRep_1991_1_270","CLJRep 1991 1 270.pdf"
,"CLJRep_1991_1_273","CLJRep 1991 1 273.pdf"
,"CLJRep_1991_1_278","CLJRep 1991 1 278.pdf"
,"CLJRep_1991_1_284","CLJRep 1991 1 284.pdf"
,"CLJRep_1991_1_292","CLJRep 1991 1 292.pdf"
,"CLJRep_1991_1_300","CLJRep 1991 1 300.pdf"
,"CLJRep_1991_1_311","CLJRep 1991 1 311.pdf"
,"CLJRep_1991_1_317","CLJRep 1991 1 317.pdf"
,"CLJRep_1991_1_321","CLJRep 1991 1 321.pdf"
,"CLJRep_1991_1_337","CLJRep 1991 1 337.pdf"
,"CLJRep_1991_1_343","CLJRep 1991 1 343.pdf"
,"CLJRep_1991_1_346","CLJRep 1991 1 346.pdf"
,"CLJRep_1991_1_351","CLJRep 1991 1 351.pdf"
,"CLJRep_1991_1_356","CLJRep 1991 1 356.pdf"
,"CLJRep_1991_1_359","CLJRep 1991 1 359.pdf"
,"CLJRep_1991_1_362","CLJRep 1991 1 362.pdf"
,"CLJRep_1991_1_373","CLJRep 1991 1 373.pdf"
,"CLJRep_1991_1_381","CLJRep 1991 1 381.pdf"
,"CLJRep_1991_1_385","CLJRep 1991 1 385.pdf"
,"CLJRep_1991_1_391","CLJRep 1991 1 391.pdf"
,"CLJRep_1991_1_396","CLJRep 1991 1 396.pdf"
,"CLJRep_1991_1_401","CLJRep 1991 1 401.pdf"
,"CLJRep_1991_1_406","CLJRep 1991 1 406.pdf"
,"CLJRep_1991_1_412","CLJRep 1991 1 412.pdf"
,"CLJRep_1991_1_419","CLJRep 1991 1 419.pdf"
,"CLJRep_1991_1_428","CLJRep 1991 1 428.pdf"
,"CLJRep_1991_1_432","CLJRep 1991 1 432.pdf"
,"CLJRep_1991_1_436","CLJRep 1991 1 436.pdf"
,"CLJRep_1991_1_441","CLJRep 1991 1 441.pdf"
,"CLJRep_1991_1_447","CLJRep 1991 1 447.pdf"
,"CLJRep_1991_1_451","CLJRep 1991 1 451.pdf"
,"CLJRep_1991_1_458","CLJRep 1991 1 458.pdf"
,"CLJRep_1991_1_465","CLJRep 1991 1 465.pdf"
,"CLJRep_1991_1_471","CLJRep 1991 1 471.pdf"
,"CLJRep_1991_1_474","CLJRep 1991 1 474.pdf"
,"CLJRep_1991_1_48","CLJRep 1991 1 48.pdf"
,"CLJRep_1991_1_484","CLJRep 1991 1 484.pdf"
,"CLJRep_1991_1_492","CLJRep 1991 1 492.pdf"
,"CLJRep_1991_1_499","CLJRep 1991 1 499.pdf"
,"CLJRep_1991_1_5","CLJRep 1991 1 5.pdf"
,"CLJRep_1991_1_505","CLJRep 1991 1 505.pdf"
,"CLJRep_1991_1_508","CLJRep 1991 1 508.pdf"
,"CLJRep_1991_1_514","CLJRep 1991 1 514.pdf"
,"CLJRep_1991_1_516","CLJRep 1991 1 516.pdf"
,"CLJRep_1991_1_520","CLJRep 1991 1 520.pdf"
,"CLJRep_1991_1_525","CLJRep 1991 1 525.pdf"
,"CLJRep_1991_1_54","CLJRep 1991 1 54.pdf"
,"CLJRep_1991_1_548","CLJRep 1991 1 548.pdf"
,"CLJRep_1991_1_553","CLJRep 1991 1 553.pdf"
,"CLJRep_1991_1_557","CLJRep 1991 1 557.pdf"
,"CLJRep_1991_1_560","CLJRep 1991 1 560.pdf"
,"CLJRep_1991_1_566","CLJRep 1991 1 566.pdf"
,"CLJRep_1991_1_570","CLJRep 1991 1 570.pdf"
,"CLJRep_1991_1_577","CLJRep 1991 1 577.pdf"
,"CLJRep_1991_1_580","CLJRep 1991 1 580.pdf"
,"CLJRep_1991_1_583","CLJRep 1991 1 583.pdf"
,"CLJRep_1991_1_587","CLJRep 1991 1 587.pdf"
,"CLJRep_1991_1_591","CLJRep 1991 1 591.pdf"
,"CLJRep_1991_1_595","CLJRep 1991 1 595.pdf"
,"CLJRep_1991_1_600","CLJRep 1991 1 600.pdf"
,"CLJRep_1991_1_605","CLJRep 1991 1 605.pdf"
,"CLJRep_1991_1_609","CLJRep 1991 1 609.pdf"
,"CLJRep_1991_1_61","CLJRep 1991 1 61.pdf"
,"CLJRep_1991_1_614","CLJRep 1991 1 614.pdf"
,"CLJRep_1991_1_618","CLJRep 1991 1 618.pdf"
,"CLJRep_1991_1_629","CLJRep 1991 1 629.pdf"
,"CLJRep_1991_1_633","CLJRep 1991 1 633.pdf"
,"CLJRep_1991_1_643","CLJRep 1991 1 643.pdf"
,"CLJRep_1991_1_646","CLJRep 1991 1 646.pdf"
,"CLJRep_1991_1_650","CLJRep 1991 1 650.pdf"
,"CLJRep_1991_1_654","CLJRep 1991 1 654.pdf"
,"CLJRep_1991_1_661","CLJRep 1991 1 661.pdf"
,"CLJRep_1991_1_664","CLJRep 1991 1 664.pdf"
,"CLJRep_1991_1_667","CLJRep 1991 1 667.pdf"
,"CLJRep_1991_1_672","CLJRep 1991 1 672.pdf"
,"CLJRep_1991_1_678","CLJRep 1991 1 678.pdf"
,"CLJRep_1991_1_681","CLJRep 1991 1 681.pdf"
,"CLJRep_1991_1_686","CLJRep 1991 1 686.pdf"
,"CLJRep_1991_1_69","CLJRep 1991 1 69.pdf"
,"CLJRep_1991_1_691","CLJRep 1991 1 691.pdf"
,"CLJRep_1991_1_696","CLJRep 1991 1 696.pdf"
,"CLJRep_1991_1_699","CLJRep 1991 1 699.pdf"
,"CLJRep_1991_1_707","CLJRep 1991 1 707.pdf"
,"CLJRep_1991_1_715","CLJRep 1991 1 715.pdf"
,"CLJRep_1991_1_723","CLJRep 1991 1 723.pdf"
,"CLJRep_1991_1_728","CLJRep 1991 1 728.pdf"
,"CLJRep_1991_1_732","CLJRep 1991 1 732.pdf"
,"CLJRep_1991_1_737","CLJRep 1991 1 737.pdf"
,"CLJRep_1991_1_77","CLJRep 1991 1 77.pdf"
,"CLJRep_1991_1_87","CLJRep 1991 1 87.pdf"
,"CLJRep_1991_1_94","CLJRep 1991 1 94.pdf"
cljrep_1991_2,"CLJRep_1991_2_1","CLJRep 1991 2 1.pdf","Current Law Journal Reprint, 1991, Volume 2",[1991],texts,opensource
,"CLJRep_1991_2_11","CLJRep 1991 2 11.pdf"
,"CLJRep_1991_2_116","CLJRep 1991 2 116.pdf"
,"CLJRep_1991_2_127","CLJRep 1991 2 127.pdf"
,"CLJRep_1991_2_133","CLJRep 1991 2 133.pdf"
,"CLJRep_1991_2_138","CLJRep 1991 2 138.pdf"
,"CLJRep_1991_2_149","CLJRep 1991 2 149.pdf"
,"CLJRep_1991_2_158","CLJRep 1991 2 158.pdf"
,"CLJRep_1991_2_162","CLJRep 1991 2 162.pdf"
,"CLJRep_1991_2_165","CLJRep 1991 2 165.pdf"
,"CLJRep_1991_2_167","CLJRep 1991 2 167.pdf"
,"CLJRep_1991_2_170","CLJRep 1991 2 170.pdf"
,"CLJRep_1991_2_174","CLJRep 1991 2 174.pdf"
,"CLJRep_1991_2_176","CLJRep 1991 2 176.pdf"
,"CLJRep_1991_2_180","CLJRep 1991 2 180.pdf"
,"CLJRep_1991_2_183","CLJRep 1991 2 183.pdf"
,"CLJRep_1991_2_186","CLJRep 1991 2 186.pdf"
,"CLJRep_1991_2_193","CLJRep 1991 2 193.pdf"
,"CLJRep_1991_2_20","CLJRep 1991 2 20.pdf"
,"CLJRep_1991_2_200","CLJRep 1991 2 200.pdf"
,"CLJRep_1991_2_204","CLJRep 1991 2 204.pdf"
,"CLJRep_1991_2_209","CLJRep 1991 2 209.pdf"
,"CLJRep_1991_2_213","CLJRep 1991 2 213.pdf"
,"CLJRep_1991_2_223","CLJRep 1991 2 223.pdf"
,"CLJRep_1991_2_227","CLJRep 1991 2 227.pdf"
,"CLJRep_1991_2_238","CLJRep 1991 2 238.pdf"
,"CLJRep_1991_2_241","CLJRep 1991 2 241.pdf"
,"CLJRep_1991_2_247","CLJRep 1991 2 247.pdf"
,"CLJRep_1991_2_251","CLJRep 1991 2 251.pdf"
,"CLJRep_1991_2_256","CLJRep 1991 2 256.pdf"
,"CLJRep_1991_2_26","CLJRep 1991 2 26.pdf"
,"CLJRep_1991_2_261","CLJRep 1991 2 261.pdf"
,"CLJRep_1991_2_265","CLJRep 1991 2 265.pdf"
,"CLJRep_1991_2_269","CLJRep 1991 2 269.pdf"
,"CLJRep_1991_2_278","CLJRep 1991 2 278.pdf"
,"CLJRep_1991_2_284","CLJRep 1991 2 284.pdf"
,"CLJRep_1991_2_288","CLJRep 1991 2 288.pdf"
,"CLJRep_1991_2_294","CLJRep 1991 2 294.pdf"
,"CLJRep_1991_2_310","CLJRep 1991 2 310.pdf"
,"CLJRep_1991_2_319","CLJRep 1991 2 319.pdf"
,"CLJRep_1991_2_323","CLJRep 1991 2 323.pdf"
,"CLJRep_1991_2_327","CLJRep 1991 2 327.pdf"
,"CLJRep_1991_2_332","CLJRep 1991 2 332.pdf"
,"CLJRep_1991_2_341","CLJRep 1991 2 341.pdf"
,"CLJRep_1991_2_350","CLJRep 1991 2 350.pdf"
,"CLJRep_1991_2_355","CLJRep 1991 2 355.pdf"
,"CLJRep_1991_2_359","CLJRep 1991 2 359.pdf"
,"CLJRep_1991_2_36","CLJRep 1991 2 36.pdf"
,"CLJRep_1991_2_367","CLJRep 1991 2 367.pdf"
,"CLJRep_1991_2_371","CLJRep 1991 2 371.pdf"
,"CLJRep_1991_2_375","CLJRep 1991 2 375.pdf"
,"CLJRep_1991_2_385","CLJRep 1991 2 385.pdf"
,"CLJRep_1991_2_389","CLJRep 1991 2 389.pdf"
,"CLJRep_1991_2_394","CLJRep 1991 2 394.pdf"
,"CLJRep_1991_2_408","CLJRep 1991 2 408.pdf"
,"CLJRep_1991_2_412","CLJRep 1991 2 412.pdf"
,"CLJRep_1991_2_418","CLJRep 1991 2 418.pdf"
,"CLJRep_1991_2_422","CLJRep 1991 2 422.pdf"
,"CLJRep_1991_2_431","CLJRep 1991 2 431.pdf"
,"CLJRep_1991_2_434","CLJRep 1991 2 434.pdf"
,"CLJRep_1991_2_438","CLJRep 1991 2 438.pdf"
,"CLJRep_1991_2_444","CLJRep 1991 2 444.pdf"
,"CLJRep_1991_2_448","CLJRep 1991 2 448.pdf"
,"CLJRep_1991_2_453","CLJRep 1991 2 453.pdf"
,"CLJRep_1991_2_462","CLJRep 1991 2 462.pdf"
,"CLJRep_1991_2_467","CLJRep 1991 2 467.pdf"
,"CLJRep_1991_2_477","CLJRep 1991 2 477.pdf"
,"CLJRep_1991_2_479","CLJRep 1991 2 479.pdf"
,"CLJRep_1991_2_487","CLJRep 1991 2 487.pdf"
,"CLJRep_1991_2_5","CLJRep 1991 2 5.pdf"
,"CLJRep_1991_2_521","CLJRep 1991 2 521.pdf"
,"CLJRep_1991_2_525","CLJRep 1991 2 525.pdf"
,"CLJRep_1991_2_53","CLJRep 1991 2 53.pdf"
,"CLJRep_1991_2_535","CLJRep 1991 2 535.pdf"
,"CLJRep_1991_2_543","CLJRep 1991 2 543.pdf"
,"CLJRep_1991_2_546","CLJRep 1991 2 546.pdf"
,"CLJRep_1991_2_548","CLJRep 1991 2 548.pdf"
,"CLJRep_1991_2_554","CLJRep 1991 2 554.pdf"
,"CLJRep_1991_2_559","CLJRep 1991 2 559.pdf"
,"CLJRep_1991_2_564","CLJRep 1991 2 564.pdf"
,"CLJRep_1991_2_571","CLJRep 1991 2 571.pdf"
,"CLJRep_1991_2_578","CLJRep 1991 2 578.pdf"
,"CLJRep_1991_2_582","CLJRep 1991 2 582.pdf"
,"CLJRep_1991_2_593","CLJRep 1991 2 593.pdf"
,"CLJRep_1991_2_606","CLJRep 1991 2 606.pdf"
,"CLJRep_1991_2_609","CLJRep 1991 2 609.pdf"
,"CLJRep_1991_2_612","CLJRep 1991 2 612.pdf"
,"CLJRep_1991_2_614","CLJRep 1991 2 614.pdf"
,"CLJRep_1991_2_629","CLJRep 1991 2 629.pdf"
,"CLJRep_1991_2_633","CLJRep 1991 2 633.pdf"
,"CLJRep_1991_2_646","CLJRep 1991 2 646.pdf"
,"CLJRep_1991_2_65","CLJRep 1991 2 65.pdf"
,"CLJRep_1991_2_653","CLJRep 1991 2 653.pdf"
,"CLJRep_1991_2_658","CLJRep 1991 2 658.pdf"
,"CLJRep_1991_2_664","CLJRep 1991 2 664.pdf"
,"CLJRep_1991_2_670","CLJRep 1991 2 670.pdf"
,"CLJRep_1991_2_674","CLJRep 1991 2 674.pdf"
,"CLJRep_1991_2_677","CLJRep 1991 2 677.pdf"
,"CLJRep_1991_2_684","CLJRep 1991 2 684.pdf"
,"CLJRep_1991_2_697","CLJRep 1991 2 697.pdf"
,"CLJRep_1991_2_70","CLJRep 1991 2 70.pdf"
,"CLJRep_1991_2_701","CLJRep 1991 2 701.pdf"
,"CLJRep_1991_2_707","CLJRep 1991 2 707.pdf"
,"CLJRep_1991_2_714","CLJRep 1991 2 714.pdf"
,"CLJRep_1991_2_718","CLJRep 1991 2 718.pdf"
,"CLJRep_1991_2_722","CLJRep 1991 2 722.pdf"
,"CLJRep_1991_2_728","CLJRep 1991 2 728.pdf"
,"CLJRep_1991_2_732","CLJRep 1991 2 732.pdf"
,"CLJRep_1991_2_739","CLJRep 1991 2 739.pdf"
,"CLJRep_1991_2_745","CLJRep 1991 2 745.pdf"
,"CLJRep_1991_2_751","CLJRep 1991 2 751.pdf"
,"CLJRep_1991_2_759","CLJRep 1991 2 759.pdf"
,"CLJRep_1991_2_765","CLJRep 1991 2 765.pdf"
,"CLJRep_1991_2_770","CLJRep 1991 2 770.pdf"
,"CLJRep_1991_2_773","CLJRep 1991 2 773.pdf"
,"CLJRep_1991_2_78","CLJRep 1991 2 78.pdf"
,"CLJRep_1991_2_782","CLJRep 1991 2 782.pdf"
,"CLJRep_1991_2_786","CLJRep 1991 2 786.pdf"
,"CLJRep_1991_2_789","CLJRep 1991 2 789.pdf"
,"CLJRep_1991_2_796","CLJRep 1991 2 796.pdf"
,"CLJRep_1991_2_800","CLJRep 1991 2 800.pdf"
,"CLJRep_1991_2_86","CLJRep 1991 2 86.pdf"
,"CLJRep_1991_2_90","CLJRep 1991 2 90.pdf"
,"CLJRep_1991_2_99","CLJRep 1991 2 99.pdf"
cljrep_1991_3,"CLJRep_1991_3_1","CLJRep 1991 3 1.pdf","Current Law Journal Reprint, 1991, Volume 3",[1991],texts,opensource
,"CLJRep_1991_3_10","CLJRep 1991 3 10.pdf"
,"CLJRep_1991_3_113","CLJRep 1991 3 113.pdf"
,"CLJRep_1991_3_121","CLJRep 1991 3 121.pdf"
,"CLJRep_1991_3_128","CLJRep 1991 3 128.pdf"
,"CLJRep_1991_3_131","CLJRep 1991 3 131.pdf"
,"CLJRep_1991_3_134","CLJRep 1991 3 134.pdf"
,"CLJRep_1991_3_138","CLJRep 1991 3 138.pdf"
,"CLJRep_1991_3_144","CLJRep 1991 3 144.pdf"
,"CLJRep_1991_3_152","CLJRep 1991 3 152.pdf"
,"CLJRep_1991_3_156","CLJRep 1991 3 156.pdf"
,"CLJRep_1991_3_161","CLJRep 1991 3 161.pdf"
,"CLJRep_1991_3_167","CLJRep 1991 3 167.pdf"
,"CLJRep_1991_3_17","CLJRep 1991 3 17.pdf"
,"CLJRep_1991_3_177","CLJRep 1991 3 177.pdf"
,"CLJRep_1991_3_180","CLJRep 1991 3 180.pdf"
,"CLJRep_1991_3_183","CLJRep 1991 3 183.pdf"
,"CLJRep_1991_3_186","CLJRep 1991 3 186.pdf"
,"CLJRep_1991_3_195","CLJRep 1991 3 195.pdf"
,"CLJRep_1991_3_20","CLJRep 1991 3 20.pdf"
,"CLJRep_1991_3_208","CLJRep 1991 3 208.pdf"
,"CLJRep_1991_3_215","CLJRep 1991 3 215.pdf"
,"CLJRep_1991_3_224","CLJRep 1991 3 224.pdf"
,"CLJRep_1991_3_231","CLJRep 1991 3 231.pdf"
,"CLJRep_1991_3_236","CLJRep 1991 3 236.pdf"
,"CLJRep_1991_3_239","CLJRep 1991 3 239.pdf"
,"CLJRep_1991_3_261","CLJRep 1991 3 261.pdf"
,"CLJRep_1991_3_264","CLJRep 1991 3 264.pdf"
,"CLJRep_1991_3_27","CLJRep 1991 3 27.pdf"
,"CLJRep_1991_3_270","CLJRep 1991 3 270.pdf"
,"CLJRep_1991_3_278","CLJRep 1991 3 278.pdf"
,"CLJRep_1991_3_281","CLJRep 1991 3 281.pdf"
,"CLJRep_1991_3_287","CLJRep 1991 3 287.pdf"
,"CLJRep_1991_3_292","CLJRep 1991 3 292.pdf"
,"CLJRep_1991_3_297","CLJRep 1991 3 297.pdf"
,"CLJRep_1991_3_301","CLJRep 1991 3 301.pdf"
,"CLJRep_1991_3_306","CLJRep 1991 3 306.pdf"
,"CLJRep_1991_3_309","CLJRep 1991 3 309.pdf"
,"CLJRep_1991_3_313","CLJRep 1991 3 313.pdf"
,"CLJRep_1991_3_317","CLJRep 1991 3 317.pdf"
,"CLJRep_1991_3_323","CLJRep 1991 3 323.pdf"
,"CLJRep_1991_3_328","CLJRep 1991 3 328.pdf"
,"CLJRep_1991_3_33","CLJRep 1991 3 33.pdf"
,"CLJRep_1991_3_334","CLJRep 1991 3 334.pdf"
,"CLJRep_1991_3_339","CLJRep 1991 3 339.pdf"
,"CLJRep_1991_3_351","CLJRep 1991 3 351.pdf"
,"CLJRep_1991_3_356","CLJRep 1991 3 356.pdf"
,"CLJRep_1991_3_363","CLJRep 1991 3 363.pdf"
,"CLJRep_1991_3_369","CLJRep 1991 3 369.pdf"
,"CLJRep_1991_3_376","CLJRep 1991 3 376.pdf"
,"CLJRep_1991_3_383","CLJRep 1991 3 383.pdf"
,"CLJRep_1991_3_39","CLJRep 1991 3 39.pdf"
,"CLJRep_1991_3_395","CLJRep 1991 3 395.pdf"
,"CLJRep_1991_3_399","CLJRep 1991 3 399.pdf"
,"CLJRep_1991_3_403","CLJRep 1991 3 403.pdf"
,"CLJRep_1991_3_409","CLJRep 1991 3 409.pdf"
,"CLJRep_1991_3_415","CLJRep 1991 3 415.pdf"
,"CLJRep_1991_3_429","CLJRep 1991 3 429.pdf"
,"CLJRep_1991_3_436","CLJRep 1991 3 436.pdf"
,"CLJRep_1991_3_439","CLJRep 1991 3 439.pdf"
,"CLJRep_1991_3_44","CLJRep 1991 3 44.pdf"
,"CLJRep_1991_3_445","CLJRep 1991 3 445.pdf"
,"CLJRep_1991_3_451","CLJRep 1991 3 451.pdf"
,"CLJRep_1991_3_454","CLJRep 1991 3 454.pdf"
,"CLJRep_1991_3_463","CLJRep 1991 3 463.pdf"
,"CLJRep_1991_3_468","CLJRep 1991 3 468.pdf"
,"CLJRep_1991_3_479","CLJRep 1991 3 479.pdf"
,"CLJRep_1991_3_491","CLJRep 1991 3 491.pdf"
,"CLJRep_1991_3_496","CLJRep 1991 3 496.pdf"
,"CLJRep_1991_3_500","CLJRep 1991 3 500.pdf"
,"CLJRep_1991_3_505","CLJRep 1991 3 505.pdf"
,"CLJRep_1991_3_513","CLJRep 1991 3 513.pdf"
,"CLJRep_1991_3_518","CLJRep 1991 3 518.pdf"
,"CLJRep_1991_3_524","CLJRep 1991 3 524.pdf"
,"CLJRep_1991_3_53","CLJRep 1991 3 53.pdf"
,"CLJRep_1991_3_530","CLJRep 1991 3 530.pdf"
,"CLJRep_1991_3_534","CLJRep 1991 3 534.pdf"
,"CLJRep_1991_3_538","CLJRep 1991 3 538.pdf"
,"CLJRep_1991_3_545","CLJRep 1991 3 545.pdf"
,"CLJRep_1991_3_557","CLJRep 1991 3 557.pdf"
,"CLJRep_1991_3_572","CLJRep 1991 3 572.pdf"
,"CLJRep_1991_3_578","CLJRep 1991 3 578.pdf"
,"CLJRep_1991_3_584","CLJRep 1991 3 584.pdf"
,"CLJRep_1991_3_593","CLJRep 1991 3 593.pdf"
,"CLJRep_1991_3_600","CLJRep 1991 3 600.pdf"
,"CLJRep_1991_3_604","CLJRep 1991 3 604.pdf"
,"CLJRep_1991_3_611","CLJRep 1991 3 611.pdf"
,"CLJRep_1991_3_618","CLJRep 1991 3 618.pdf"
,"CLJRep_1991_3_620","CLJRep 1991 3 620.pdf"
,"CLJRep_1991_3_645","CLJRep 1991 3 645.pdf"
,"CLJRep_1991_3_649","CLJRep 1991 3 649.pdf"
,"CLJRep_1991_3_656","CLJRep 1991 3 656.pdf"
,"CLJRep_1991_3_66","CLJRep 1991 3 66.pdf"
,"CLJRep_1991_3_664","CLJRep 1991 3 664.pdf"
,"CLJRep_1991_3_670","CLJRep 1991 3 670.pdf"
,"CLJRep_1991_3_677","CLJRep 1991 3 677.pdf"
,"CLJRep_1991_3_682","CLJRep 1991 3 682.pdf"
,"CLJRep_1991_3_686","CLJRep 1991 3 686.pdf"
,"CLJRep_1991_3_692","CLJRep 1991 3 692.pdf"
,"CLJRep_1991_3_7","CLJRep 1991 3 7.pdf"
,"CLJRep_1991_3_701","CLJRep 1991 3 701.pdf"
,"CLJRep_1991_3_706","CLJRep 1991 3 706.pdf"
,"CLJRep_1991_3_715","CLJRep 1991 3 715.pdf"
,"CLJRep_1991_3_719","CLJRep 1991 3 719.pdf"
,"CLJRep_1991_3_723","CLJRep 1991 3 723.pdf"
,"CLJRep_1991_3_73","CLJRep 1991 3 73.pdf"
,"CLJRep_1991_3_731","CLJRep 1991 3 731.pdf"
,"CLJRep_1991_3_748","CLJRep 1991 3 748.pdf"
,"CLJRep_1991_3_75","CLJRep 1991 3 75.pdf"
,"CLJRep_1991_3_752","CLJRep 1991 3 752.pdf"
,"CLJRep_1991_3_756","CLJRep 1991 3 756.pdf"
,"CLJRep_1991_3_759","CLJRep 1991 3 759.pdf"
,"CLJRep_1991_3_766","CLJRep 1991 3 766.pdf"
,"CLJRep_1991_3_773","CLJRep 1991 3 773.pdf"
,"CLJRep_1991_3_783","CLJRep 1991 3 783.pdf"
,"CLJRep_1991_3_86","CLJRep 1991 3 86.pdf"
,"CLJRep_1991_3_91","CLJRep 1991 3 91.pdf"
,"CLJRep_1991_3_97","CLJRep 1991 3 97.pdf"
cljrep_1991_4,"CLJRep_1991_4_1","CLJRep 1991 4 1.pdf","Current Law Journal Reprint, 1991, Volume 4",[1991],texts,opensource
,"CLJRep_1991_4_100","CLJRep 1991 4 100.pdf"
,"CLJRep_1991_4_1000","CLJRep 1991 4 1000.pdf"
,"CLJRep_1991_4_1009","CLJRep 1991 4 1009.pdf"
,"CLJRep_1991_4_1017","CLJRep 1991 4 1017.pdf"
,"CLJRep_1991_4_1027","CLJRep 1991 4 1027.pdf"
,"CLJRep_1991_4_1038","CLJRep 1991 4 1038.pdf"
,"CLJRep_1991_4_1060","CLJRep 1991 4 1060.pdf"
,"CLJRep_1991_4_1066","CLJRep 1991 4 1066.pdf"
,"CLJRep_1991_4_107","CLJRep 1991 4 107.pdf"
,"CLJRep_1991_4_1074","CLJRep 1991 4 1074.pdf"
,"CLJRep_1991_4_1086","CLJRep 1991 4 1086.pdf"
,"CLJRep_1991_4_1100","CLJRep 1991 4 1100.pdf"
,"CLJRep_1991_4_111","CLJRep 1991 4 111.pdf"
,"CLJRep_1991_4_1110","CLJRep 1991 4 1110.pdf"
,"CLJRep_1991_4_1122","CLJRep 1991 4 1122.pdf"
,"CLJRep_1991_4_1129","CLJRep 1991 4 1129.pdf"
,"CLJRep_1991_4_1137","CLJRep 1991 4 1137.pdf"
,"CLJRep_1991_4_1152","CLJRep 1991 4 1152.pdf"
,"CLJRep_1991_4_1166","CLJRep 1991 4 1166.pdf"
,"CLJRep_1991_4_1174","CLJRep 1991 4 1174.pdf"
,"CLJRep_1991_4_118","CLJRep 1991 4 118.pdf"
,"CLJRep_1991_4_1183","CLJRep 1991 4 1183.pdf"
,"CLJRep_1991_4_1189","CLJRep 1991 4 1189.pdf"
,"CLJRep_1991_4_1204","CLJRep 1991 4 1204.pdf"
,"CLJRep_1991_4_121","CLJRep 1991 4 121.pdf"
,"CLJRep_1991_4_1242","CLJRep 1991 4 1242.pdf"
,"CLJRep_1991_4_1260","CLJRep 1991 4 1260.pdf"
,"CLJRep_1991_4_127","CLJRep 1991 4 127.pdf"
,"CLJRep_1991_4_130","CLJRep 1991 4 130.pdf"
,"CLJRep_1991_4_136","CLJRep 1991 4 136.pdf"
,"CLJRep_1991_4_140","CLJRep 1991 4 140.pdf"
,"CLJRep_1991_4_146","CLJRep 1991 4 146.pdf"
,"CLJRep_1991_4_150","CLJRep 1991 4 150.pdf"
,"CLJRep_1991_4_154","CLJRep 1991 4 154.pdf"
,"CLJRep_1991_4_157","CLJRep 1991 4 157.pdf"
,"CLJRep_1991_4_16","CLJRep 1991 4 16.pdf"
,"CLJRep_1991_4_163","CLJRep 1991 4 163.pdf"
,"CLJRep_1991_4_172","CLJRep 1991 4 172.pdf"
,"CLJRep_1991_4_179","CLJRep 1991 4 179.pdf"
,"CLJRep_1991_4_184","CLJRep 1991 4 184.pdf"
,"CLJRep_1991_4_188","CLJRep 1991 4 188.pdf"
,"CLJRep_1991_4_197","CLJRep 1991 4 197.pdf"
,"CLJRep_1991_4_201","CLJRep 1991 4 201.pdf"
,"CLJRep_1991_4_214","CLJRep 1991 4 214.pdf"
,"CLJRep_1991_4_218","CLJRep 1991 4 218.pdf"
,"CLJRep_1991_4_22","CLJRep 1991 4 22.pdf"
,"CLJRep_1991_4_221","CLJRep 1991 4 221.pdf"
,"CLJRep_1991_4_229","CLJRep 1991 4 229.pdf"
,"CLJRep_1991_4_235","CLJRep 1991 4 235.pdf"
,"CLJRep_1991_4_243","CLJRep 1991 4 243.pdf"
,"CLJRep_1991_4_248","CLJRep 1991 4 248.pdf"
,"CLJRep_1991_4_257","CLJRep 1991 4 257.pdf"
,"CLJRep_1991_4_278","CLJRep 1991 4 278.pdf"
,"CLJRep_1991_4_285","CLJRep 1991 4 285.pdf"
,"CLJRep_1991_4_29","CLJRep 1991 4 29.pdf"
,"CLJRep_1991_4_297","CLJRep 1991 4 297.pdf"
,"CLJRep_1991_4_300","CLJRep 1991 4 300.pdf"
,"CLJRep_1991_4_305","CLJRep 1991 4 305.pdf"
,"CLJRep_1991_4_312","CLJRep 1991 4 312.pdf"
,"CLJRep_1991_4_321","CLJRep 1991 4 321.pdf"
,"CLJRep_1991_4_338","CLJRep 1991 4 338.pdf"
,"CLJRep_1991_4_34","CLJRep 1991 4 34.pdf"
,"CLJRep_1991_4_346","CLJRep 1991 4 346.pdf"
,"CLJRep_1991_4_349","CLJRep 1991 4 349.pdf"
,"CLJRep_1991_4_355","CLJRep 1991 4 355.pdf"
,"CLJRep_1991_4_373","CLJRep 1991 4 373.pdf"
,"CLJRep_1991_4_384","CLJRep 1991 4 384.pdf"
,"CLJRep_1991_4_400","CLJRep 1991 4 400.pdf"
,"CLJRep_1991_4_409","CLJRep 1991 4 409.pdf"
,"CLJRep_1991_4_417","CLJRep 1991 4 417.pdf"
,"CLJRep_1991_4_425","CLJRep 1991 4 425.pdf"
,"CLJRep_1991_4_429","CLJRep 1991 4 429.pdf"
,"CLJRep_1991_4_432","CLJRep 1991 4 432.pdf"
,"CLJRep_1991_4_438","CLJRep 1991 4 438.pdf"
,"CLJRep_1991_4_448","CLJRep 1991 4 448.pdf"
,"CLJRep_1991_4_453","CLJRep 1991 4 453.pdf"
,"CLJRep_1991_4_458","CLJRep 1991 4 458.pdf"
,"CLJRep_1991_4_467","CLJRep 1991 4 467.pdf"
,"CLJRep_1991_4_473","CLJRep 1991 4 473.pdf"
,"CLJRep_1991_4_485","CLJRep 1991 4 485.pdf"
,"CLJRep_1991_4_495","CLJRep 1991 4 495.pdf"
,"CLJRep_1991_4_50","CLJRep 1991 4 50.pdf"
,"CLJRep_1991_4_503","CLJRep 1991 4 503.pdf"
,"CLJRep_1991_4_511","CLJRep 1991 4 511.pdf"
,"CLJRep_1991_4_525","CLJRep 1991 4 525.pdf"
,"CLJRep_1991_4_531","CLJRep 1991 4 531.pdf"
,"CLJRep_1991_4_535","CLJRep 1991 4 535.pdf"
,"CLJRep_1991_4_545","CLJRep 1991 4 545.pdf"
,"CLJRep_1991_4_550","CLJRep 1991 4 550.pdf"
,"CLJRep_1991_4_56","CLJRep 1991 4 56.pdf"
,"CLJRep_1991_4_560","CLJRep 1991 4 560.pdf"
,"CLJRep_1991_4_564","CLJRep 1991 4 564.pdf"
,"CLJRep_1991_4_576","CLJRep 1991 4 576.pdf"
,"CLJRep_1991_4_593","CLJRep 1991 4 593.pdf"
,"CLJRep_1991_4_601","CLJRep 1991 4 601.pdf"
,"CLJRep_1991_4_612","CLJRep 1991 4 612.pdf"
,"CLJRep_1991_4_618","CLJRep 1991 4 618.pdf"
,"CLJRep_1991_4_63","CLJRep 1991 4 63.pdf"
,"CLJRep_1991_4_631","CLJRep 1991 4 631.pdf"
,"CLJRep_1991_4_635","CLJRep 1991 4 635.pdf"
,"CLJRep_1991_4_642","CLJRep 1991 4 642.pdf"
,"CLJRep_1991_4_655","CLJRep 1991 4 655.pdf"
,"CLJRep_1991_4_660","CLJRep 1991 4 660.pdf"
,"CLJRep_1991_4_680","CLJRep 1991 4 680.pdf"
,"CLJRep_1991_4_684","CLJRep 1991 4 684.pdf"
,"CLJRep_1991_4_689","CLJRep 1991 4 689.pdf"
,"CLJRep_1991_4_694","CLJRep 1991 4 694.pdf"
,"CLJRep_1991_4_70","CLJRep 1991 4 70.pdf"
,"CLJRep_1991_4_708","CLJRep 1991 4 708.pdf"
,"CLJRep_1991_4_716","CLJRep 1991 4 716.pdf"
,"CLJRep_1991_4_725","CLJRep 1991 4 725.pdf"
,"CLJRep_1991_4_737","CLJRep 1991 4 737.pdf"
,"CLJRep_1991_4_74","CLJRep 1991 4 74.pdf"
,"CLJRep_1991_4_750","CLJRep 1991 4 750.pdf"
,"CLJRep_1991_4_755","CLJRep 1991 4 755.pdf"
,"CLJRep_1991_4_764","CLJRep 1991 4 764.pdf"
,"CLJRep_1991_4_779","CLJRep 1991 4 779.pdf"
,"CLJRep_1991_4_790","CLJRep 1991 4 790.pdf"
,"CLJRep_1991_4_798","CLJRep 1991 4 798.pdf"
,"CLJRep_1991_4_814","CLJRep 1991 4 814.pdf"
,"CLJRep_1991_4_822","CLJRep 1991 4 822.pdf"
,"CLJRep_1991_4_833","CLJRep 1991 4 833.pdf"
,"CLJRep_1991_4_853","CLJRep 1991 4 853.pdf"
,"CLJRep_1991_4_862","CLJRep 1991 4 862.pdf"
,"CLJRep_1991_4_866","CLJRep 1991 4 866.pdf"
,"CLJRep_1991_4_874","CLJRep 1991 4 874.pdf"
,"CLJRep_1991_4_877","CLJRep 1991 4 877.pdf"
,"CLJRep_1991_4_887","CLJRep 1991 4 887.pdf"
,"CLJRep_1991_4_894","CLJRep 1991 4 894.pdf"
,"CLJRep_1991_4_9","CLJRep 1991 4 9.pdf"
,"CLJRep_1991_4_90","CLJRep 1991 4 90.pdf"
,"CLJRep_1991_4_909","CLJRep 1991 4 909.pdf"
,"CLJRep_1991_4_913","CLJRep 1991 4 913.pdf"
,"CLJRep_1991_4_919","CLJRep 1991 4 919.pdf"
,"CLJRep_1991_4_922","CLJRep 1991 4 922.pdf"
,"CLJRep_1991_4_929","CLJRep 1991 4 929.pdf"
,"CLJRep_1991_4_934","CLJRep 1991 4 934.pdf"
,"CLJRep_1991_4_937","CLJRep 1991 4 937.pdf"
,"CLJRep_1991_4_942","CLJRep 1991 4 942.pdf"
,"CLJRep_1991_4_946","CLJRep 1991 4 946.pdf"
,"CLJRep_1991_4_954","CLJRep 1991 4 954.pdf"
,"CLJRep_1991_4_960","CLJRep 1991 4 960.pdf"
,"CLJRep_1991_4_967","CLJRep 1991 4 967.pdf"
,"CLJRep_1991_4_973","CLJRep 1991 4 973.pdf"
,"CLJRep_1991_4_979","CLJRep 1991 4 979.pdf"
,"CLJRep_1991_4_987","CLJRep 1991 4 987.pdf"
,"CLJRep_1991_4_993","CLJRep 1991 4 993.pdf"
cljrep_1992_1,"CLJRep_1992_1_1","CLJRep 1992 1 1.pdf","Current Law Journal Reprint, 1992, Volume 1",[1992],texts,opensource
,"CLJRep_1992_1_10","CLJRep 1992 1 10.pdf"
,"CLJRep_1992_1_100","CLJRep 1992 1 100.pdf"
,"CLJRep_1992_1_104","CLJRep 1992 1 104.pdf"
,"CLJRep_1992_1_112","CLJRep 1992 1 112.pdf"
,"CLJRep_1992_1_120","CLJRep 1992 1 120.pdf"
,"CLJRep_1992_1_129","CLJRep 1992 1 129.pdf"
,"CLJRep_1992_1_135","CLJRep 1992 1 135.pdf"
,"CLJRep_1992_1_14","CLJRep 1992 1 14.pdf"
,"CLJRep_1992_1_143","CLJRep 1992 1 143.pdf"
,"CLJRep_1992_1_150","CLJRep 1992 1 150.pdf"
,"CLJRep_1992_1_168","CLJRep 1992 1 168.pdf"
,"CLJRep_1992_1_173","CLJRep 1992 1 173.pdf"
,"CLJRep_1992_1_184","CLJRep 1992 1 184.pdf"
,"CLJRep_1992_1_195","CLJRep 1992 1 195.pdf"
,"CLJRep_1992_1_201","CLJRep 1992 1 201.pdf"
,"CLJRep_1992_1_207","CLJRep 1992 1 207.pdf"
,"CLJRep_1992_1_212","CLJRep 1992 1 212.pdf"
,"CLJRep_1992_1_216","CLJRep 1992 1 216.pdf"
,"CLJRep_1992_1_222","CLJRep 1992 1 222.pdf"
,"CLJRep_1992_1_230","CLJRep 1992 1 230.pdf"
,"CLJRep_1992_1_244","CLJRep 1992 1 244.pdf"
,"CLJRep_1992_1_251","CLJRep 1992 1 251.pdf"
,"CLJRep_1992_1_265","CLJRep 1992 1 265.pdf"
,"CLJRep_1992_1_27","CLJRep 1992 1 27.pdf"
,"CLJRep_1992_1_272","CLJRep 1992 1 272.pdf"
,"CLJRep_1992_1_278","CLJRep 1992 1 278.pdf"
,"CLJRep_1992_1_285","CLJRep 1992 1 285.pdf"
,"CLJRep_1992_1_295","CLJRep 1992 1 295.pdf"
,"CLJRep_1992_1_303","CLJRep 1992 1 303.pdf"
,"CLJRep_1992_1_310","CLJRep 1992 1 310.pdf"
,"CLJRep_1992_1_316","CLJRep 1992 1 316.pdf"
,"CLJRep_1992_1_324","CLJRep 1992 1 324.pdf"
,"CLJRep_1992_1_331","CLJRep 1992 1 331.pdf"
,"CLJRep_1992_1_344","CLJRep 1992 1 344.pdf"
,"CLJRep_1992_1_348","CLJRep 1992 1 348.pdf"
,"CLJRep_1992_1_35","CLJRep 1992 1 35.pdf"
,"CLJRep_1992_1_356","CLJRep 1992 1 356.pdf"
,"CLJRep_1992_1_372","CLJRep 1992 1 372.pdf"
,"CLJRep_1992_1_376","CLJRep 1992 1 376.pdf"
,"CLJRep_1992_1_381","CLJRep 1992 1 381.pdf"
,"CLJRep_1992_1_391","CLJRep 1992 1 391.pdf"
,"CLJRep_1992_1_394","CLJRep 1992 1 394.pdf"
,"CLJRep_1992_1_398","CLJRep 1992 1 398.pdf"
,"CLJRep_1992_1_402","CLJRep 1992 1 402.pdf"
,"CLJRep_1992_1_416","CLJRep 1992 1 416.pdf"
,"CLJRep_1992_1_419","CLJRep 1992 1 419.pdf"
,"CLJRep_1992_1_421","CLJRep 1992 1 421.pdf"
,"CLJRep_1992_1_426","CLJRep 1992 1 426.pdf"
,"CLJRep_1992_1_429","CLJRep 1992 1 429.pdf"
,"CLJRep_1992_1_43","CLJRep 1992 1 43.pdf"
,"CLJRep_1992_1_434","CLJRep 1992 1 434.pdf"
,"CLJRep_1992_1_441","CLJRep 1992 1 441.pdf"
,"CLJRep_1992_1_448","CLJRep 1992 1 448.pdf"
,"CLJRep_1992_1_453","CLJRep 1992 1 453.pdf"
,"CLJRep_1992_1_459","CLJRep 1992 1 459.pdf"
,"CLJRep_1992_1_463","CLJRep 1992 1 463.pdf"
,"CLJRep_1992_1_466","CLJRep 1992 1 466.pdf"
,"CLJRep_1992_1_469","CLJRep 1992 1 469.pdf"
,"CLJRep_1992_1_474","CLJRep 1992 1 474.pdf"
,"CLJRep_1992_1_479","CLJRep 1992 1 479.pdf"
,"CLJRep_1992_1_483","CLJRep 1992 1 483.pdf"
,"CLJRep_1992_1_489","CLJRep 1992 1 489.pdf"
,"CLJRep_1992_1_492","CLJRep 1992 1 492.pdf"
,"CLJRep_1992_1_497","CLJRep 1992 1 497.pdf"
,"CLJRep_1992_1_503","CLJRep 1992 1 503.pdf"
,"CLJRep_1992_1_509","CLJRep 1992 1 509.pdf"
,"CLJRep_1992_1_513","CLJRep 1992 1 513.pdf"
,"CLJRep_1992_1_517","CLJRep 1992 1 517.pdf"
,"CLJRep_1992_1_52","CLJRep 1992 1 52.pdf"
,"CLJRep_1992_1_523","CLJRep 1992 1 523.pdf"
,"CLJRep_1992_1_529","CLJRep 1992 1 529.pdf"
,"CLJRep_1992_1_534","CLJRep 1992 1 534.pdf"
,"CLJRep_1992_1_541","CLJRep 1992 1 541.pdf"
,"CLJRep_1992_1_546","CLJRep 1992 1 546.pdf"
,"CLJRep_1992_1_558","CLJRep 1992 1 558.pdf"
,"CLJRep_1992_1_567","CLJRep 1992 1 567.pdf"
,"CLJRep_1992_1_570","CLJRep 1992 1 570.pdf"
,"CLJRep_1992_1_575","CLJRep 1992 1 575.pdf"
,"CLJRep_1992_1_58","CLJRep 1992 1 58.pdf"
,"CLJRep_1992_1_591","CLJRep 1992 1 591.pdf"
,"CLJRep_1992_1_595","CLJRep 1992 1 595.pdf"
,"CLJRep_1992_1_606","CLJRep 1992 1 606.pdf"
,"CLJRep_1992_1_612","CLJRep 1992 1 612.pdf"
,"CLJRep_1992_1_623","CLJRep 1992 1 623.pdf"
,"CLJRep_1992_1_631","CLJRep 1992 1 631.pdf"
,"CLJRep_1992_1_635","CLJRep 1992 1 635.pdf"
,"CLJRep_1992_1_639","CLJRep 1992 1 639.pdf"
,"CLJRep_1992_1_643","CLJRep 1992 1 643.pdf"
,"CLJRep_1992_1_647","CLJRep 1992 1 647.pdf"
,"CLJRep_1992_1_650","CLJRep 1992 1 650.pdf"
,"CLJRep_1992_1_68","CLJRep 1992 1 68.pdf"
,"CLJRep_1992_1_72","CLJRep 1992 1 72.pdf"
,"CLJRep_1992_1_8","CLJRep 1992 1 8.pdf"
,"CLJRep_1992_1_90","CLJRep 1992 1 90.pdf"
cljrep_1992_2,"CLJRep_1992_2_1","CLJRep 1992 2 1.pdf","Current Law Journal Reprint, 1992, Volume 2",[1992],texts,opensource
,"CLJRep_1992_2_101","CLJRep 1992 2 101.pdf"
,"CLJRep_1992_2_109","CLJRep 1992 2 109.pdf"
,"CLJRep_1992_2_12","CLJRep 1992 2 12.pdf"
,"CLJRep_1992_2_121","CLJRep 1992 2 121.pdf"
,"CLJRep_1992_2_129","CLJRep 1992 2 129.pdf"
,"CLJRep_1992_2_133","CLJRep 1992 2 133.pdf"
,"CLJRep_1992_2_141","CLJRep 1992 2 141.pdf"
,"CLJRep_1992_2_147","CLJRep 1992 2 147.pdf"
,"CLJRep_1992_2_150","CLJRep 1992 2 150.pdf"
,"CLJRep_1992_2_154","CLJRep 1992 2 154.pdf"
,"CLJRep_1992_2_161","CLJRep 1992 2 161.pdf"
,"CLJRep_1992_2_164","CLJRep 1992 2 164.pdf"
,"CLJRep_1992_2_170","CLJRep 1992 2 170.pdf"
,"CLJRep_1992_2_173","CLJRep 1992 2 173.pdf"
,"CLJRep_1992_2_176","CLJRep 1992 2 176.pdf"
,"CLJRep_1992_2_18","CLJRep 1992 2 18.pdf"
,"CLJRep_1992_2_181","CLJRep 1992 2 181.pdf"
,"CLJRep_1992_2_186","CLJRep 1992 2 186.pdf"
,"CLJRep_1992_2_192","CLJRep 1992 2 192.pdf"
,"CLJRep_1992_2_198","CLJRep 1992 2 198.pdf"
,"CLJRep_1992_2_201","CLJRep 1992 2 201.pdf"
,"CLJRep_1992_2_206","CLJRep 1992 2 206.pdf"
,"CLJRep_1992_2_211","CLJRep 1992 2 211.pdf"
,"CLJRep_1992_2_218","CLJRep 1992 2 218.pdf"
,"CLJRep_1992_2_22","CLJRep 1992 2 22.pdf"
,"CLJRep_1992_2_227","CLJRep 1992 2 227.pdf"
,"CLJRep_1992_2_231","CLJRep 1992 2 231.pdf"
,"CLJRep_1992_2_234","CLJRep 1992 2 234.pdf"
,"CLJRep_1992_2_237","CLJRep 1992 2 237.pdf"
,"CLJRep_1992_2_241","CLJRep 1992 2 241.pdf"
,"CLJRep_1992_2_245","CLJRep 1992 2 245.pdf"
,"CLJRep_1992_2_25","CLJRep 1992 2 25.pdf"
,"CLJRep_1992_2_252","CLJRep 1992 2 252.pdf"
,"CLJRep_1992_2_256","CLJRep 1992 2 256.pdf"
,"CLJRep_1992_2_259","CLJRep 1992 2 259.pdf"
,"CLJRep_1992_2_28","CLJRep 1992 2 28.pdf"
,"CLJRep_1992_2_280","CLJRep 1992 2 280.pdf"
,"CLJRep_1992_2_290","CLJRep 1992 2 290.pdf"
,"CLJRep_1992_2_293","CLJRep 1992 2 293.pdf"
,"CLJRep_1992_2_296","CLJRep 1992 2 296.pdf"
,"CLJRep_1992_2_300","CLJRep 1992 2 300.pdf"
,"CLJRep_1992_2_311","CLJRep 1992 2 311.pdf"
,"CLJRep_1992_2_315","CLJRep 1992 2 315.pdf"
,"CLJRep_1992_2_321","CLJRep 1992 2 321.pdf"
,"CLJRep_1992_2_326","CLJRep 1992 2 326.pdf"
,"CLJRep_1992_2_337","CLJRep 1992 2 337.pdf"
,"CLJRep_1992_2_344","CLJRep 1992 2 344.pdf"
,"CLJRep_1992_2_348","CLJRep 1992 2 348.pdf"
,"CLJRep_1992_2_354","CLJRep 1992 2 354.pdf"
,"CLJRep_1992_2_364","CLJRep 1992 2 364.pdf"
,"CLJRep_1992_2_366","CLJRep 1992 2 366.pdf"
,"CLJRep_1992_2_371","CLJRep 1992 2 371.pdf"
,"CLJRep_1992_2_375","CLJRep 1992 2 375.pdf"
,"CLJRep_1992_2_379","CLJRep 1992 2 379.pdf"
,"CLJRep_1992_2_382","CLJRep 1992 2 382.pdf"
,"CLJRep_1992_2_391","CLJRep 1992 2 391.pdf"
,"CLJRep_1992_2_404","CLJRep 1992 2 404.pdf"
,"CLJRep_1992_2_408","CLJRep 1992 2 408.pdf"
,"CLJRep_1992_2_416","CLJRep 1992 2 416.pdf"
,"CLJRep_1992_2_419","CLJRep 1992 2 419.pdf"
,"CLJRep_1992_2_424","CLJRep 1992 2 424.pdf"
,"CLJRep_1992_2_428","CLJRep 1992 2 428.pdf"
,"CLJRep_1992_2_433","CLJRep 1992 2 433.pdf"
,"CLJRep_1992_2_436","CLJRep 1992 2 436.pdf"
,"CLJRep_1992_2_45","CLJRep 1992 2 45.pdf"
,"CLJRep_1992_2_463","CLJRep 1992 2 463.pdf"
,"CLJRep_1992_2_467","CLJRep 1992 2 467.pdf"
,"CLJRep_1992_2_479","CLJRep 1992 2 479.pdf"
,"CLJRep_1992_2_488","CLJRep 1992 2 488.pdf"
,"CLJRep_1992_2_49","CLJRep 1992 2 49.pdf"
,"CLJRep_1992_2_496","CLJRep 1992 2 496.pdf"
,"CLJRep_1992_2_5","CLJRep 1992 2 5.pdf"
,"CLJRep_1992_2_506","CLJRep 1992 2 506.pdf"
,"CLJRep_1992_2_517","CLJRep 1992 2 517.pdf"
,"CLJRep_1992_2_521","CLJRep 1992 2 521.pdf"
,"CLJRep_1992_2_528","CLJRep 1992 2 528.pdf"
,"CLJRep_1992_2_532","CLJRep 1992 2 532.pdf"
,"CLJRep_1992_2_539","CLJRep 1992 2 539.pdf"
,"CLJRep_1992_2_544","CLJRep 1992 2 544.pdf"
,"CLJRep_1992_2_549","CLJRep 1992 2 549.pdf"
,"CLJRep_1992_2_55","CLJRep 1992 2 55.pdf"
,"CLJRep_1992_2_552","CLJRep 1992 2 552.pdf"
,"CLJRep_1992_2_557","CLJRep 1992 2 557.pdf"
,"CLJRep_1992_2_562","CLJRep 1992 2 562.pdf"
,"CLJRep_1992_2_570","CLJRep 1992 2 570.pdf"
,"CLJRep_1992_2_576","CLJRep 1992 2 576.pdf"
,"CLJRep_1992_2_59","CLJRep 1992 2 59.pdf"
,"CLJRep_1992_2_597","CLJRep 1992 2 597.pdf"
,"CLJRep_1992_2_601","CLJRep 1992 2 601.pdf"
,"CLJRep_1992_2_605","CLJRep 1992 2 605.pdf"
,"CLJRep_1992_2_609","CLJRep 1992 2 609.pdf"
,"CLJRep_1992_2_618","CLJRep 1992 2 618.pdf"
,"CLJRep_1992_2_622","CLJRep 1992 2 622.pdf"
,"CLJRep_1992_2_630","CLJRep 1992 2 630.pdf"
,"CLJRep_1992_2_634","CLJRep 1992 2 634.pdf"
,"CLJRep_1992_2_640","CLJRep 1992 2 640.pdf"
,"CLJRep_1992_2_643","CLJRep 1992 2 643.pdf"
,"CLJRep_1992_2_651","CLJRep 1992 2 651.pdf"
,"CLJRep_1992_2_655","CLJRep 1992 2 655.pdf"
,"CLJRep_1992_2_668","CLJRep 1992 2 668.pdf"
,"CLJRep_1992_2_67","CLJRep 1992 2 67.pdf"
,"CLJRep_1992_2_672","CLJRep 1992 2 672.pdf"
,"CLJRep_1992_2_676","CLJRep 1992 2 676.pdf"
,"CLJRep_1992_2_682","CLJRep 1992 2 682.pdf"
,"CLJRep_1992_2_691","CLJRep 1992 2 691.pdf"
,"CLJRep_1992_2_695","CLJRep 1992 2 695.pdf"
,"CLJRep_1992_2_699","CLJRep 1992 2 699.pdf"
,"CLJRep_1992_2_70","CLJRep 1992 2 70.pdf"
,"CLJRep_1992_2_704","CLJRep 1992 2 704.pdf"
,"CLJRep_1992_2_710","CLJRep 1992 2 710.pdf"
,"CLJRep_1992_2_714","CLJRep 1992 2 714.pdf"
,"CLJRep_1992_2_718","CLJRep 1992 2 718.pdf"
,"CLJRep_1992_2_723","CLJRep 1992 2 723.pdf"
,"CLJRep_1992_2_727","CLJRep 1992 2 727.pdf"
,"CLJRep_1992_2_735","CLJRep 1992 2 735.pdf"
,"CLJRep_1992_2_739","CLJRep 1992 2 739.pdf"
,"CLJRep_1992_2_75","CLJRep 1992 2 75.pdf"
,"CLJRep_1992_2_763","CLJRep 1992 2 763.pdf"
,"CLJRep_1992_2_769","CLJRep 1992 2 769.pdf"
,"CLJRep_1992_2_773","CLJRep 1992 2 773.pdf"
,"CLJRep_1992_2_776","CLJRep 1992 2 776.pdf"
,"CLJRep_1992_2_781","CLJRep 1992 2 781.pdf"
,"CLJRep_1992_2_790","CLJRep 1992 2 790.pdf"
,"CLJRep_1992_2_795","CLJRep 1992 2 795.pdf"
,"CLJRep_1992_2_800","CLJRep 1992 2 800.pdf"
,"CLJRep_1992_2_806","CLJRep 1992 2 806.pdf"
,"CLJRep_1992_2_81","CLJRep 1992 2 81.pdf"
,"CLJRep_1992_2_811","CLJRep 1992 2 811.pdf"
,"CLJRep_1992_2_813","CLJRep 1992 2 813.pdf"
,"CLJRep_1992_2_816","CLJRep 1992 2 816.pdf"
,"CLJRep_1992_2_821","CLJRep 1992 2 821.pdf"
,"CLJRep_1992_2_826","CLJRep 1992 2 826.pdf"
,"CLJRep_1992_2_840","CLJRep 1992 2 840.pdf"
,"CLJRep_1992_2_842","CLJRep 1992 2 842.pdf"
,"CLJRep_1992_2_850","CLJRep 1992 2 850.pdf"
,"CLJRep_1992_2_93","CLJRep 1992 2 93.pdf"
cljrep_1992_3,"CLJRep_1992_3_1","CLJRep 1992 3 1.pdf","Current Law Journal Reprint, 1992, Volume 3",[1992],texts,opensource
,"CLJRep_1992_3_104","CLJRep 1992 3 104.pdf"
,"CLJRep_1992_3_107","CLJRep 1992 3 107.pdf"
,"CLJRep_1992_3_111","CLJRep 1992 3 111.pdf"
,"CLJRep_1992_3_115","CLJRep 1992 3 115.pdf"
,"CLJRep_1992_3_119","CLJRep 1992 3 119.pdf"
,"CLJRep_1992_3_126","CLJRep 1992 3 126.pdf"
,"CLJRep_1992_3_13","CLJRep 1992 3 13.pdf"
,"CLJRep_1992_3_131","CLJRep 1992 3 131.pdf"
,"CLJRep_1992_3_135","CLJRep 1992 3 135.pdf"
,"CLJRep_1992_3_148","CLJRep 1992 3 148.pdf"
,"CLJRep_1992_3_156","CLJRep 1992 3 156.pdf"
,"CLJRep_1992_3_160","CLJRep 1992 3 160.pdf"
,"CLJRep_1992_3_171","CLJRep 1992 3 171.pdf"
,"CLJRep_1992_3_184","CLJRep 1992 3 184.pdf"
,"CLJRep_1992_3_188","CLJRep 1992 3 188.pdf"
,"CLJRep_1992_3_19","CLJRep 1992 3 19.pdf"
,"CLJRep_1992_3_191","CLJRep 1992 3 191.pdf"
,"CLJRep_1992_3_195","CLJRep 1992 3 195.pdf"
,"CLJRep_1992_3_200","CLJRep 1992 3 200.pdf"
,"CLJRep_1992_3_204","CLJRep 1992 3 204.pdf"
,"CLJRep_1992_3_215","CLJRep 1992 3 215.pdf"
,"CLJRep_1992_3_220","CLJRep 1992 3 220.pdf"
,"CLJRep_1992_3_224","CLJRep 1992 3 224.pdf"
,"CLJRep_1992_3_228","CLJRep 1992 3 228.pdf"
,"CLJRep_1992_3_234","CLJRep 1992 3 234.pdf"
,"CLJRep_1992_3_241","CLJRep 1992 3 241.pdf"
,"CLJRep_1992_3_246","CLJRep 1992 3 246.pdf"
,"CLJRep_1992_3_250","CLJRep 1992 3 250.pdf"
,"CLJRep_1992_3_259","CLJRep 1992 3 259.pdf"
,"CLJRep_1992_3_26","CLJRep 1992 3 26.pdf"
,"CLJRep_1992_3_263","CLJRep 1992 3 263.pdf"
,"CLJRep_1992_3_265","CLJRep 1992 3 265.pdf"
,"CLJRep_1992_3_270","CLJRep 1992 3 270.pdf"
,"CLJRep_1992_3_274","CLJRep 1992 3 274.pdf"
,"CLJRep_1992_3_281","CLJRep 1992 3 281.pdf"
,"CLJRep_1992_3_29","CLJRep 1992 3 29.pdf"
,"CLJRep_1992_3_294","CLJRep 1992 3 294.pdf"
,"CLJRep_1992_3_297","CLJRep 1992 3 297.pdf"
,"CLJRep_1992_3_302","CLJRep 1992 3 302.pdf"
,"CLJRep_1992_3_306","CLJRep 1992 3 306.pdf"
,"CLJRep_1992_3_313","CLJRep 1992 3 313.pdf"
,"CLJRep_1992_3_317","CLJRep 1992 3 317.pdf"
,"CLJRep_1992_3_321","CLJRep 1992 3 321.pdf"
,"CLJRep_1992_3_324","CLJRep 1992 3 324.pdf"
,"CLJRep_1992_3_329","CLJRep 1992 3 329.pdf"
,"CLJRep_1992_3_342","CLJRep 1992 3 342.pdf"
,"CLJRep_1992_3_344","CLJRep 1992 3 344.pdf"
,"CLJRep_1992_3_35","CLJRep 1992 3 35.pdf"
,"CLJRep_1992_3_352","CLJRep 1992 3 352.pdf"
,"CLJRep_1992_3_362","CLJRep 1992 3 362.pdf"
,"CLJRep_1992_3_368","CLJRep 1992 3 368.pdf"
,"CLJRep_1992_3_372","CLJRep 1992 3 372.pdf"
,"CLJRep_1992_3_380","CLJRep 1992 3 380.pdf"
,"CLJRep_1992_3_387","CLJRep 1992 3 387.pdf"
,"CLJRep_1992_3_395","CLJRep 1992 3 395.pdf"
,"CLJRep_1992_3_404","CLJRep 1992 3 404.pdf"
,"CLJRep_1992_3_408","CLJRep 1992 3 408.pdf"
,"CLJRep_1992_3_426","CLJRep 1992 3 426.pdf"
,"CLJRep_1992_3_435","CLJRep 1992 3 435.pdf"
,"CLJRep_1992_3_447","CLJRep 1992 3 447.pdf"
,"CLJRep_1992_3_45","CLJRep 1992 3 45.pdf"
,"CLJRep_1992_3_454","CLJRep 1992 3 454.pdf"
,"CLJRep_1992_3_461","CLJRep 1992 3 461.pdf"
,"CLJRep_1992_3_466","CLJRep 1992 3 466.pdf"
,"CLJRep_1992_3_47","CLJRep 1992 3 47.pdf"
,"CLJRep_1992_3_470","CLJRep 1992 3 470.pdf"
,"CLJRep_1992_3_473","CLJRep 1992 3 473.pdf"
,"CLJRep_1992_3_476","CLJRep 1992 3 476.pdf"
,"CLJRep_1992_3_486","CLJRep 1992 3 486.pdf"
,"CLJRep_1992_3_497","CLJRep 1992 3 497.pdf"
,"CLJRep_1992_3_51","CLJRep 1992 3 51.pdf"
,"CLJRep_1992_3_510","CLJRep 1992 3 510.pdf"
,"CLJRep_1992_3_518","CLJRep 1992 3 518.pdf"
,"CLJRep_1992_3_527","CLJRep 1992 3 527.pdf"
,"CLJRep_1992_3_535","CLJRep 1992 3 535.pdf"
,"CLJRep_1992_3_540","CLJRep 1992 3 540.pdf"
,"CLJRep_1992_3_549","CLJRep 1992 3 549.pdf"
,"CLJRep_1992_3_55","CLJRep 1992 3 55.pdf"
,"CLJRep_1992_3_552","CLJRep 1992 3 552.pdf"
,"CLJRep_1992_3_557","CLJRep 1992 3 557.pdf"
,"CLJRep_1992_3_561","CLJRep 1992 3 561.pdf"
,"CLJRep_1992_3_563","CLJRep 1992 3 563.pdf"
,"CLJRep_1992_3_571","CLJRep 1992 3 571.pdf"
,"CLJRep_1992_3_580","CLJRep 1992 3 580.pdf"
,"CLJRep_1992_3_585","CLJRep 1992 3 585.pdf"
,"CLJRep_1992_3_596","CLJRep 1992 3 596.pdf"
,"CLJRep_1992_3_600","CLJRep 1992 3 600.pdf"
,"CLJRep_1992_3_611","CLJRep 1992 3 611.pdf"
,"CLJRep_1992_3_620","CLJRep 1992 3 620.pdf"
,"CLJRep_1992_3_623","CLJRep 1992 3 623.pdf"
,"CLJRep_1992_3_625","CLJRep 1992 3 625.pdf"
,"CLJRep_1992_3_633","CLJRep 1992 3 633.pdf"
,"CLJRep_1992_3_641","CLJRep 1992 3 641.pdf"
,"CLJRep_1992_3_647","CLJRep 1992 3 647.pdf"
,"CLJRep_1992_3_651","CLJRep 1992 3 651.pdf"
,"CLJRep_1992_3_657","CLJRep 1992 3 657.pdf"
,"CLJRep_1992_3_666","CLJRep 1992 3 666.pdf"
,"CLJRep_1992_3_67","CLJRep 1992 3 67.pdf"
,"CLJRep_1992_3_672","CLJRep 1992 3 672.pdf"
,"CLJRep_1992_3_679","CLJRep 1992 3 679.pdf"
,"CLJRep_1992_3_682","CLJRep 1992 3 682.pdf"
,"CLJRep_1992_3_687","CLJRep 1992 3 687.pdf"
,"CLJRep_1992_3_692","CLJRep 1992 3 692.pdf"
,"CLJRep_1992_3_698","CLJRep 1992 3 698.pdf"
,"CLJRep_1992_3_702","CLJRep 1992 3 702.pdf"
,"CLJRep_1992_3_707","CLJRep 1992 3 707.pdf"
,"CLJRep_1992_3_71","CLJRep 1992 3 71.pdf"
,"CLJRep_1992_3_713","CLJRep 1992 3 713.pdf"
,"CLJRep_1992_3_721","CLJRep 1992 3 721.pdf"
,"CLJRep_1992_3_725","CLJRep 1992 3 725.pdf"
,"CLJRep_1992_3_727","CLJRep 1992 3 727.pdf"
,"CLJRep_1992_3_731","CLJRep 1992 3 731.pdf"
,"CLJRep_1992_3_735","CLJRep 1992 3 735.pdf"
,"CLJRep_1992_3_738","CLJRep 1992 3 738.pdf"
,"CLJRep_1992_3_742","CLJRep 1992 3 742.pdf"
,"CLJRep_1992_3_746","CLJRep 1992 3 746.pdf"
,"CLJRep_1992_3_749","CLJRep 1992 3 749.pdf"
,"CLJRep_1992_3_753","CLJRep 1992 3 753.pdf"
,"CLJRep_1992_3_760","CLJRep 1992 3 760.pdf"
,"CLJRep_1992_3_765","CLJRep 1992 3 765.pdf"
,"CLJRep_1992_3_770","CLJRep 1992 3 770.pdf"
,"CLJRep_1992_3_774","CLJRep 1992 3 774.pdf"
,"CLJRep_1992_3_776","CLJRep 1992 3 776.pdf"
,"CLJRep_1992_3_78","CLJRep 1992 3 78.pdf"
,"CLJRep_1992_3_786","CLJRep 1992 3 786.pdf"
,"CLJRep_1992_3_816","CLJRep 1992 3 816.pdf"
,"CLJRep_1992_3_819","CLJRep 1992 3 819.pdf"
,"CLJRep_1992_3_826","CLJRep 1992 3 826.pdf"
,"CLJRep_1992_3_83","CLJRep 1992 3 83.pdf"
,"CLJRep_1992_3_831","CLJRep 1992 3 831.pdf"
,"CLJRep_1992_3_836","CLJRep 1992 3 836.pdf"
,"CLJRep_1992_3_841","CLJRep 1992 3 841.pdf"
,"CLJRep_1992_3_845","CLJRep 1992 3 845.pdf"
,"CLJRep_1992_3_848","CLJRep 1992 3 848.pdf"
,"CLJRep_1992_3_86","CLJRep 1992 3 86.pdf"
,"CLJRep_1992_3_9","CLJRep 1992 3 9.pdf"
,"CLJRep_1992_3_91","CLJRep 1992 3 91.pdf"
cljrep_1992_4,"CLJRep_1992_4_1","CLJRep 1992 4 1.pdf","Current Law Journal Reprint, 1992, Volume 4",[1992],texts,opensource
,"CLJRep_1992_4_115","CLJRep 1992 4 115.pdf"
,"CLJRep_1992_4_124","CLJRep 1992 4 124.pdf"
,"CLJRep_1992_4_146","CLJRep 1992 4 146.pdf"
,"CLJRep_1992_4_161","CLJRep 1992 4 161.pdf"
,"CLJRep_1992_4_177","CLJRep 1992 4 177.pdf"
,"CLJRep_1992_4_187","CLJRep 1992 4 187.pdf"
,"CLJRep_1992_4_207","CLJRep 1992 4 207.pdf"
,"CLJRep_1992_4_21","CLJRep 1992 4 21.pdf"
,"CLJRep_1992_4_237","CLJRep 1992 4 237.pdf"
,"CLJRep_1992_4_241","CLJRep 1992 4 241.pdf"
,"CLJRep_1992_4_247","CLJRep 1992 4 247.pdf"
,"CLJRep_1992_4_258","CLJRep 1992 4 258.pdf"
,"CLJRep_1992_4_272","CLJRep 1992 4 272.pdf"
,"CLJRep_1992_4_275","CLJRep 1992 4 275.pdf"
,"CLJRep_1992_4_283","CLJRep 1992 4 283.pdf"
,"CLJRep_1992_4_29","CLJRep 1992 4 29.pdf"
,"CLJRep_1992_4_292","CLJRep 1992 4 292.pdf"
,"CLJRep_1992_4_301","CLJRep 1992 4 301.pdf"
,"CLJRep_1992_4_304","CLJRep 1992 4 304.pdf"
,"CLJRep_1992_4_311","CLJRep 1992 4 311.pdf"
,"CLJRep_1992_4_318","CLJRep 1992 4 318.pdf"
,"CLJRep_1992_4_324","CLJRep 1992 4 324.pdf"
,"CLJRep_1992_4_33","CLJRep 1992 4 33.pdf"
,"CLJRep_1992_4_331","CLJRep 1992 4 331.pdf"
,"CLJRep_1992_4_334","CLJRep 1992 4 334.pdf"
,"CLJRep_1992_4_351","CLJRep 1992 4 351.pdf"
,"CLJRep_1992_4_361","CLJRep 1992 4 361.pdf"
,"CLJRep_1992_4_366","CLJRep 1992 4 366.pdf"
,"CLJRep_1992_4_374","CLJRep 1992 4 374.pdf"
,"CLJRep_1992_4_383","CLJRep 1992 4 383.pdf"
,"CLJRep_1992_4_396","CLJRep 1992 4 396.pdf"
,"CLJRep_1992_4_40","CLJRep 1992 4 40.pdf"
,"CLJRep_1992_4_404","CLJRep 1992 4 404.pdf"
,"CLJRep_1992_4_419","CLJRep 1992 4 419.pdf"
,"CLJRep_1992_4_435","CLJRep 1992 4 435.pdf"
,"CLJRep_1992_4_442","CLJRep 1992 4 442.pdf"
,"CLJRep_1992_4_455","CLJRep 1992 4 455.pdf"
,"CLJRep_1992_4_463","CLJRep 1992 4 463.pdf"
,"CLJRep_1992_4_469","CLJRep 1992 4 469.pdf"
,"CLJRep_1992_4_474","CLJRep 1992 4 474.pdf"
,"CLJRep_1992_4_483","CLJRep 1992 4 483.pdf"
,"CLJRep_1992_4_489","CLJRep 1992 4 489.pdf"
,"CLJRep_1992_4_49","CLJRep 1992 4 49.pdf"
,"CLJRep_1992_4_495","CLJRep 1992 4 495.pdf"
,"CLJRep_1992_4_501","CLJRep 1992 4 501.pdf"
,"CLJRep_1992_4_510","CLJRep 1992 4 510.pdf"
,"CLJRep_1992_4_516","CLJRep 1992 4 516.pdf"
,"CLJRep_1992_4_524","CLJRep 1992 4 524.pdf"
,"CLJRep_1992_4_527","CLJRep 1992 4 527.pdf"
,"CLJRep_1992_4_6","CLJRep 1992 4 6.pdf"
,"CLJRep_1992_4_61","CLJRep 1992 4 61.pdf"
,"CLJRep_1992_4_66","CLJRep 1992 4 66.pdf"
,"CLJRep_1992_4_69","CLJRep 1992 4 69.pdf"
,"CLJRep_1992_4_78","CLJRep 1992 4 78.pdf"
,"CLJRep_1992_4_94","CLJRep 1992 4 94.pdf"
clj_1993_1,"CLJ_1993_1_1","CLJ 1993 1 1.pdf","Current Law Journal, 1993, Volume 1",[1993],texts,opensource
,"CLJ_1993_1_109","CLJ 1993 1 109.pdf"
,"CLJ_1993_1_115","CLJ 1993 1 115.pdf"
,"CLJ_1993_1_117","CLJ 1993 1 117.pdf"
,"CLJ_1993_1_119","CLJ 1993 1 119.pdf"
,"CLJ_1993_1_125","CLJ 1993 1 125.pdf"
,"CLJ_1993_1_127","CLJ 1993 1 127.pdf"
,"CLJ_1993_1_129","CLJ 1993 1 129.pdf"
,"CLJ_1993_1_132","CLJ 1993 1 132.pdf"
,"CLJ_1993_1_135","CLJ 1993 1 135.pdf"
,"CLJ_1993_1_138","CLJ 1993 1 138.pdf"
,"CLJ_1993_1_144","CLJ 1993 1 144.pdf"
,"CLJ_1993_1_147","CLJ 1993 1 147.pdf"
,"CLJ_1993_1_150","CLJ 1993 1 150.pdf"
,"CLJ_1993_1_156","CLJ 1993 1 156.pdf"
,"CLJ_1993_1_161","CLJ 1993 1 161.pdf"
,"CLJ_1993_1_171","CLJ 1993 1 171.pdf"
,"CLJ_1993_1_175","CLJ 1993 1 175.pdf"
,"CLJ_1993_1_179","CLJ 1993 1 179.pdf"
,"CLJ_1993_1_183","CLJ 1993 1 183.pdf"
,"CLJ_1993_1_186","CLJ 1993 1 186.pdf"
,"CLJ_1993_1_189","CLJ 1993 1 189.pdf"
,"CLJ_1993_1_193","CLJ 1993 1 193.pdf"
,"CLJ_1993_1_196","CLJ 1993 1 196.pdf"
,"CLJ_1993_1_199","CLJ 1993 1 199.pdf"
,"CLJ_1993_1_202","CLJ 1993 1 202.pdf"
,"CLJ_1993_1_204","CLJ 1993 1 204.pdf"
,"CLJ_1993_1_206","CLJ 1993 1 206.pdf"
,"CLJ_1993_1_212","CLJ 1993 1 212.pdf"
,"CLJ_1993_1_222","CLJ 1993 1 222.pdf"
,"CLJ_1993_1_228","CLJ 1993 1 228.pdf"
,"CLJ_1993_1_23","CLJ 1993 1 23.pdf"
,"CLJ_1993_1_233","CLJ 1993 1 233.pdf"
,"CLJ_1993_1_236","CLJ 1993 1 236.pdf"
,"CLJ_1993_1_242","CLJ 1993 1 242.pdf"
,"CLJ_1993_1_243","CLJ 1993 1 243.pdf"
,"CLJ_1993_1_251","CLJ 1993 1 251.pdf"
,"CLJ_1993_1_256","CLJ 1993 1 256.pdf"
,"CLJ_1993_1_261","CLJ 1993 1 261.pdf"
,"CLJ_1993_1_264","CLJ 1993 1 264.pdf"
,"CLJ_1993_1_28","CLJ 1993 1 28.pdf"
,"CLJ_1993_1_289","CLJ 1993 1 289.pdf"
,"CLJ_1993_1_293","CLJ 1993 1 293.pdf"
,"CLJ_1993_1_302","CLJ 1993 1 302.pdf"
,"CLJ_1993_1_307","CLJ 1993 1 307.pdf"
,"CLJ_1993_1_313","CLJ 1993 1 313.pdf"
,"CLJ_1993_1_319","CLJ 1993 1 319.pdf"
,"CLJ_1993_1_323","CLJ 1993 1 323.pdf"
,"CLJ_1993_1_330","CLJ 1993 1 330.pdf"
,"CLJ_1993_1_334","CLJ 1993 1 334.pdf"
,"CLJ_1993_1_337","CLJ 1993 1 337.pdf"
,"CLJ_1993_1_344","CLJ 1993 1 344.pdf"
,"CLJ_1993_1_35","CLJ 1993 1 35.pdf"
,"CLJ_1993_1_350","CLJ 1993 1 350.pdf"
,"CLJ_1993_1_353","CLJ 1993 1 353.pdf"
,"CLJ_1993_1_364","CLJ 1993 1 364.pdf"
,"CLJ_1993_1_373","CLJ 1993 1 373.pdf"
,"CLJ_1993_1_376","CLJ 1993 1 376.pdf"
,"CLJ_1993_1_385","CLJ 1993 1 385.pdf"
,"CLJ_1993_1_391","CLJ 1993 1 391.pdf"
,"CLJ_1993_1_396","CLJ 1993 1 396.pdf"
,"CLJ_1993_1_405","CLJ 1993 1 405.pdf"
,"CLJ_1993_1_407","CLJ 1993 1 407.pdf"
,"CLJ_1993_1_41","CLJ 1993 1 41.pdf"
,"CLJ_1993_1_410","CLJ 1993 1 410.pdf"
,"CLJ_1993_1_416","CLJ 1993 1 416.pdf"
,"CLJ_1993_1_418","CLJ 1993 1 418.pdf"
,"CLJ_1993_1_420","CLJ 1993 1 420.pdf"
,"CLJ_1993_1_431","CLJ 1993 1 431.pdf"
,"CLJ_1993_1_434","CLJ 1993 1 434.pdf"
,"CLJ_1993_1_437","CLJ 1993 1 437.pdf"
,"CLJ_1993_1_44","CLJ 1993 1 44.pdf"
,"CLJ_1993_1_440","CLJ 1993 1 440.pdf"
,"CLJ_1993_1_449","CLJ 1993 1 449.pdf"
,"CLJ_1993_1_457","CLJ 1993 1 457.pdf"
,"CLJ_1993_1_467","CLJ 1993 1 467.pdf"
,"CLJ_1993_1_473","CLJ 1993 1 473.pdf"
,"CLJ_1993_1_477","CLJ 1993 1 477.pdf"
,"CLJ_1993_1_481","CLJ 1993 1 481.pdf"
,"CLJ_1993_1_487","CLJ 1993 1 487.pdf"
,"CLJ_1993_1_491","CLJ 1993 1 491.pdf"
,"CLJ_1993_1_494","CLJ 1993 1 494.pdf"
,"CLJ_1993_1_497","CLJ 1993 1 497.pdf"
,"CLJ_1993_1_504","CLJ 1993 1 504.pdf"
,"CLJ_1993_1_507","CLJ 1993 1 507.pdf"
,"CLJ_1993_1_51","CLJ 1993 1 51.pdf"
,"CLJ_1993_1_520","CLJ 1993 1 520.pdf"
,"CLJ_1993_1_526","CLJ 1993 1 526.pdf"
,"CLJ_1993_1_53","CLJ 1993 1 53.pdf"
,"CLJ_1993_1_537","CLJ 1993 1 537.pdf"
,"CLJ_1993_1_542","CLJ 1993 1 542.pdf"
,"CLJ_1993_1_546","CLJ 1993 1 546.pdf"
,"CLJ_1993_1_555","CLJ 1993 1 555.pdf"
,"CLJ_1993_1_63","CLJ 1993 1 63.pdf"
,"CLJ_1993_1_67","CLJ 1993 1 67.pdf"
,"CLJ_1993_1_74","CLJ 1993 1 74.pdf"
,"CLJ_1993_1_78","CLJ 1993 1 78.pdf"
,"CLJ_1993_1_83","CLJ 1993 1 83.pdf"
,"CLJ_1993_1_86","CLJ 1993 1 86.pdf"
,"CLJ_1993_1_9","CLJ 1993 1 9.pdf"
,"CLJ_1993_1_90","CLJ 1993 1 90.pdf"
,"CLJ_1993_1_93","CLJ 1993 1 93.pdf"
clj_1993_2,"CLJ_1993_2_1","CLJ 1993 2 1.pdf","Current Law Journal, 1993, Volume 2",[1993],texts,opensource
,"CLJ_1993_2_102","CLJ 1993 2 102.pdf"
,"CLJ_1993_2_106","CLJ 1993 2 106.pdf"
,"CLJ_1993_2_109","CLJ 1993 2 109.pdf"
,"CLJ_1993_2_114","CLJ 1993 2 114.pdf"
,"CLJ_1993_2_117","CLJ 1993 2 117.pdf"
,"CLJ_1993_2_120","CLJ 1993 2 120.pdf"
,"CLJ_1993_2_125","CLJ 1993 2 125.pdf"
,"CLJ_1993_2_134","CLJ 1993 2 134.pdf"
,"CLJ_1993_2_143","CLJ 1993 2 143.pdf"
,"CLJ_1993_2_146","CLJ 1993 2 146.pdf"
,"CLJ_1993_2_151","CLJ 1993 2 151.pdf"
,"CLJ_1993_2_160","CLJ 1993 2 160.pdf"
,"CLJ_1993_2_167","CLJ 1993 2 167.pdf"
,"CLJ_1993_2_177","CLJ 1993 2 177.pdf"
,"CLJ_1993_2_181","CLJ 1993 2 181.pdf"
,"CLJ_1993_2_192","CLJ 1993 2 192.pdf"
,"CLJ_1993_2_196","CLJ 1993 2 196.pdf"
,"CLJ_1993_2_199","CLJ 1993 2 199.pdf"
,"CLJ_1993_2_210","CLJ 1993 2 210.pdf"
,"CLJ_1993_2_214","CLJ 1993 2 214.pdf"
,"CLJ_1993_2_225","CLJ 1993 2 225.pdf"
,"CLJ_1993_2_232","CLJ 1993 2 232.pdf"
,"CLJ_1993_2_239","CLJ 1993 2 239.pdf"
,"CLJ_1993_2_246","CLJ 1993 2 246.pdf"
,"CLJ_1993_2_253","CLJ 1993 2 253.pdf"
,"CLJ_1993_2_26","CLJ 1993 2 26.pdf"
,"CLJ_1993_2_272","CLJ 1993 2 272.pdf"
,"CLJ_1993_2_283","CLJ 1993 2 283.pdf"
,"CLJ_1993_2_300","CLJ 1993 2 300.pdf"
,"CLJ_1993_2_305","CLJ 1993 2 305.pdf"
,"CLJ_1993_2_31","CLJ 1993 2 31.pdf"
,"CLJ_1993_2_311","CLJ 1993 2 311.pdf"
,"CLJ_1993_2_315","CLJ 1993 2 315.pdf"
,"CLJ_1993_2_323","CLJ 1993 2 323.pdf"
,"CLJ_1993_2_327","CLJ 1993 2 327.pdf"
,"CLJ_1993_2_334","CLJ 1993 2 334.pdf"
,"CLJ_1993_2_339","CLJ 1993 2 339.pdf"
,"CLJ_1993_2_345","CLJ 1993 2 345.pdf"
,"CLJ_1993_2_347","CLJ 1993 2 347.pdf"
,"CLJ_1993_2_351","CLJ 1993 2 351.pdf"
,"CLJ_1993_2_354","CLJ 1993 2 354.pdf"
,"CLJ_1993_2_365","CLJ 1993 2 365.pdf"
,"CLJ_1993_2_387","CLJ 1993 2 387.pdf"
,"CLJ_1993_2_391","CLJ 1993 2 391.pdf"
,"CLJ_1993_2_399","CLJ 1993 2 399.pdf"
,"CLJ_1993_2_411","CLJ 1993 2 411.pdf"
,"CLJ_1993_2_417","CLJ 1993 2 417.pdf"
,"CLJ_1993_2_427","CLJ 1993 2 427.pdf"
,"CLJ_1993_2_43","CLJ 1993 2 43.pdf"
,"CLJ_1993_2_431","CLJ 1993 2 431.pdf"
,"CLJ_1993_2_436","CLJ 1993 2 436.pdf"
,"CLJ_1993_2_443","CLJ 1993 2 443.pdf"
,"CLJ_1993_2_447","CLJ 1993 2 447.pdf"
,"CLJ_1993_2_45","CLJ 1993 2 45.pdf"
,"CLJ_1993_2_452","CLJ 1993 2 452.pdf"
,"CLJ_1993_2_455","CLJ 1993 2 455.pdf"
,"CLJ_1993_2_461","CLJ 1993 2 461.pdf"
,"CLJ_1993_2_464","CLJ 1993 2 464.pdf"
,"CLJ_1993_2_47","CLJ 1993 2 47.pdf"
,"CLJ_1993_2_470","CLJ 1993 2 470.pdf"
,"CLJ_1993_2_478","CLJ 1993 2 478.pdf"
,"CLJ_1993_2_480","CLJ 1993 2 480.pdf"
,"CLJ_1993_2_486","CLJ 1993 2 486.pdf"
,"CLJ_1993_2_490","CLJ 1993 2 490.pdf"
,"CLJ_1993_2_493","CLJ 1993 2 493.pdf"
,"CLJ_1993_2_495","CLJ 1993 2 495.pdf"
,"CLJ_1993_2_509","CLJ 1993 2 509.pdf"
,"CLJ_1993_2_511","CLJ 1993 2 511.pdf"
,"CLJ_1993_2_517","CLJ 1993 2 517.pdf"
,"CLJ_1993_2_523","CLJ 1993 2 523.pdf"
,"CLJ_1993_2_529","CLJ 1993 2 529.pdf"
,"CLJ_1993_2_53","CLJ 1993 2 53.pdf"
,"CLJ_1993_2_534","CLJ 1993 2 534.pdf"
,"CLJ_1993_2_543","CLJ 1993 2 543.pdf"
,"CLJ_1993_2_551","CLJ 1993 2 551.pdf"
,"CLJ_1993_2_557","CLJ 1993 2 557.pdf"
,"CLJ_1993_2_568","CLJ 1993 2 568.pdf"
,"CLJ_1993_2_570","CLJ 1993 2 570.pdf"
,"CLJ_1993_2_572","CLJ 1993 2 572.pdf"
,"CLJ_1993_2_577","CLJ 1993 2 577.pdf"
,"CLJ_1993_2_580","CLJ 1993 2 580.pdf"
,"CLJ_1993_2_583","CLJ 1993 2 583.pdf"
,"CLJ_1993_2_588","CLJ 1993 2 588.pdf"
,"CLJ_1993_2_595","CLJ 1993 2 595.pdf"
,"CLJ_1993_2_599","CLJ 1993 2 599.pdf"
,"CLJ_1993_2_605","CLJ 1993 2 605.pdf"
,"CLJ_1993_2_625","CLJ 1993 2 625.pdf"
,"CLJ_1993_2_635","CLJ 1993 2 635.pdf"
,"CLJ_1993_2_640","CLJ 1993 2 640.pdf"
,"CLJ_1993_2_644","CLJ 1993 2 644.pdf"
,"CLJ_1993_2_648","CLJ 1993 2 648.pdf"
,"CLJ_1993_2_652","CLJ 1993 2 652.pdf"
,"CLJ_1993_2_657","CLJ 1993 2 657.pdf"
,"CLJ_1993_2_662","CLJ 1993 2 662.pdf"
,"CLJ_1993_2_665","CLJ 1993 2 665.pdf"
,"CLJ_1993_2_670","CLJ 1993 2 670.pdf"
,"CLJ_1993_2_674","CLJ 1993 2 674.pdf"
,"CLJ_1993_2_677","CLJ 1993 2 677.pdf"
,"CLJ_1993_2_68","CLJ 1993 2 68.pdf"
,"CLJ_1993_2_73","CLJ 1993 2 73.pdf"
,"CLJ_1993_2_75","CLJ 1993 2 75.pdf"
,"CLJ_1993_2_79","CLJ 1993 2 79.pdf"
,"CLJ_1993_2_86","CLJ 1993 2 86.pdf"
,"CLJ_1993_2_88","CLJ 1993 2 88.pdf"
,"CLJ_1993_2_90","CLJ 1993 2 90.pdf"
,"CLJ_1993_2_94","CLJ 1993 2 94.pdf"
clj_1993_3,"CLJ_1993_3_1","CLJ 1993 3 1.pdf","Current Law Journal, 1993, Volume 3",[1993],texts,opensource
,"CLJ_1993_3_113","CLJ 1993 3 113.pdf"
,"CLJ_1993_3_117","CLJ 1993 3 117.pdf"
,"CLJ_1993_3_127","CLJ 1993 3 127.pdf"
,"CLJ_1993_3_13","CLJ 1993 3 13.pdf"
,"CLJ_1993_3_136","CLJ 1993 3 136.pdf"
,"CLJ_1993_3_143","CLJ 1993 3 143.pdf"
,"CLJ_1993_3_149","CLJ 1993 3 149.pdf"
,"CLJ_1993_3_153","CLJ 1993 3 153.pdf"
,"CLJ_1993_3_158","CLJ 1993 3 158.pdf"
,"CLJ_1993_3_16","CLJ 1993 3 16.pdf"
,"CLJ_1993_3_160","CLJ 1993 3 160.pdf"
,"CLJ_1993_3_167","CLJ 1993 3 167.pdf"
,"CLJ_1993_3_169","CLJ 1993 3 169.pdf"
,"CLJ_1993_3_173","CLJ 1993 3 173.pdf"
,"CLJ_1993_3_180","CLJ 1993 3 180.pdf"
,"CLJ_1993_3_182","CLJ 1993 3 182.pdf"
,"CLJ_1993_3_188","CLJ 1993 3 188.pdf"
,"CLJ_1993_3_195","CLJ 1993 3 195.pdf"
,"CLJ_1993_3_199","CLJ 1993 3 199.pdf"
,"CLJ_1993_3_205","CLJ 1993 3 205.pdf"
,"CLJ_1993_3_21","CLJ 1993 3 21.pdf"
,"CLJ_1993_3_210","CLJ 1993 3 210.pdf"
,"CLJ_1993_3_215","CLJ 1993 3 215.pdf"
,"CLJ_1993_3_223","CLJ 1993 3 223.pdf"
,"CLJ_1993_3_232","CLJ 1993 3 232.pdf"
,"CLJ_1993_3_241","CLJ 1993 3 241.pdf"
,"CLJ_1993_3_250","CLJ 1993 3 250.pdf"
,"CLJ_1993_3_254","CLJ 1993 3 254.pdf"
,"CLJ_1993_3_257","CLJ 1993 3 257.pdf"
,"CLJ_1993_3_263","CLJ 1993 3 263.pdf"
,"CLJ_1993_3_271","CLJ 1993 3 271.pdf"
,"CLJ_1993_3_279","CLJ 1993 3 279.pdf"
,"CLJ_1993_3_28","CLJ 1993 3 28.pdf"
,"CLJ_1993_3_288","CLJ 1993 3 288.pdf"
,"CLJ_1993_3_293","CLJ 1993 3 293.pdf"
,"CLJ_1993_3_297","CLJ 1993 3 297.pdf"
,"CLJ_1993_3_302","CLJ 1993 3 302.pdf"
,"CLJ_1993_3_307","CLJ 1993 3 307.pdf"
,"CLJ_1993_3_31","CLJ 1993 3 31.pdf"
,"CLJ_1993_3_312","CLJ 1993 3 312.pdf"
,"CLJ_1993_3_319","CLJ 1993 3 319.pdf"
,"CLJ_1993_3_324","CLJ 1993 3 324.pdf"
,"CLJ_1993_3_329","CLJ 1993 3 329.pdf"
,"CLJ_1993_3_337","CLJ 1993 3 337.pdf"
,"CLJ_1993_3_34","CLJ 1993 3 34.pdf"
,"CLJ_1993_3_344","CLJ 1993 3 344.pdf"
,"CLJ_1993_3_349","CLJ 1993 3 349.pdf"
,"CLJ_1993_3_357","CLJ 1993 3 357.pdf"
,"CLJ_1993_3_361","CLJ 1993 3 361.pdf"
,"CLJ_1993_3_366","CLJ 1993 3 366.pdf"
,"CLJ_1993_3_37","CLJ 1993 3 37.pdf"
,"CLJ_1993_3_373","CLJ 1993 3 373.pdf"
,"CLJ_1993_3_381","CLJ 1993 3 381.pdf"
,"CLJ_1993_3_384","CLJ 1993 3 384.pdf"
,"CLJ_1993_3_387","CLJ 1993 3 387.pdf"
,"CLJ_1993_3_394","CLJ 1993 3 394.pdf"
,"CLJ_1993_3_405","CLJ 1993 3 405.pdf"
,"CLJ_1993_3_41","CLJ 1993 3 41.pdf"
,"CLJ_1993_3_412","CLJ 1993 3 412.pdf"
,"CLJ_1993_3_419","CLJ 1993 3 419.pdf"
,"CLJ_1993_3_42","CLJ 1993 3 42.pdf"
,"CLJ_1993_3_432","CLJ 1993 3 432.pdf"
,"CLJ_1993_3_435","CLJ 1993 3 435.pdf"
,"CLJ_1993_3_443","CLJ 1993 3 443.pdf"
,"CLJ_1993_3_446","CLJ 1993 3 446.pdf"
,"CLJ_1993_3_452","CLJ 1993 3 452.pdf"
,"CLJ_1993_3_46","CLJ 1993 3 46.pdf"
,"CLJ_1993_3_463","CLJ 1993 3 463.pdf"
,"CLJ_1993_3_468","CLJ 1993 3 468.pdf"
,"CLJ_1993_3_471","CLJ 1993 3 471.pdf"
,"CLJ_1993_3_476","CLJ 1993 3 476.pdf"
,"CLJ_1993_3_479","CLJ 1993 3 479.pdf"
,"CLJ_1993_3_485","CLJ 1993 3 485.pdf"
,"CLJ_1993_3_492","CLJ 1993 3 492.pdf"
,"CLJ_1993_3_505","CLJ 1993 3 505.pdf"
,"CLJ_1993_3_524","CLJ 1993 3 524.pdf"
,"CLJ_1993_3_532","CLJ 1993 3 532.pdf"
,"CLJ_1993_3_538","CLJ 1993 3 538.pdf"
,"CLJ_1993_3_54","CLJ 1993 3 54.pdf"
,"CLJ_1993_3_543","CLJ 1993 3 543.pdf"
,"CLJ_1993_3_546","CLJ 1993 3 546.pdf"
,"CLJ_1993_3_552","CLJ 1993 3 552.pdf"
,"CLJ_1993_3_555","CLJ 1993 3 555.pdf"
,"CLJ_1993_3_557","CLJ 1993 3 557.pdf"
,"CLJ_1993_3_56","CLJ 1993 3 56.pdf"
,"CLJ_1993_3_567","CLJ 1993 3 567.pdf"
,"CLJ_1993_3_595","CLJ 1993 3 595.pdf"
,"CLJ_1993_3_603","CLJ 1993 3 603.pdf"
,"CLJ_1993_3_606","CLJ 1993 3 606.pdf"
,"CLJ_1993_3_612","CLJ 1993 3 612.pdf"
,"CLJ_1993_3_617","CLJ 1993 3 617.pdf"
,"CLJ_1993_3_620","CLJ 1993 3 620.pdf"
,"CLJ_1993_3_625","CLJ 1993 3 625.pdf"
,"CLJ_1993_3_629","CLJ 1993 3 629.pdf"
,"CLJ_1993_3_63","CLJ 1993 3 63.pdf"
,"CLJ_1993_3_635","CLJ 1993 3 635.pdf"
,"CLJ_1993_3_638","CLJ 1993 3 638.pdf"
,"CLJ_1993_3_647","CLJ 1993 3 647.pdf"
,"CLJ_1993_3_650","CLJ 1993 3 650.pdf"
,"CLJ_1993_3_653","CLJ 1993 3 653.pdf"
,"CLJ_1993_3_656","CLJ 1993 3 656.pdf"
,"CLJ_1993_3_661","CLJ 1993 3 661.pdf"
,"CLJ_1993_3_664","CLJ 1993 3 664.pdf"
,"CLJ_1993_3_667","CLJ 1993 3 667.pdf"
,"CLJ_1993_3_67","CLJ 1993 3 67.pdf"
,"CLJ_1993_3_670","CLJ 1993 3 670.pdf"
,"CLJ_1993_3_677","CLJ 1993 3 677.pdf"
,"CLJ_1993_3_7","CLJ 1993 3 7.pdf"
,"CLJ_1993_3_70","CLJ 1993 3 70.pdf"
,"CLJ_1993_3_76","CLJ 1993 3 76.pdf"
,"CLJ_1993_3_79","CLJ 1993 3 79.pdf"
,"CLJ_1993_3_83","CLJ 1993 3 83.pdf"
,"CLJ_1993_3_87","CLJ 1993 3 87.pdf"
,"CLJ_1993_3_98","CLJ 1993 3 98.pdf"
clj_1993_4,"CLJ_1993_4_1","CLJ 1993 4 1.pdf","Current Law Journal, 1993, Volume 4",[1993],texts,opensource
,"CLJ_1993_4_107","CLJ 1993 4 107.pdf"
,"CLJ_1993_4_112","CLJ 1993 4 112.pdf"
,"CLJ_1993_4_12","CLJ 1993 4 12.pdf"
,"CLJ_1993_4_125","CLJ 1993 4 125.pdf"
,"CLJ_1993_4_128","CLJ 1993 4 128.pdf"
,"CLJ_1993_4_130","CLJ 1993 4 130.pdf"
,"CLJ_1993_4_135","CLJ 1993 4 135.pdf"
,"CLJ_1993_4_140","CLJ 1993 4 140.pdf"
,"CLJ_1993_4_149","CLJ 1993 4 149.pdf"
,"CLJ_1993_4_151","CLJ 1993 4 151.pdf"
,"CLJ_1993_4_155","CLJ 1993 4 155.pdf"
,"CLJ_1993_4_165","CLJ 1993 4 165.pdf"
,"CLJ_1993_4_168","CLJ 1993 4 168.pdf"
,"CLJ_1993_4_173","CLJ 1993 4 173.pdf"
,"CLJ_1993_4_176","CLJ 1993 4 176.pdf"
,"CLJ_1993_4_177","CLJ 1993 4 177.pdf"
,"CLJ_1993_4_183","CLJ 1993 4 183.pdf"
,"CLJ_1993_4_189","CLJ 1993 4 189.pdf"
,"CLJ_1993_4_191","CLJ 1993 4 191.pdf"
,"CLJ_1993_4_195","CLJ 1993 4 195.pdf"
,"CLJ_1993_4_201","CLJ 1993 4 201.pdf"
,"CLJ_1993_4_21","CLJ 1993 4 21.pdf"
,"CLJ_1993_4_211","CLJ 1993 4 211.pdf"
,"CLJ_1993_4_215","CLJ 1993 4 215.pdf"
,"CLJ_1993_4_221","CLJ 1993 4 221.pdf"
,"CLJ_1993_4_227","CLJ 1993 4 227.pdf"
,"CLJ_1993_4_232","CLJ 1993 4 232.pdf"
,"CLJ_1993_4_240","CLJ 1993 4 240.pdf"
,"CLJ_1993_4_247","CLJ 1993 4 247.pdf"
,"CLJ_1993_4_253","CLJ 1993 4 253.pdf"
,"CLJ_1993_4_26","CLJ 1993 4 26.pdf"
,"CLJ_1993_4_260","CLJ 1993 4 260.pdf"
,"CLJ_1993_4_262","CLJ 1993 4 262.pdf"
,"CLJ_1993_4_266","CLJ 1993 4 266.pdf"
,"CLJ_1993_4_275","CLJ 1993 4 275.pdf"
,"CLJ_1993_4_279","CLJ 1993 4 279.pdf"
,"CLJ_1993_4_281","CLJ 1993 4 281.pdf"
,"CLJ_1993_4_285","CLJ 1993 4 285.pdf"
,"CLJ_1993_4_291","CLJ 1993 4 291.pdf"
,"CLJ_1993_4_296","CLJ 1993 4 296.pdf"
,"CLJ_1993_4_300","CLJ 1993 4 300.pdf"
,"CLJ_1993_4_303","CLJ 1993 4 303.pdf"
,"CLJ_1993_4_307","CLJ 1993 4 307.pdf"
,"CLJ_1993_4_325","CLJ 1993 4 325.pdf"
,"CLJ_1993_4_332","CLJ 1993 4 332.pdf"
,"CLJ_1993_4_336","CLJ 1993 4 336.pdf"
,"CLJ_1993_4_339","CLJ 1993 4 339.pdf"
,"CLJ_1993_4_345","CLJ 1993 4 345.pdf"
,"CLJ_1993_4_353","CLJ 1993 4 353.pdf"
,"CLJ_1993_4_365","CLJ 1993 4 365.pdf"
,"CLJ_1993_4_366","CLJ 1993 4 366.pdf"
,"CLJ_1993_4_368","CLJ 1993 4 368.pdf"
,"CLJ_1993_4_37","CLJ 1993 4 37.pdf"
,"CLJ_1993_4_379","CLJ 1993 4 379.pdf"
,"CLJ_1993_4_389","CLJ 1993 4 389.pdf"
,"CLJ_1993_4_393","CLJ 1993 4 393.pdf"
,"CLJ_1993_4_397","CLJ 1993 4 397.pdf"
,"CLJ_1993_4_419","CLJ 1993 4 419.pdf"
,"CLJ_1993_4_422","CLJ 1993 4 422.pdf"
,"CLJ_1993_4_428","CLJ 1993 4 428.pdf"
,"CLJ_1993_4_43","CLJ 1993 4 43.pdf"
,"CLJ_1993_4_433","CLJ 1993 4 433.pdf"
,"CLJ_1993_4_440","CLJ 1993 4 440.pdf"
,"CLJ_1993_4_451","CLJ 1993 4 451.pdf"
,"CLJ_1993_4_454","CLJ 1993 4 454.pdf"
,"CLJ_1993_4_462","CLJ 1993 4 462.pdf"
,"CLJ_1993_4_468","CLJ 1993 4 468.pdf"
,"CLJ_1993_4_476","CLJ 1993 4 476.pdf"
,"CLJ_1993_4_48","CLJ 1993 4 48.pdf"
,"CLJ_1993_4_49","CLJ 1993 4 49.pdf"
,"CLJ_1993_4_498","CLJ 1993 4 498.pdf"
,"CLJ_1993_4_502","CLJ 1993 4 502.pdf"
,"CLJ_1993_4_509","CLJ 1993 4 509.pdf"
,"CLJ_1993_4_53","CLJ 1993 4 53.pdf"
,"CLJ_1993_4_535","CLJ 1993 4 535.pdf"
,"CLJ_1993_4_545","CLJ 1993 4 545.pdf"
,"CLJ_1993_4_557","CLJ 1993 4 557.pdf"
,"CLJ_1993_4_561","CLJ 1993 4 561.pdf"
,"CLJ_1993_4_565","CLJ 1993 4 565.pdf"
,"CLJ_1993_4_57","CLJ 1993 4 57.pdf"
,"CLJ_1993_4_571","CLJ 1993 4 571.pdf"
,"CLJ_1993_4_577","CLJ 1993 4 577.pdf"
,"CLJ_1993_4_584","CLJ 1993 4 584.pdf"
,"CLJ_1993_4_591","CLJ 1993 4 591.pdf"
,"CLJ_1993_4_602","CLJ 1993 4 602.pdf"
,"CLJ_1993_4_61","CLJ 1993 4 61.pdf"
,"CLJ_1993_4_617","CLJ 1993 4 617.pdf"
,"CLJ_1993_4_630","CLJ 1993 4 630.pdf"
,"CLJ_1993_4_69","CLJ 1993 4 69.pdf"
,"CLJ_1993_4_7","CLJ 1993 4 7.pdf"
,"CLJ_1993_4_74","CLJ 1993 4 74.pdf"
,"CLJ_1993_4_78","CLJ 1993 4 78.pdf"
,"CLJ_1993_4_83","CLJ 1993 4 83.pdf"
,"CLJ_1993_4_88","CLJ 1993 4 88.pdf"
,"CLJ_1993_4_95","CLJ 1993 4 95.pdf"
,"CLJ_1993_4_98","CLJ 1993 4 98.pdf"
clj_1994_1,"CLJ_1994_1_1","CLJ 1994 1 1.pdf","Current Law Journal, 1994, Volume 1",[1994],texts,opensource
,"CLJ_1994_1_102","CLJ 1994 1 102.pdf"
,"CLJ_1994_1_108","CLJ 1994 1 108.pdf"
,"CLJ_1994_1_111","CLJ 1994 1 111.pdf"
,"CLJ_1994_1_114","CLJ 1994 1 114.pdf"
,"CLJ_1994_1_117","CLJ 1994 1 117.pdf"
,"CLJ_1994_1_12","CLJ 1994 1 12.pdf"
,"CLJ_1994_1_121","CLJ 1994 1 121.pdf"
,"CLJ_1994_1_125","CLJ 1994 1 125.pdf"
,"CLJ_1994_1_129","CLJ 1994 1 129.pdf"
,"CLJ_1994_1_134","CLJ 1994 1 134.pdf"
,"CLJ_1994_1_138","CLJ 1994 1 138.pdf"
,"CLJ_1994_1_143","CLJ 1994 1 143.pdf"
,"CLJ_1994_1_147","CLJ 1994 1 147.pdf"
,"CLJ_1994_1_151","CLJ 1994 1 151.pdf"
,"CLJ_1994_1_157","CLJ 1994 1 157.pdf"
,"CLJ_1994_1_16","CLJ 1994 1 16.pdf"
,"CLJ_1994_1_164","CLJ 1994 1 164.pdf"
,"CLJ_1994_1_170","CLJ 1994 1 170.pdf"
,"CLJ_1994_1_175","CLJ 1994 1 175.pdf"
,"CLJ_1994_1_179","CLJ 1994 1 179.pdf"
,"CLJ_1994_1_185","CLJ 1994 1 185.pdf"
,"CLJ_1994_1_19","CLJ 1994 1 19.pdf"
,"CLJ_1994_1_196","CLJ 1994 1 196.pdf"
,"CLJ_1994_1_200","CLJ 1994 1 200.pdf"
,"CLJ_1994_1_207","CLJ 1994 1 207.pdf"
,"CLJ_1994_1_215","CLJ 1994 1 215.pdf"
,"CLJ_1994_1_224","CLJ 1994 1 224.pdf"
,"CLJ_1994_1_228","CLJ 1994 1 228.pdf"
,"CLJ_1994_1_237","CLJ 1994 1 237.pdf"
,"CLJ_1994_1_241","CLJ 1994 1 241.pdf"
,"CLJ_1994_1_247","CLJ 1994 1 247.pdf"
,"CLJ_1994_1_252","CLJ 1994 1 252.pdf"
,"CLJ_1994_1_255","CLJ 1994 1 255.pdf"
,"CLJ_1994_1_258","CLJ 1994 1 258.pdf"
,"CLJ_1994_1_261","CLJ 1994 1 261.pdf"
,"CLJ_1994_1_264","CLJ 1994 1 264.pdf"
,"CLJ_1994_1_267","CLJ 1994 1 267.pdf"
,"CLJ_1994_1_271","CLJ 1994 1 271.pdf"
,"CLJ_1994_1_273","CLJ 1994 1 273.pdf"
,"CLJ_1994_1_277","CLJ 1994 1 277.pdf"
,"CLJ_1994_1_280","CLJ 1994 1 280.pdf"
,"CLJ_1994_1_283","CLJ 1994 1 283.pdf"
,"CLJ_1994_1_287","CLJ 1994 1 287.pdf"
,"CLJ_1994_1_291","CLJ 1994 1 291.pdf"
,"CLJ_1994_1_295","CLJ 1994 1 295.pdf"
,"CLJ_1994_1_298","CLJ 1994 1 298.pdf"
,"CLJ_1994_1_302","CLJ 1994 1 302.pdf"
,"CLJ_1994_1_313","CLJ 1994 1 313.pdf"
,"CLJ_1994_1_321","CLJ 1994 1 321.pdf"
,"CLJ_1994_1_328","CLJ 1994 1 328.pdf"
,"CLJ_1994_1_343","CLJ 1994 1 343.pdf"
,"CLJ_1994_1_346","CLJ 1994 1 346.pdf"
,"CLJ_1994_1_351","CLJ 1994 1 351.pdf"
,"CLJ_1994_1_362","CLJ 1994 1 362.pdf"
,"CLJ_1994_1_369","CLJ 1994 1 369.pdf"
,"CLJ_1994_1_375","CLJ 1994 1 375.pdf"
,"CLJ_1994_1_382","CLJ 1994 1 382.pdf"
,"CLJ_1994_1_389","CLJ 1994 1 389.pdf"
,"CLJ_1994_1_394","CLJ 1994 1 394.pdf"
,"CLJ_1994_1_398","CLJ 1994 1 398.pdf"
,"CLJ_1994_1_403","CLJ 1994 1 403.pdf"
,"CLJ_1994_1_407","CLJ 1994 1 407.pdf"
,"CLJ_1994_1_410","CLJ 1994 1 410.pdf"
,"CLJ_1994_1_412","CLJ 1994 1 412.pdf"
,"CLJ_1994_1_414","CLJ 1994 1 414.pdf"
,"CLJ_1994_1_417","CLJ 1994 1 417.pdf"
,"CLJ_1994_1_439","CLJ 1994 1 439.pdf"
,"CLJ_1994_1_457","CLJ 1994 1 457.pdf"
,"CLJ_1994_1_471","CLJ 1994 1 471.pdf"
,"CLJ_1994_1_479","CLJ 1994 1 479.pdf"
,"CLJ_1994_1_482","CLJ 1994 1 482.pdf"
,"CLJ_1994_1_497","CLJ 1994 1 497.pdf"
,"CLJ_1994_1_501","CLJ 1994 1 501.pdf"
,"CLJ_1994_1_509","CLJ 1994 1 509.pdf"
,"CLJ_1994_1_514","CLJ 1994 1 514.pdf"
,"CLJ_1994_1_520","CLJ 1994 1 520.pdf"
,"CLJ_1994_1_523","CLJ 1994 1 523.pdf"
,"CLJ_1994_1_527","CLJ 1994 1 527.pdf"
,"CLJ_1994_1_535","CLJ 1994 1 535.pdf"
,"CLJ_1994_1_540","CLJ 1994 1 540.pdf"
,"CLJ_1994_1_544","CLJ 1994 1 544.pdf"
,"CLJ_1994_1_547","CLJ 1994 1 547.pdf"
,"CLJ_1994_1_555","CLJ 1994 1 555.pdf"
,"CLJ_1994_1_66","CLJ 1994 1 66.pdf"
,"CLJ_1994_1_70","CLJ 1994 1 70.pdf"
,"CLJ_1994_1_73","CLJ 1994 1 73.pdf"
,"CLJ_1994_1_77","CLJ 1994 1 77.pdf"
,"CLJ_1994_1_79","CLJ 1994 1 79.pdf"
,"CLJ_1994_1_82","CLJ 1994 1 82.pdf"
,"CLJ_1994_1_85","CLJ 1994 1 85.pdf"
,"CLJ_1994_1_89","CLJ 1994 1 89.pdf"
,"CLJ_1994_1_9","CLJ 1994 1 9.pdf"
,"CLJ_1994_1_93","CLJ 1994 1 93.pdf"
,"CLJ_1994_1_97","CLJ 1994 1 97.pdf"
clj_1994_2,"CLJ_1994_2_1","CLJ 1994 2 1.pdf","Current Law Journal, 1994, Volume 2",[1994],texts,opensource
,"CLJ_1994_2_101","CLJ 1994 2 101.pdf"
,"CLJ_1994_2_107","CLJ 1994 2 107.pdf"
,"CLJ_1994_2_110","CLJ 1994 2 110.pdf"
,"CLJ_1994_2_115","CLJ 1994 2 115.pdf"
,"CLJ_1994_2_130","CLJ 1994 2 130.pdf"
,"CLJ_1994_2_14","CLJ 1994 2 14.pdf"
,"CLJ_1994_2_143","CLJ 1994 2 143.pdf"
,"CLJ_1994_2_151","CLJ 1994 2 151.pdf"
,"CLJ_1994_2_174","CLJ 1994 2 174.pdf"
,"CLJ_1994_2_180","CLJ 1994 2 180.pdf"
,"CLJ_1994_2_188","CLJ 1994 2 188.pdf"
,"CLJ_1994_2_201","CLJ 1994 2 201.pdf"
,"CLJ_1994_2_209","CLJ 1994 2 209.pdf"
,"CLJ_1994_2_215","CLJ 1994 2 215.pdf"
,"CLJ_1994_2_225","CLJ 1994 2 225.pdf"
,"CLJ_1994_2_239","CLJ 1994 2 239.pdf"
,"CLJ_1994_2_246","CLJ 1994 2 246.pdf"
,"CLJ_1994_2_249","CLJ 1994 2 249.pdf"
,"CLJ_1994_2_25","CLJ 1994 2 25.pdf"
,"CLJ_1994_2_258","CLJ 1994 2 258.pdf"
,"CLJ_1994_2_265","CLJ 1994 2 265.pdf"
,"CLJ_1994_2_273","CLJ 1994 2 273.pdf"
,"CLJ_1994_2_280","CLJ 1994 2 280.pdf"
,"CLJ_1994_2_286","CLJ 1994 2 286.pdf"
,"CLJ_1994_2_294","CLJ 1994 2 294.pdf"
,"CLJ_1994_2_301","CLJ 1994 2 301.pdf"
,"CLJ_1994_2_31","CLJ 1994 2 31.pdf"
,"CLJ_1994_2_310","CLJ 1994 2 310.pdf"
,"CLJ_1994_2_313","CLJ 1994 2 313.pdf"
,"CLJ_1994_2_319","CLJ 1994 2 319.pdf"
,"CLJ_1994_2_333","CLJ 1994 2 333.pdf"
,"CLJ_1994_2_346","CLJ 1994 2 346.pdf"
,"CLJ_1994_2_35","CLJ 1994 2 35.pdf"
,"CLJ_1994_2_363","CLJ 1994 2 363.pdf"
,"CLJ_1994_2_365","CLJ 1994 2 365.pdf"
,"CLJ_1994_2_368","CLJ 1994 2 368.pdf"
,"CLJ_1994_2_372","CLJ 1994 2 372.pdf"
,"CLJ_1994_2_374","CLJ 1994 2 374.pdf"
,"CLJ_1994_2_379","CLJ 1994 2 379.pdf"
,"CLJ_1994_2_383","CLJ 1994 2 383.pdf"
,"CLJ_1994_2_387","CLJ 1994 2 387.pdf"
,"CLJ_1994_2_390","CLJ 1994 2 390.pdf"
,"CLJ_1994_2_397","CLJ 1994 2 397.pdf"
,"CLJ_1994_2_401","CLJ 1994 2 401.pdf"
,"CLJ_1994_2_405","CLJ 1994 2 405.pdf"
,"CLJ_1994_2_408","CLJ 1994 2 408.pdf"
,"CLJ_1994_2_412","CLJ 1994 2 412.pdf"
,"CLJ_1994_2_418","CLJ 1994 2 418.pdf"
,"CLJ_1994_2_423","CLJ 1994 2 423.pdf"
,"CLJ_1994_2_43","CLJ 1994 2 43.pdf"
,"CLJ_1994_2_437","CLJ 1994 2 437.pdf"
,"CLJ_1994_2_440","CLJ 1994 2 440.pdf"
,"CLJ_1994_2_443","CLJ 1994 2 443.pdf"
,"CLJ_1994_2_448","CLJ 1994 2 448.pdf"
,"CLJ_1994_2_451","CLJ 1994 2 451.pdf"
,"CLJ_1994_2_453","CLJ 1994 2 453.pdf"
,"CLJ_1994_2_464","CLJ 1994 2 464.pdf"
,"CLJ_1994_2_466","CLJ 1994 2 466.pdf"
,"CLJ_1994_2_471","CLJ 1994 2 471.pdf"
,"CLJ_1994_2_475","CLJ 1994 2 475.pdf"
,"CLJ_1994_2_480","CLJ 1994 2 480.pdf"
,"CLJ_1994_2_486","CLJ 1994 2 486.pdf"
,"CLJ_1994_2_489","CLJ 1994 2 489.pdf"
,"CLJ_1994_2_494","CLJ 1994 2 494.pdf"
,"CLJ_1994_2_499","CLJ 1994 2 499.pdf"
,"CLJ_1994_2_504","CLJ 1994 2 504.pdf"
,"CLJ_1994_2_513","CLJ 1994 2 513.pdf"
,"CLJ_1994_2_516","CLJ 1994 2 516.pdf"
,"CLJ_1994_2_519","CLJ 1994 2 519.pdf"
,"CLJ_1994_2_521","CLJ 1994 2 521.pdf"
,"CLJ_1994_2_525","CLJ 1994 2 525.pdf"
,"CLJ_1994_2_53","CLJ 1994 2 53.pdf"
,"CLJ_1994_2_530","CLJ 1994 2 530.pdf"
,"CLJ_1994_2_534","CLJ 1994 2 534.pdf"
,"CLJ_1994_2_537","CLJ 1994 2 537.pdf"
,"CLJ_1994_2_540","CLJ 1994 2 540.pdf"
,"CLJ_1994_2_545","CLJ 1994 2 545.pdf"
,"CLJ_1994_2_549","CLJ 1994 2 549.pdf"
,"CLJ_1994_2_553","CLJ 1994 2 553.pdf"
,"CLJ_1994_2_557","CLJ 1994 2 557.pdf"
,"CLJ_1994_2_561","CLJ 1994 2 561.pdf"
,"CLJ_1994_2_570","CLJ 1994 2 570.pdf"
,"CLJ_1994_2_573","CLJ 1994 2 573.pdf"
,"CLJ_1994_2_577","CLJ 1994 2 577.pdf"
,"CLJ_1994_2_581","CLJ 1994 2 581.pdf"
,"CLJ_1994_2_587","CLJ 1994 2 587.pdf"
,"CLJ_1994_2_59","CLJ 1994 2 59.pdf"
,"CLJ_1994_2_591","CLJ 1994 2 591.pdf"
,"CLJ_1994_2_593","CLJ 1994 2 593.pdf"
,"CLJ_1994_2_6","CLJ 1994 2 6.pdf"
,"CLJ_1994_2_601","CLJ 1994 2 601.pdf"
,"CLJ_1994_2_606","CLJ 1994 2 606.pdf"
,"CLJ_1994_2_611","CLJ 1994 2 611.pdf"
,"CLJ_1994_2_614","CLJ 1994 2 614.pdf"
,"CLJ_1994_2_617","CLJ 1994 2 617.pdf"
,"CLJ_1994_2_623","CLJ 1994 2 623.pdf"
,"CLJ_1994_2_626","CLJ 1994 2 626.pdf"
,"CLJ_1994_2_630","CLJ 1994 2 630.pdf"
,"CLJ_1994_2_634","CLJ 1994 2 634.pdf"
,"CLJ_1994_2_637","CLJ 1994 2 637.pdf"
,"CLJ_1994_2_644","CLJ 1994 2 644.pdf"
,"CLJ_1994_2_646","CLJ 1994 2 646.pdf"
,"CLJ_1994_2_654","CLJ 1994 2 654.pdf"
,"CLJ_1994_2_658","CLJ 1994 2 658.pdf"
,"CLJ_1994_2_66","CLJ 1994 2 66.pdf"
,"CLJ_1994_2_660","CLJ 1994 2 660.pdf"
,"CLJ_1994_2_662","CLJ 1994 2 662.pdf"
,"CLJ_1994_2_667","CLJ 1994 2 667.pdf"
,"CLJ_1994_2_670","CLJ 1994 2 670.pdf"
,"CLJ_1994_2_673","CLJ 1994 2 673.pdf"
,"CLJ_1994_2_685","CLJ 1994 2 685.pdf"
,"CLJ_1994_2_69","CLJ 1994 2 69.pdf"
,"CLJ_1994_2_690","CLJ 1994 2 690.pdf"
,"CLJ_1994_2_695","CLJ 1994 2 695.pdf"
,"CLJ_1994_2_701","CLJ 1994 2 701.pdf"
,"CLJ_1994_2_705","CLJ 1994 2 705.pdf"
,"CLJ_1994_2_716","CLJ 1994 2 716.pdf"
,"CLJ_1994_2_729","CLJ 1994 2 729.pdf"
,"CLJ_1994_2_73","CLJ 1994 2 73.pdf"
,"CLJ_1994_2_733","CLJ 1994 2 733.pdf"
,"CLJ_1994_2_738","CLJ 1994 2 738.pdf"
,"CLJ_1994_2_741","CLJ 1994 2 741.pdf"
,"CLJ_1994_2_747","CLJ 1994 2 747.pdf"
,"CLJ_1994_2_751","CLJ 1994 2 751.pdf"
,"CLJ_1994_2_753","CLJ 1994 2 753.pdf"
,"CLJ_1994_2_758","CLJ 1994 2 758.pdf"
,"CLJ_1994_2_76","CLJ 1994 2 76.pdf"
,"CLJ_1994_2_762","CLJ 1994 2 762.pdf"
,"CLJ_1994_2_767","CLJ 1994 2 767.pdf"
,"CLJ_1994_2_771","CLJ 1994 2 771.pdf"
,"CLJ_1994_2_775","CLJ 1994 2 775.pdf"
,"CLJ_1994_2_779","CLJ 1994 2 779.pdf"
,"CLJ_1994_2_783","CLJ 1994 2 783.pdf"
,"CLJ_1994_2_787","CLJ 1994 2 787.pdf"
,"CLJ_1994_2_790","CLJ 1994 2 790.pdf"
,"CLJ_1994_2_792","CLJ 1994 2 792.pdf"
,"CLJ_1994_2_796","CLJ 1994 2 796.pdf"
,"CLJ_1994_2_802","CLJ 1994 2 802.pdf"
,"CLJ_1994_2_806","CLJ 1994 2 806.pdf"
,"CLJ_1994_2_809","CLJ 1994 2 809.pdf"
,"CLJ_1994_2_826","CLJ 1994 2 826.pdf"
,"CLJ_1994_2_83","CLJ 1994 2 83.pdf"
,"CLJ_1994_2_838","CLJ 1994 2 838.pdf"
,"CLJ_1994_2_845","CLJ 1994 2 845.pdf"
,"CLJ_1994_2_849","CLJ 1994 2 849.pdf"
,"CLJ_1994_2_85","CLJ 1994 2 85.pdf"
,"CLJ_1994_2_855","CLJ 1994 2 855.pdf"
,"CLJ_1994_2_858","CLJ 1994 2 858.pdf"
,"CLJ_1994_2_91","CLJ 1994 2 91.pdf"
,"CLJ_1994_2_95","CLJ 1994 2 95.pdf"
clj_1994_3,"CLJ_1994_3_1","CLJ 1994 3 1.pdf","Current Law Journal, 1994, Volume 3",[1994],texts,opensource
,"CLJ_1994_3_111","CLJ 1994 3 111.pdf"
,"CLJ_1994_3_114","CLJ 1994 3 114.pdf"
,"CLJ_1994_3_118","CLJ 1994 3 118.pdf"
,"CLJ_1994_3_122","CLJ 1994 3 122.pdf"
,"CLJ_1994_3_125","CLJ 1994 3 125.pdf"
,"CLJ_1994_3_133","CLJ 1994 3 133.pdf"
,"CLJ_1994_3_144","CLJ 1994 3 144.pdf"
,"CLJ_1994_3_150","CLJ 1994 3 150.pdf"
,"CLJ_1994_3_157","CLJ 1994 3 157.pdf"
,"CLJ_1994_3_159","CLJ 1994 3 159.pdf"
,"CLJ_1994_3_163","CLJ 1994 3 163.pdf"
,"CLJ_1994_3_169","CLJ 1994 3 169.pdf"
,"CLJ_1994_3_172","CLJ 1994 3 172.pdf"
,"CLJ_1994_3_183","CLJ 1994 3 183.pdf"
,"CLJ_1994_3_186","CLJ 1994 3 186.pdf"
,"CLJ_1994_3_198","CLJ 1994 3 198.pdf"
,"CLJ_1994_3_20","CLJ 1994 3 20.pdf"
,"CLJ_1994_3_201","CLJ 1994 3 201.pdf"
,"CLJ_1994_3_204","CLJ 1994 3 204.pdf"
,"CLJ_1994_3_209","CLJ 1994 3 209.pdf"
,"CLJ_1994_3_213","CLJ 1994 3 213.pdf"
,"CLJ_1994_3_221","CLJ 1994 3 221.pdf"
,"CLJ_1994_3_226","CLJ 1994 3 226.pdf"
,"CLJ_1994_3_229","CLJ 1994 3 229.pdf"
,"CLJ_1994_3_237","CLJ 1994 3 237.pdf"
,"CLJ_1994_3_244","CLJ 1994 3 244.pdf"
,"CLJ_1994_3_253","CLJ 1994 3 253.pdf"
,"CLJ_1994_3_256","CLJ 1994 3 256.pdf"
,"CLJ_1994_3_259","CLJ 1994 3 259.pdf"
,"CLJ_1994_3_262","CLJ 1994 3 262.pdf"
,"CLJ_1994_3_265","CLJ 1994 3 265.pdf"
,"CLJ_1994_3_275","CLJ 1994 3 275.pdf"
,"CLJ_1994_3_278","CLJ 1994 3 278.pdf"
,"CLJ_1994_3_282","CLJ 1994 3 282.pdf"
,"CLJ_1994_3_287","CLJ 1994 3 287.pdf"
,"CLJ_1994_3_289","CLJ 1994 3 289.pdf"
,"CLJ_1994_3_29","CLJ 1994 3 29.pdf"
,"CLJ_1994_3_294","CLJ 1994 3 294.pdf"
,"CLJ_1994_3_296","CLJ 1994 3 296.pdf"
,"CLJ_1994_3_300","CLJ 1994 3 300.pdf"
,"CLJ_1994_3_308","CLJ 1994 3 308.pdf"
,"CLJ_1994_3_312","CLJ 1994 3 312.pdf"
,"CLJ_1994_3_315","CLJ 1994 3 315.pdf"
,"CLJ_1994_3_318","CLJ 1994 3 318.pdf"
,"CLJ_1994_3_326","CLJ 1994 3 326.pdf"
,"CLJ_1994_3_330","CLJ 1994 3 330.pdf"
,"CLJ_1994_3_334","CLJ 1994 3 334.pdf"
,"CLJ_1994_3_338","CLJ 1994 3 338.pdf"
,"CLJ_1994_3_34","CLJ 1994 3 34.pdf"
,"CLJ_1994_3_341","CLJ 1994 3 341.pdf"
,"CLJ_1994_3_346","CLJ 1994 3 346.pdf"
,"CLJ_1994_3_350","CLJ 1994 3 350.pdf"
,"CLJ_1994_3_353","CLJ 1994 3 353.pdf"
,"CLJ_1994_3_355","CLJ 1994 3 355.pdf"
,"CLJ_1994_3_360","CLJ 1994 3 360.pdf"
,"CLJ_1994_3_362","CLJ 1994 3 362.pdf"
,"CLJ_1994_3_369","CLJ 1994 3 369.pdf"
,"CLJ_1994_3_371","CLJ 1994 3 371.pdf"
,"CLJ_1994_3_373","CLJ 1994 3 373.pdf"
,"CLJ_1994_3_377","CLJ 1994 3 377.pdf"
,"CLJ_1994_3_382","CLJ 1994 3 382.pdf"
,"CLJ_1994_3_385","CLJ 1994 3 385.pdf"
,"CLJ_1994_3_39","CLJ 1994 3 39.pdf"
,"CLJ_1994_3_391","CLJ 1994 3 391.pdf"
,"CLJ_1994_3_397","CLJ 1994 3 397.pdf"
,"CLJ_1994_3_399","CLJ 1994 3 399.pdf"
,"CLJ_1994_3_402","CLJ 1994 3 402.pdf"
,"CLJ_1994_3_406","CLJ 1994 3 406.pdf"
,"CLJ_1994_3_409","CLJ 1994 3 409.pdf"
,"CLJ_1994_3_414","CLJ 1994 3 414.pdf"
,"CLJ_1994_3_419","CLJ 1994 3 419.pdf"
,"CLJ_1994_3_423","CLJ 1994 3 423.pdf"
,"CLJ_1994_3_425","CLJ 1994 3 425.pdf"
,"CLJ_1994_3_432","CLJ 1994 3 432.pdf"
,"CLJ_1994_3_438","CLJ 1994 3 438.pdf"
,"CLJ_1994_3_44","CLJ 1994 3 44.pdf"
,"CLJ_1994_3_447","CLJ 1994 3 447.pdf"
,"CLJ_1994_3_450","CLJ 1994 3 450.pdf"
,"CLJ_1994_3_456","CLJ 1994 3 456.pdf"
,"CLJ_1994_3_459","CLJ 1994 3 459.pdf"
,"CLJ_1994_3_461","CLJ 1994 3 461.pdf"
,"CLJ_1994_3_464","CLJ 1994 3 464.pdf"
,"CLJ_1994_3_466","CLJ 1994 3 466.pdf"
,"CLJ_1994_3_47","CLJ 1994 3 47.pdf"
,"CLJ_1994_3_471","CLJ 1994 3 471.pdf"
,"CLJ_1994_3_475","CLJ 1994 3 475.pdf"
,"CLJ_1994_3_480","CLJ 1994 3 480.pdf"
,"CLJ_1994_3_484","CLJ 1994 3 484.pdf"
,"CLJ_1994_3_488","CLJ 1994 3 488.pdf"
,"CLJ_1994_3_492","CLJ 1994 3 492.pdf"
,"CLJ_1994_3_496","CLJ 1994 3 496.pdf"
,"CLJ_1994_3_50","CLJ 1994 3 50.pdf"
,"CLJ_1994_3_501","CLJ 1994 3 501.pdf"
,"CLJ_1994_3_507","CLJ 1994 3 507.pdf"
,"CLJ_1994_3_509","CLJ 1994 3 509.pdf"
,"CLJ_1994_3_511","CLJ 1994 3 511.pdf"
,"CLJ_1994_3_515","CLJ 1994 3 515.pdf"
,"CLJ_1994_3_519","CLJ 1994 3 519.pdf"
,"CLJ_1994_3_532","CLJ 1994 3 532.pdf"
,"CLJ_1994_3_54","CLJ 1994 3 54.pdf"
,"CLJ_1994_3_540","CLJ 1994 3 540.pdf"
,"CLJ_1994_3_567","CLJ 1994 3 567.pdf"
,"CLJ_1994_3_573","CLJ 1994 3 573.pdf"
,"CLJ_1994_3_576","CLJ 1994 3 576.pdf"
,"CLJ_1994_3_58","CLJ 1994 3 58.pdf"
,"CLJ_1994_3_581","CLJ 1994 3 581.pdf"
,"CLJ_1994_3_587","CLJ 1994 3 587.pdf"
,"CLJ_1994_3_59","CLJ 1994 3 59.pdf"
,"CLJ_1994_3_591","CLJ 1994 3 591.pdf"
,"CLJ_1994_3_599","CLJ 1994 3 599.pdf"
,"CLJ_1994_3_602","CLJ 1994 3 602.pdf"
,"CLJ_1994_3_605","CLJ 1994 3 605.pdf"
,"CLJ_1994_3_61","CLJ 1994 3 61.pdf"
,"CLJ_1994_3_613","CLJ 1994 3 613.pdf"
,"CLJ_1994_3_620","CLJ 1994 3 620.pdf"
,"CLJ_1994_3_622","CLJ 1994 3 622.pdf"
,"CLJ_1994_3_628","CLJ 1994 3 628.pdf"
,"CLJ_1994_3_632","CLJ 1994 3 632.pdf"
,"CLJ_1994_3_635","CLJ 1994 3 635.pdf"
,"CLJ_1994_3_638","CLJ 1994 3 638.pdf"
,"CLJ_1994_3_64","CLJ 1994 3 64.pdf"
,"CLJ_1994_3_643","CLJ 1994 3 643.pdf"
,"CLJ_1994_3_646","CLJ 1994 3 646.pdf"
,"CLJ_1994_3_650","CLJ 1994 3 650.pdf"
,"CLJ_1994_3_653","CLJ 1994 3 653.pdf"
,"CLJ_1994_3_657","CLJ 1994 3 657.pdf"
,"CLJ_1994_3_662","CLJ 1994 3 662.pdf"
,"CLJ_1994_3_664","CLJ 1994 3 664.pdf"
,"CLJ_1994_3_668","CLJ 1994 3 668.pdf"
,"CLJ_1994_3_671","CLJ 1994 3 671.pdf"
,"CLJ_1994_3_676","CLJ 1994 3 676.pdf"
,"CLJ_1994_3_68","CLJ 1994 3 68.pdf"
,"CLJ_1994_3_681","CLJ 1994 3 681.pdf"
,"CLJ_1994_3_687","CLJ 1994 3 687.pdf"
,"CLJ_1994_3_7","CLJ 1994 3 7.pdf"
,"CLJ_1994_3_701","CLJ 1994 3 701.pdf"
,"CLJ_1994_3_708","CLJ 1994 3 708.pdf"
,"CLJ_1994_3_715","CLJ 1994 3 715.pdf"
,"CLJ_1994_3_718","CLJ 1994 3 718.pdf"
,"CLJ_1994_3_722","CLJ 1994 3 722.pdf"
,"CLJ_1994_3_725","CLJ 1994 3 725.pdf"
,"CLJ_1994_3_727","CLJ 1994 3 727.pdf"
,"CLJ_1994_3_731","CLJ 1994 3 731.pdf"
,"CLJ_1994_3_735","CLJ 1994 3 735.pdf"
,"CLJ_1994_3_738","CLJ 1994 3 738.pdf"
,"CLJ_1994_3_741","CLJ 1994 3 741.pdf"
,"CLJ_1994_3_75","CLJ 1994 3 75.pdf"
,"CLJ_1994_3_754","CLJ 1994 3 754.pdf"
,"CLJ_1994_3_760","CLJ 1994 3 760.pdf"
,"CLJ_1994_3_763","CLJ 1994 3 763.pdf"
,"CLJ_1994_3_767","CLJ 1994 3 767.pdf"
,"CLJ_1994_3_772","CLJ 1994 3 772.pdf"
,"CLJ_1994_3_777","CLJ 1994 3 777.pdf"
,"CLJ_1994_3_78","CLJ 1994 3 78.pdf"
,"CLJ_1994_3_781","CLJ 1994 3 781.pdf"
,"CLJ_1994_3_783","CLJ 1994 3 783.pdf"
,"CLJ_1994_3_786","CLJ 1994 3 786.pdf"
,"CLJ_1994_3_792","CLJ 1994 3 792.pdf"
,"CLJ_1994_3_794","CLJ 1994 3 794.pdf"
,"CLJ_1994_3_800","CLJ 1994 3 800.pdf"
,"CLJ_1994_3_803","CLJ 1994 3 803.pdf"
,"CLJ_1994_3_806","CLJ 1994 3 806.pdf"
,"CLJ_1994_3_828","CLJ 1994 3 828.pdf"
,"CLJ_1994_3_83","CLJ 1994 3 83.pdf"
,"CLJ_1994_3_831","CLJ 1994 3 831.pdf"
,"CLJ_1994_3_840","CLJ 1994 3 840.pdf"
,"CLJ_1994_3_844","CLJ 1994 3 844.pdf"
,"CLJ_1994_3_85","CLJ 1994 3 85.pdf"
,"CLJ_1994_3_90","CLJ 1994 3 90.pdf"
,"CLJ_1994_3_93","CLJ 1994 3 93.pdf"
,"CLJ_1994_3_95","CLJ 1994 3 95.pdf"
,"CLJ_1994_3_98","CLJ 1994 3 98.pdf"
clj_1994_4,"CLJ_1994_4_1","CLJ 1994 4 1.pdf","Current Law Journal, 1994, Volume 4",[1994],texts,opensource
,"CLJ_1994_4_1002","CLJ 1994 4 1002.pdf"
,"CLJ_1994_4_1012","CLJ 1994 4 1012.pdf"
,"CLJ_1994_4_1016","CLJ 1994 4 1016.pdf"
,"CLJ_1994_4_102","CLJ 1994 4 102.pdf"
,"CLJ_1994_4_1027","CLJ 1994 4 1027.pdf"
,"CLJ_1994_4_1029","CLJ 1994 4 1029.pdf"
,"CLJ_1994_4_1043","CLJ 1994 4 1043.pdf"
,"CLJ_1994_4_1056","CLJ 1994 4 1056.pdf"
,"CLJ_1994_4_1060","CLJ 1994 4 1060.pdf"
,"CLJ_1994_4_1066","CLJ 1994 4 1066.pdf"
,"CLJ_1994_4_1074","CLJ 1994 4 1074.pdf"
,"CLJ_1994_4_1084","CLJ 1994 4 1084.pdf"
,"CLJ_1994_4_1089","CLJ 1994 4 1089.pdf"
,"CLJ_1994_4_109","CLJ 1994 4 109.pdf"
,"CLJ_1994_4_113","CLJ 1994 4 113.pdf"
,"CLJ_1994_4_118","CLJ 1994 4 118.pdf"
,"CLJ_1994_4_122","CLJ 1994 4 122.pdf"
,"CLJ_1994_4_128","CLJ 1994 4 128.pdf"
,"CLJ_1994_4_134","CLJ 1994 4 134.pdf"
,"CLJ_1994_4_138","CLJ 1994 4 138.pdf"
,"CLJ_1994_4_141","CLJ 1994 4 141.pdf"
,"CLJ_1994_4_155","CLJ 1994 4 155.pdf"
,"CLJ_1994_4_161","CLJ 1994 4 161.pdf"
,"CLJ_1994_4_166","CLJ 1994 4 166.pdf"
,"CLJ_1994_4_172","CLJ 1994 4 172.pdf"
,"CLJ_1994_4_176","CLJ 1994 4 176.pdf"
,"CLJ_1994_4_181","CLJ 1994 4 181.pdf"
,"CLJ_1994_4_188","CLJ 1994 4 188.pdf"
,"CLJ_1994_4_192","CLJ 1994 4 192.pdf"
,"CLJ_1994_4_198","CLJ 1994 4 198.pdf"
,"CLJ_1994_4_218","CLJ 1994 4 218.pdf"
,"CLJ_1994_4_227","CLJ 1994 4 227.pdf"
,"CLJ_1994_4_230","CLJ 1994 4 230.pdf"
,"CLJ_1994_4_233","CLJ 1994 4 233.pdf"
,"CLJ_1994_4_239","CLJ 1994 4 239.pdf"
,"CLJ_1994_4_249","CLJ 1994 4 249.pdf"
,"CLJ_1994_4_285","CLJ 1994 4 285.pdf"
,"CLJ_1994_4_300","CLJ 1994 4 300.pdf"
,"CLJ_1994_4_317","CLJ 1994 4 317.pdf"
,"CLJ_1994_4_324","CLJ 1994 4 324.pdf"
,"CLJ_1994_4_328","CLJ 1994 4 328.pdf"
,"CLJ_1994_4_331","CLJ 1994 4 331.pdf"
,"CLJ_1994_4_337","CLJ 1994 4 337.pdf"
,"CLJ_1994_4_341","CLJ 1994 4 341.pdf"
,"CLJ_1994_4_347","CLJ 1994 4 347.pdf"
,"CLJ_1994_4_351","CLJ 1994 4 351.pdf"
,"CLJ_1994_4_353","CLJ 1994 4 353.pdf"
,"CLJ_1994_4_357","CLJ 1994 4 357.pdf"
,"CLJ_1994_4_361","CLJ 1994 4 361.pdf"
,"CLJ_1994_4_364","CLJ 1994 4 364.pdf"
,"CLJ_1994_4_368","CLJ 1994 4 368.pdf"
,"CLJ_1994_4_376","CLJ 1994 4 376.pdf"
,"CLJ_1994_4_383","CLJ 1994 4 383.pdf"
,"CLJ_1994_4_390","CLJ 1994 4 390.pdf"
,"CLJ_1994_4_395","CLJ 1994 4 395.pdf"
,"CLJ_1994_4_399","CLJ 1994 4 399.pdf"
,"CLJ_1994_4_402","CLJ 1994 4 402.pdf"
,"CLJ_1994_4_410","CLJ 1994 4 410.pdf"
,"CLJ_1994_4_416","CLJ 1994 4 416.pdf"
,"CLJ_1994_4_419","CLJ 1994 4 419.pdf"
,"CLJ_1994_4_423","CLJ 1994 4 423.pdf"
,"CLJ_1994_4_435","CLJ 1994 4 435.pdf"
,"CLJ_1994_4_445","CLJ 1994 4 445.pdf"
,"CLJ_1994_4_450","CLJ 1994 4 450.pdf"
,"CLJ_1994_4_455","CLJ 1994 4 455.pdf"
,"CLJ_1994_4_464","CLJ 1994 4 464.pdf"
,"CLJ_1994_4_47","CLJ 1994 4 47.pdf"
,"CLJ_1994_4_479","CLJ 1994 4 479.pdf"
,"CLJ_1994_4_488","CLJ 1994 4 488.pdf"
,"CLJ_1994_4_495","CLJ 1994 4 495.pdf"
,"CLJ_1994_4_500","CLJ 1994 4 500.pdf"
,"CLJ_1994_4_504","CLJ 1994 4 504.pdf"
,"CLJ_1994_4_507","CLJ 1994 4 507.pdf"
,"CLJ_1994_4_515","CLJ 1994 4 515.pdf"
,"CLJ_1994_4_519","CLJ 1994 4 519.pdf"
,"CLJ_1994_4_526","CLJ 1994 4 526.pdf"
,"CLJ_1994_4_532","CLJ 1994 4 532.pdf"
,"CLJ_1994_4_535","CLJ 1994 4 535.pdf"
,"CLJ_1994_4_537","CLJ 1994 4 537.pdf"
,"CLJ_1994_4_541","CLJ 1994 4 541.pdf"
,"CLJ_1994_4_547","CLJ 1994 4 547.pdf"
,"CLJ_1994_4_550","CLJ 1994 4 550.pdf"
,"CLJ_1994_4_558","CLJ 1994 4 558.pdf"
,"CLJ_1994_4_564","CLJ 1994 4 564.pdf"
,"CLJ_1994_4_568","CLJ 1994 4 568.pdf"
,"CLJ_1994_4_57","CLJ 1994 4 57.pdf"
,"CLJ_1994_4_575","CLJ 1994 4 575.pdf"
,"CLJ_1994_4_580","CLJ 1994 4 580.pdf"
,"CLJ_1994_4_584","CLJ 1994 4 584.pdf"
,"CLJ_1994_4_590","CLJ 1994 4 590.pdf"
,"CLJ_1994_4_593","CLJ 1994 4 593.pdf"
,"CLJ_1994_4_597","CLJ 1994 4 597.pdf"
,"CLJ_1994_4_605","CLJ 1994 4 605.pdf"
,"CLJ_1994_4_609","CLJ 1994 4 609.pdf"
,"CLJ_1994_4_613","CLJ 1994 4 613.pdf"
,"CLJ_1994_4_617","CLJ 1994 4 617.pdf"
,"CLJ_1994_4_629","CLJ 1994 4 629.pdf"
,"CLJ_1994_4_63","CLJ 1994 4 63.pdf"
,"CLJ_1994_4_637","CLJ 1994 4 637.pdf"
,"CLJ_1994_4_643","CLJ 1994 4 643.pdf"
,"CLJ_1994_4_646","CLJ 1994 4 646.pdf"
,"CLJ_1994_4_652","CLJ 1994 4 652.pdf"
,"CLJ_1994_4_656","CLJ 1994 4 656.pdf"
,"CLJ_1994_4_668","CLJ 1994 4 668.pdf"
,"CLJ_1994_4_671","CLJ 1994 4 671.pdf"
,"CLJ_1994_4_68","CLJ 1994 4 68.pdf"
,"CLJ_1994_4_683","CLJ 1994 4 683.pdf"
,"CLJ_1994_4_687","CLJ 1994 4 687.pdf"
,"CLJ_1994_4_692","CLJ 1994 4 692.pdf"
,"CLJ_1994_4_701","CLJ 1994 4 701.pdf"
,"CLJ_1994_4_718","CLJ 1994 4 718.pdf"
,"CLJ_1994_4_723","CLJ 1994 4 723.pdf"
,"CLJ_1994_4_728","CLJ 1994 4 728.pdf"
,"CLJ_1994_4_74","CLJ 1994 4 74.pdf"
,"CLJ_1994_4_744","CLJ 1994 4 744.pdf"
,"CLJ_1994_4_750","CLJ 1994 4 750.pdf"
,"CLJ_1994_4_757","CLJ 1994 4 757.pdf"
,"CLJ_1994_4_762","CLJ 1994 4 762.pdf"
,"CLJ_1994_4_767","CLJ 1994 4 767.pdf"
,"CLJ_1994_4_772","CLJ 1994 4 772.pdf"
,"CLJ_1994_4_776","CLJ 1994 4 776.pdf"
,"CLJ_1994_4_783","CLJ 1994 4 783.pdf"
,"CLJ_1994_4_798","CLJ 1994 4 798.pdf"
,"CLJ_1994_4_809","CLJ 1994 4 809.pdf"
,"CLJ_1994_4_81","CLJ 1994 4 81.pdf"
,"CLJ_1994_4_813","CLJ 1994 4 813.pdf"
,"CLJ_1994_4_818","CLJ 1994 4 818.pdf"
,"CLJ_1994_4_823","CLJ 1994 4 823.pdf"
,"CLJ_1994_4_840","CLJ 1994 4 840.pdf"
,"CLJ_1994_4_844","CLJ 1994 4 844.pdf"
,"CLJ_1994_4_849","CLJ 1994 4 849.pdf"
,"CLJ_1994_4_857","CLJ 1994 4 857.pdf"
,"CLJ_1994_4_865","CLJ 1994 4 865.pdf"
,"CLJ_1994_4_87","CLJ 1994 4 87.pdf"
,"CLJ_1994_4_871","CLJ 1994 4 871.pdf"
,"CLJ_1994_4_880","CLJ 1994 4 880.pdf"
,"CLJ_1994_4_892","CLJ 1994 4 892.pdf"
,"CLJ_1994_4_899","CLJ 1994 4 899.pdf"
,"CLJ_1994_4_906","CLJ 1994 4 906.pdf"
,"CLJ_1994_4_910","CLJ 1994 4 910.pdf"
,"CLJ_1994_4_916","CLJ 1994 4 916.pdf"
,"CLJ_1994_4_921","CLJ 1994 4 921.pdf"
,"CLJ_1994_4_925","CLJ 1994 4 925.pdf"
,"CLJ_1994_4_959","CLJ 1994 4 959.pdf"
,"CLJ_1994_4_97","CLJ 1994 4 97.pdf"
,"CLJ_1994_4_971","CLJ 1994 4 971.pdf"
,"CLJ_1994_4_979","CLJ 1994 4 979.pdf"
,"CLJ_1994_4_987","CLJ 1994 4 987.pdf"
,"CLJ_1994_4_992","CLJ 1994 4 992.pdf"
,"CLJ_1994_4_996","CLJ 1994 4 996.pdf"
clj_1995_1,"CLJ_1995_1_1","CLJ 1995 1 1.pdf","Current Law Journal, 1995, Volume 1",[1995],texts,opensource
,"CLJ_1995_1_100","CLJ 1995 1 100.pdf"
,"CLJ_1995_1_102","CLJ 1995 1 102.pdf"
,"CLJ_1995_1_107","CLJ 1995 1 107.pdf"
,"CLJ_1995_1_109","CLJ 1995 1 109.pdf"
,"CLJ_1995_1_113","CLJ 1995 1 113.pdf"
,"CLJ_1995_1_117","CLJ 1995 1 117.pdf"
,"CLJ_1995_1_133","CLJ 1995 1 133.pdf"
,"CLJ_1995_1_146","CLJ 1995 1 146.pdf"
,"CLJ_1995_1_15","CLJ 1995 1 15.pdf"
,"CLJ_1995_1_151","CLJ 1995 1 151.pdf"
,"CLJ_1995_1_160","CLJ 1995 1 160.pdf"
,"CLJ_1995_1_165","CLJ 1995 1 165.pdf"
,"CLJ_1995_1_168","CLJ 1995 1 168.pdf"
,"CLJ_1995_1_173","CLJ 1995 1 173.pdf"
,"CLJ_1995_1_184","CLJ 1995 1 184.pdf"
,"CLJ_1995_1_201","CLJ 1995 1 201.pdf"
,"CLJ_1995_1_205","CLJ 1995 1 205.pdf"
,"CLJ_1995_1_215","CLJ 1995 1 215.pdf"
,"CLJ_1995_1_219","CLJ 1995 1 219.pdf"
,"CLJ_1995_1_223","CLJ 1995 1 223.pdf"
,"CLJ_1995_1_237","CLJ 1995 1 237.pdf"
,"CLJ_1995_1_242","CLJ 1995 1 242.pdf"
,"CLJ_1995_1_250","CLJ 1995 1 250.pdf"
,"CLJ_1995_1_261","CLJ 1995 1 261.pdf"
,"CLJ_1995_1_273","CLJ 1995 1 273.pdf"
,"CLJ_1995_1_283","CLJ 1995 1 283.pdf"
,"CLJ_1995_1_293","CLJ 1995 1 293.pdf"
,"CLJ_1995_1_313","CLJ 1995 1 313.pdf"
,"CLJ_1995_1_323","CLJ 1995 1 323.pdf"
,"CLJ_1995_1_33","CLJ 1995 1 33.pdf"
,"CLJ_1995_1_333","CLJ 1995 1 333.pdf"
,"CLJ_1995_1_341","CLJ 1995 1 341.pdf"
,"CLJ_1995_1_347","CLJ 1995 1 347.pdf"
,"CLJ_1995_1_353","CLJ 1995 1 353.pdf"
,"CLJ_1995_1_359","CLJ 1995 1 359.pdf"
,"CLJ_1995_1_364","CLJ 1995 1 364.pdf"
,"CLJ_1995_1_376","CLJ 1995 1 376.pdf"
,"CLJ_1995_1_381","CLJ 1995 1 381.pdf"
,"CLJ_1995_1_388","CLJ 1995 1 388.pdf"
,"CLJ_1995_1_392","CLJ 1995 1 392.pdf"
,"CLJ_1995_1_400","CLJ 1995 1 400.pdf"
,"CLJ_1995_1_403","CLJ 1995 1 403.pdf"
,"CLJ_1995_1_407","CLJ 1995 1 407.pdf"
,"CLJ_1995_1_412","CLJ 1995 1 412.pdf"
,"CLJ_1995_1_419","CLJ 1995 1 419.pdf"
,"CLJ_1995_1_42","CLJ 1995 1 42.pdf"
,"CLJ_1995_1_439","CLJ 1995 1 439.pdf"
,"CLJ_1995_1_461","CLJ 1995 1 461.pdf"
,"CLJ_1995_1_49","CLJ 1995 1 49.pdf"
,"CLJ_1995_1_491","CLJ 1995 1 491.pdf"
,"CLJ_1995_1_499","CLJ 1995 1 499.pdf"
,"CLJ_1995_1_505","CLJ 1995 1 505.pdf"
,"CLJ_1995_1_512","CLJ 1995 1 512.pdf"
,"CLJ_1995_1_519","CLJ 1995 1 519.pdf"
,"CLJ_1995_1_523","CLJ 1995 1 523.pdf"
,"CLJ_1995_1_533","CLJ 1995 1 533.pdf"
,"CLJ_1995_1_538","CLJ 1995 1 538.pdf"
,"CLJ_1995_1_556","CLJ 1995 1 556.pdf"
,"CLJ_1995_1_561","CLJ 1995 1 561.pdf"
,"CLJ_1995_1_565","CLJ 1995 1 565.pdf"
,"CLJ_1995_1_572","CLJ 1995 1 572.pdf"
,"CLJ_1995_1_577","CLJ 1995 1 577.pdf"
,"CLJ_1995_1_58","CLJ 1995 1 58.pdf"
,"CLJ_1995_1_587","CLJ 1995 1 587.pdf"
,"CLJ_1995_1_609","CLJ 1995 1 609.pdf"
,"CLJ_1995_1_619","CLJ 1995 1 619.pdf"
,"CLJ_1995_1_62","CLJ 1995 1 62.pdf"
,"CLJ_1995_1_631","CLJ 1995 1 631.pdf"
,"CLJ_1995_1_644","CLJ 1995 1 644.pdf"
,"CLJ_1995_1_648","CLJ 1995 1 648.pdf"
,"CLJ_1995_1_655","CLJ 1995 1 655.pdf"
,"CLJ_1995_1_669","CLJ 1995 1 669.pdf"
,"CLJ_1995_1_678","CLJ 1995 1 678.pdf"
,"CLJ_1995_1_683","CLJ 1995 1 683.pdf"
,"CLJ_1995_1_687","CLJ 1995 1 687.pdf"
,"CLJ_1995_1_69","CLJ 1995 1 69.pdf"
,"CLJ_1995_1_693","CLJ 1995 1 693.pdf"
,"CLJ_1995_1_706","CLJ 1995 1 706.pdf"
,"CLJ_1995_1_717","CLJ 1995 1 717.pdf"
,"CLJ_1995_1_720","CLJ 1995 1 720.pdf"
,"CLJ_1995_1_741","CLJ 1995 1 741.pdf"
,"CLJ_1995_1_753","CLJ 1995 1 753.pdf"
,"CLJ_1995_1_761","CLJ 1995 1 761.pdf"
,"CLJ_1995_1_773","CLJ 1995 1 773.pdf"
,"CLJ_1995_1_78","CLJ 1995 1 78.pdf"
,"CLJ_1995_1_785","CLJ 1995 1 785.pdf"
,"CLJ_1995_1_791","CLJ 1995 1 791.pdf"
,"CLJ_1995_1_797","CLJ 1995 1 797.pdf"
,"CLJ_1995_1_802","CLJ 1995 1 802.pdf"
,"CLJ_1995_1_807","CLJ 1995 1 807.pdf"
,"CLJ_1995_1_812","CLJ 1995 1 812.pdf"
,"CLJ_1995_1_816","CLJ 1995 1 816.pdf"
,"CLJ_1995_1_82","CLJ 1995 1 82.pdf"
,"CLJ_1995_1_820","CLJ 1995 1 820.pdf"
,"CLJ_1995_1_825","CLJ 1995 1 825.pdf"
,"CLJ_1995_1_831","CLJ 1995 1 831.pdf"
,"CLJ_1995_1_836","CLJ 1995 1 836.pdf"
,"CLJ_1995_1_841","CLJ 1995 1 841.pdf"
,"CLJ_1995_1_846","CLJ 1995 1 846.pdf"
,"CLJ_1995_1_853","CLJ 1995 1 853.pdf"
,"CLJ_1995_1_861","CLJ 1995 1 861.pdf"
,"CLJ_1995_1_865","CLJ 1995 1 865.pdf"
,"CLJ_1995_1_875","CLJ 1995 1 875.pdf"
,"CLJ_1995_1_890","CLJ 1995 1 890.pdf"
,"CLJ_1995_1_898","CLJ 1995 1 898.pdf"
,"CLJ_1995_1_94","CLJ 1995 1 94.pdf"
clj_1995_2,"CLJ_1995_2_1","CLJ 1995 2 1.pdf","Current Law Journal, 1995, Volume 2",[1995],texts,opensource
,"CLJ_1995_2_102","CLJ 1995 2 102.pdf"
,"CLJ_1995_2_106","CLJ 1995 2 106.pdf"
,"CLJ_1995_2_11","CLJ 1995 2 11.pdf"
,"CLJ_1995_2_110","CLJ 1995 2 110.pdf"
,"CLJ_1995_2_113","CLJ 1995 2 113.pdf"
,"CLJ_1995_2_118","CLJ 1995 2 118.pdf"
,"CLJ_1995_2_128","CLJ 1995 2 128.pdf"
,"CLJ_1995_2_133","CLJ 1995 2 133.pdf"
,"CLJ_1995_2_140","CLJ 1995 2 140.pdf"
,"CLJ_1995_2_145","CLJ 1995 2 145.pdf"
,"CLJ_1995_2_152","CLJ 1995 2 152.pdf"
,"CLJ_1995_2_155","CLJ 1995 2 155.pdf"
,"CLJ_1995_2_161","CLJ 1995 2 161.pdf"
,"CLJ_1995_2_179","CLJ 1995 2 179.pdf"
,"CLJ_1995_2_195","CLJ 1995 2 195.pdf"
,"CLJ_1995_2_209","CLJ 1995 2 209.pdf"
,"CLJ_1995_2_23","CLJ 1995 2 23.pdf"
,"CLJ_1995_2_231","CLJ 1995 2 231.pdf"
,"CLJ_1995_2_235","CLJ 1995 2 235.pdf"
,"CLJ_1995_2_238","CLJ 1995 2 238.pdf"
,"CLJ_1995_2_243","CLJ 1995 2 243.pdf"
,"CLJ_1995_2_250","CLJ 1995 2 250.pdf"
,"CLJ_1995_2_261","CLJ 1995 2 261.pdf"
,"CLJ_1995_2_273","CLJ 1995 2 273.pdf"
,"CLJ_1995_2_284","CLJ 1995 2 284.pdf"
,"CLJ_1995_2_287","CLJ 1995 2 287.pdf"
,"CLJ_1995_2_293","CLJ 1995 2 293.pdf"
,"CLJ_1995_2_298","CLJ 1995 2 298.pdf"
,"CLJ_1995_2_304","CLJ 1995 2 304.pdf"
,"CLJ_1995_2_308","CLJ 1995 2 308.pdf"
,"CLJ_1995_2_319","CLJ 1995 2 319.pdf"
,"CLJ_1995_2_326","CLJ 1995 2 326.pdf"
,"CLJ_1995_2_345","CLJ 1995 2 345.pdf"
,"CLJ_1995_2_368","CLJ 1995 2 368.pdf"
,"CLJ_1995_2_374","CLJ 1995 2 374.pdf"
,"CLJ_1995_2_387","CLJ 1995 2 387.pdf"
,"CLJ_1995_2_392","CLJ 1995 2 392.pdf"
,"CLJ_1995_2_397","CLJ 1995 2 397.pdf"
,"CLJ_1995_2_403","CLJ 1995 2 403.pdf"
,"CLJ_1995_2_407","CLJ 1995 2 407.pdf"
,"CLJ_1995_2_413","CLJ 1995 2 413.pdf"
,"CLJ_1995_2_419","CLJ 1995 2 419.pdf"
,"CLJ_1995_2_425","CLJ 1995 2 425.pdf"
,"CLJ_1995_2_440","CLJ 1995 2 440.pdf"
,"CLJ_1995_2_443","CLJ 1995 2 443.pdf"
,"CLJ_1995_2_452","CLJ 1995 2 452.pdf"
,"CLJ_1995_2_457","CLJ 1995 2 457.pdf"
,"CLJ_1995_2_471","CLJ 1995 2 471.pdf"
,"CLJ_1995_2_478","CLJ 1995 2 478.pdf"
,"CLJ_1995_2_493","CLJ 1995 2 493.pdf"
,"CLJ_1995_2_503","CLJ 1995 2 503.pdf"
,"CLJ_1995_2_51","CLJ 1995 2 51.pdf"
,"CLJ_1995_2_540","CLJ 1995 2 540.pdf"
,"CLJ_1995_2_545","CLJ 1995 2 545.pdf"
,"CLJ_1995_2_55","CLJ 1995 2 55.pdf"
,"CLJ_1995_2_553","CLJ 1995 2 553.pdf"
,"CLJ_1995_2_562","CLJ 1995 2 562.pdf"
,"CLJ_1995_2_569","CLJ 1995 2 569.pdf"
,"CLJ_1995_2_573","CLJ 1995 2 573.pdf"
,"CLJ_1995_2_577","CLJ 1995 2 577.pdf"
,"CLJ_1995_2_581","CLJ 1995 2 581.pdf"
,"CLJ_1995_2_598","CLJ 1995 2 598.pdf"
,"CLJ_1995_2_604","CLJ 1995 2 604.pdf"
,"CLJ_1995_2_634","CLJ 1995 2 634.pdf"
,"CLJ_1995_2_641","CLJ 1995 2 641.pdf"
,"CLJ_1995_2_649","CLJ 1995 2 649.pdf"
,"CLJ_1995_2_65","CLJ 1995 2 65.pdf"
,"CLJ_1995_2_657","CLJ 1995 2 657.pdf"
,"CLJ_1995_2_662","CLJ 1995 2 662.pdf"
,"CLJ_1995_2_665","CLJ 1995 2 665.pdf"
,"CLJ_1995_2_673","CLJ 1995 2 673.pdf"
,"CLJ_1995_2_69","CLJ 1995 2 69.pdf"
,"CLJ_1995_2_701","CLJ 1995 2 701.pdf"
,"CLJ_1995_2_713","CLJ 1995 2 713.pdf"
,"CLJ_1995_2_748","CLJ 1995 2 748.pdf"
,"CLJ_1995_2_77","CLJ 1995 2 77.pdf"
,"CLJ_1995_2_783","CLJ 1995 2 783.pdf"
,"CLJ_1995_2_789","CLJ 1995 2 789.pdf"
,"CLJ_1995_2_795","CLJ 1995 2 795.pdf"
,"CLJ_1995_2_804","CLJ 1995 2 804.pdf"
,"CLJ_1995_2_809","CLJ 1995 2 809.pdf"
,"CLJ_1995_2_815","CLJ 1995 2 815.pdf"
,"CLJ_1995_2_825","CLJ 1995 2 825.pdf"
,"CLJ_1995_2_833","CLJ 1995 2 833.pdf"
,"CLJ_1995_2_838","CLJ 1995 2 838.pdf"
,"CLJ_1995_2_841","CLJ 1995 2 841.pdf"
,"CLJ_1995_2_846","CLJ 1995 2 846.pdf"
,"CLJ_1995_2_855","CLJ 1995 2 855.pdf"
,"CLJ_1995_2_893","CLJ 1995 2 893.pdf"
,"CLJ_1995_2_900","CLJ 1995 2 900.pdf"
,"CLJ_1995_2_912","CLJ 1995 2 912.pdf"
,"CLJ_1995_2_943","CLJ 1995 2 943.pdf"
,"CLJ_1995_2_946","CLJ 1995 2 946.pdf"
,"CLJ_1995_2_951","CLJ 1995 2 951.pdf"
,"CLJ_1995_2_957","CLJ 1995 2 957.pdf"
,"CLJ_1995_2_96","CLJ 1995 2 96.pdf"
,"CLJ_1995_2_961","CLJ 1995 2 961.pdf"
,"CLJ_1995_2_966","CLJ 1995 2 966.pdf"
,"CLJ_1995_2_977","CLJ 1995 2 977.pdf"
,"CLJ_1995_2_993","CLJ 1995 2 993.pdf"
clj_1995_3,"CLJ_1995_3_1","CLJ 1995 3 1.pdf","Current Law Journal, 1995, Volume 3",[1995],texts,opensource
,"CLJ_1995_3_102","CLJ 1995 3 102.pdf"
,"CLJ_1995_3_109","CLJ 1995 3 109.pdf"
,"CLJ_1995_3_114","CLJ 1995 3 114.pdf"
,"CLJ_1995_3_129","CLJ 1995 3 129.pdf"
,"CLJ_1995_3_136","CLJ 1995 3 136.pdf"
,"CLJ_1995_3_143","CLJ 1995 3 143.pdf"
,"CLJ_1995_3_161","CLJ 1995 3 161.pdf"
,"CLJ_1995_3_171","CLJ 1995 3 171.pdf"
,"CLJ_1995_3_189","CLJ 1995 3 189.pdf"
,"CLJ_1995_3_196","CLJ 1995 3 196.pdf"
,"CLJ_1995_3_205","CLJ 1995 3 205.pdf"
,"CLJ_1995_3_224","CLJ 1995 3 224.pdf"
,"CLJ_1995_3_230","CLJ 1995 3 230.pdf"
,"CLJ_1995_3_234","CLJ 1995 3 234.pdf"
,"CLJ_1995_3_243","CLJ 1995 3 243.pdf"
,"CLJ_1995_3_251","CLJ 1995 3 251.pdf"
,"CLJ_1995_3_256","CLJ 1995 3 256.pdf"
,"CLJ_1995_3_279","CLJ 1995 3 279.pdf"
,"CLJ_1995_3_292","CLJ 1995 3 292.pdf"
,"CLJ_1995_3_299","CLJ 1995 3 299.pdf"
,"CLJ_1995_3_307","CLJ 1995 3 307.pdf"
,"CLJ_1995_3_316","CLJ 1995 3 316.pdf"
,"CLJ_1995_3_328","CLJ 1995 3 328.pdf"
,"CLJ_1995_3_344","CLJ 1995 3 344.pdf"
,"CLJ_1995_3_35","CLJ 1995 3 35.pdf"
,"CLJ_1995_3_359","CLJ 1995 3 359.pdf"
,"CLJ_1995_3_368","CLJ 1995 3 368.pdf"
,"CLJ_1995_3_371","CLJ 1995 3 371.pdf"
,"CLJ_1995_3_381","CLJ 1995 3 381.pdf"
,"CLJ_1995_3_386","CLJ 1995 3 386.pdf"
,"CLJ_1995_3_395","CLJ 1995 3 395.pdf"
,"CLJ_1995_3_403","CLJ 1995 3 403.pdf"
,"CLJ_1995_3_411","CLJ 1995 3 411.pdf"
,"CLJ_1995_3_419","CLJ 1995 3 419.pdf"
,"CLJ_1995_3_425","CLJ 1995 3 425.pdf"
,"CLJ_1995_3_434","CLJ 1995 3 434.pdf"
,"CLJ_1995_3_441","CLJ 1995 3 441.pdf"
,"CLJ_1995_3_451","CLJ 1995 3 451.pdf"
,"CLJ_1995_3_485","CLJ 1995 3 485.pdf"
,"CLJ_1995_3_493","CLJ 1995 3 493.pdf"
,"CLJ_1995_3_507","CLJ 1995 3 507.pdf"
,"CLJ_1995_3_511","CLJ 1995 3 511.pdf"
,"CLJ_1995_3_520","CLJ 1995 3 520.pdf"
,"CLJ_1995_3_559","CLJ 1995 3 559.pdf"
,"CLJ_1995_3_57","CLJ 1995 3 57.pdf"
,"CLJ_1995_3_581","CLJ 1995 3 581.pdf"
,"CLJ_1995_3_585","CLJ 1995 3 585.pdf"
,"CLJ_1995_3_588","CLJ 1995 3 588.pdf"
,"CLJ_1995_3_598","CLJ 1995 3 598.pdf"
,"CLJ_1995_3_604","CLJ 1995 3 604.pdf"
,"CLJ_1995_3_607","CLJ 1995 3 607.pdf"
,"CLJ_1995_3_610","CLJ 1995 3 610.pdf"
,"CLJ_1995_3_617","CLJ 1995 3 617.pdf"
,"CLJ_1995_3_627","CLJ 1995 3 627.pdf"
,"CLJ_1995_3_639","CLJ 1995 3 639.pdf"
,"CLJ_1995_3_64","CLJ 1995 3 64.pdf"
,"CLJ_1995_3_690","CLJ 1995 3 690.pdf"
,"CLJ_1995_3_697","CLJ 1995 3 697.pdf"
,"CLJ_1995_3_70","CLJ 1995 3 70.pdf"
,"CLJ_1995_3_705","CLJ 1995 3 705.pdf"
,"CLJ_1995_3_709","CLJ 1995 3 709.pdf"
,"CLJ_1995_3_713","CLJ 1995 3 713.pdf"
,"CLJ_1995_3_717","CLJ 1995 3 717.pdf"
,"CLJ_1995_3_720","CLJ 1995 3 720.pdf"
,"CLJ_1995_3_724","CLJ 1995 3 724.pdf"
,"CLJ_1995_3_738","CLJ 1995 3 738.pdf"
,"CLJ_1995_3_755","CLJ 1995 3 755.pdf"
,"CLJ_1995_3_759","CLJ 1995 3 759.pdf"
,"CLJ_1995_3_763","CLJ 1995 3 763.pdf"
,"CLJ_1995_3_77","CLJ 1995 3 77.pdf"
,"CLJ_1995_3_783","CLJ 1995 3 783.pdf"
,"CLJ_1995_3_797","CLJ 1995 3 797.pdf"
,"CLJ_1995_3_799","CLJ 1995 3 799.pdf"
,"CLJ_1995_3_807","CLJ 1995 3 807.pdf"
,"CLJ_1995_3_812","CLJ 1995 3 812.pdf"
,"CLJ_1995_3_823","CLJ 1995 3 823.pdf"
,"CLJ_1995_3_827","CLJ 1995 3 827.pdf"
,"CLJ_1995_3_831","CLJ 1995 3 831.pdf"
,"CLJ_1995_3_836","CLJ 1995 3 836.pdf"
,"CLJ_1995_3_842","CLJ 1995 3 842.pdf"
,"CLJ_1995_3_846","CLJ 1995 3 846.pdf"
,"CLJ_1995_3_855","CLJ 1995 3 855.pdf"
,"CLJ_1995_3_861","CLJ 1995 3 861.pdf"
,"CLJ_1995_3_867","CLJ 1995 3 867.pdf"
,"CLJ_1995_3_882","CLJ 1995 3 882.pdf"
,"CLJ_1995_3_889","CLJ 1995 3 889.pdf"
,"CLJ_1995_3_899","CLJ 1995 3 899.pdf"
,"CLJ_1995_3_9","CLJ 1995 3 9.pdf"
,"CLJ_1995_3_905","CLJ 1995 3 905.pdf"
,"CLJ_1995_3_911","CLJ 1995 3 911.pdf"
,"CLJ_1995_3_917","CLJ 1995 3 917.pdf"
clj_1995_4,"CLJ_1995_4_1","CLJ 1995 4 1.pdf","Current Law Journal, 1995, Volume 4",[1995],texts,opensource
,"CLJ_1995_4_108","CLJ 1995 4 108.pdf"
,"CLJ_1995_4_11","CLJ 1995 4 11.pdf"
,"CLJ_1995_4_113","CLJ 1995 4 113.pdf"
,"CLJ_1995_4_127","CLJ 1995 4 127.pdf"
,"CLJ_1995_4_155","CLJ 1995 4 155.pdf"
,"CLJ_1995_4_164","CLJ 1995 4 164.pdf"
,"CLJ_1995_4_179","CLJ 1995 4 179.pdf"
,"CLJ_1995_4_18","CLJ 1995 4 18.pdf"
,"CLJ_1995_4_183","CLJ 1995 4 183.pdf"
,"CLJ_1995_4_190","CLJ 1995 4 190.pdf"
,"CLJ_1995_4_197","CLJ 1995 4 197.pdf"
,"CLJ_1995_4_207","CLJ 1995 4 207.pdf"
,"CLJ_1995_4_214","CLJ 1995 4 214.pdf"
,"CLJ_1995_4_218","CLJ 1995 4 218.pdf"
,"CLJ_1995_4_225","CLJ 1995 4 225.pdf"
,"CLJ_1995_4_229","CLJ 1995 4 229.pdf"
,"CLJ_1995_4_231","CLJ 1995 4 231.pdf"
,"CLJ_1995_4_24","CLJ 1995 4 24.pdf"
,"CLJ_1995_4_245","CLJ 1995 4 245.pdf"
,"CLJ_1995_4_252","CLJ 1995 4 252.pdf"
,"CLJ_1995_4_265","CLJ 1995 4 265.pdf"
,"CLJ_1995_4_275","CLJ 1995 4 275.pdf"
,"CLJ_1995_4_280","CLJ 1995 4 280.pdf"
,"CLJ_1995_4_283","CLJ 1995 4 283.pdf"
,"CLJ_1995_4_300","CLJ 1995 4 300.pdf"
,"CLJ_1995_4_31","CLJ 1995 4 31.pdf"
,"CLJ_1995_4_317","CLJ 1995 4 317.pdf"
,"CLJ_1995_4_339","CLJ 1995 4 339.pdf"
,"CLJ_1995_4_350","CLJ 1995 4 350.pdf"
,"CLJ_1995_4_358","CLJ 1995 4 358.pdf"
,"CLJ_1995_4_367","CLJ 1995 4 367.pdf"
,"CLJ_1995_4_369","CLJ 1995 4 369.pdf"
,"CLJ_1995_4_37","CLJ 1995 4 37.pdf"
,"CLJ_1995_4_373","CLJ 1995 4 373.pdf"
,"CLJ_1995_4_383","CLJ 1995 4 383.pdf"
,"CLJ_1995_4_389","CLJ 1995 4 389.pdf"
,"CLJ_1995_4_40","CLJ 1995 4 40.pdf"
,"CLJ_1995_4_409","CLJ 1995 4 409.pdf"
,"CLJ_1995_4_416","CLJ 1995 4 416.pdf"
,"CLJ_1995_4_422","CLJ 1995 4 422.pdf"
,"CLJ_1995_4_427","CLJ 1995 4 427.pdf"
,"CLJ_1995_4_449","CLJ 1995 4 449.pdf"
,"CLJ_1995_4_45","CLJ 1995 4 45.pdf"
,"CLJ_1995_4_456","CLJ 1995 4 456.pdf"
,"CLJ_1995_4_477","CLJ 1995 4 477.pdf"
,"CLJ_1995_4_484","CLJ 1995 4 484.pdf"
,"CLJ_1995_4_491","CLJ 1995 4 491.pdf"
,"CLJ_1995_4_504","CLJ 1995 4 504.pdf"
,"CLJ_1995_4_517","CLJ 1995 4 517.pdf"
,"CLJ_1995_4_521","CLJ 1995 4 521.pdf"
,"CLJ_1995_4_531","CLJ 1995 4 531.pdf"
,"CLJ_1995_4_540","CLJ 1995 4 540.pdf"
,"CLJ_1995_4_547","CLJ 1995 4 547.pdf"
,"CLJ_1995_4_551","CLJ 1995 4 551.pdf"
,"CLJ_1995_4_567","CLJ 1995 4 567.pdf"
,"CLJ_1995_4_584","CLJ 1995 4 584.pdf"
,"CLJ_1995_4_589","CLJ 1995 4 589.pdf"
,"CLJ_1995_4_597","CLJ 1995 4 597.pdf"
,"CLJ_1995_4_606","CLJ 1995 4 606.pdf"
,"CLJ_1995_4_619","CLJ 1995 4 619.pdf"
,"CLJ_1995_4_624","CLJ 1995 4 624.pdf"
,"CLJ_1995_4_627","CLJ 1995 4 627.pdf"
,"CLJ_1995_4_642","CLJ 1995 4 642.pdf"
,"CLJ_1995_4_645","CLJ 1995 4 645.pdf"
,"CLJ_1995_4_65","CLJ 1995 4 65.pdf"
,"CLJ_1995_4_652","CLJ 1995 4 652.pdf"
,"CLJ_1995_4_658","CLJ 1995 4 658.pdf"
,"CLJ_1995_4_670","CLJ 1995 4 670.pdf"
,"CLJ_1995_4_677","CLJ 1995 4 677.pdf"
,"CLJ_1995_4_69","CLJ 1995 4 69.pdf"
,"CLJ_1995_4_692","CLJ 1995 4 692.pdf"
,"CLJ_1995_4_697","CLJ 1995 4 697.pdf"
,"CLJ_1995_4_707","CLJ 1995 4 707.pdf"
,"CLJ_1995_4_717","CLJ 1995 4 717.pdf"
,"CLJ_1995_4_721","CLJ 1995 4 721.pdf"
,"CLJ_1995_4_727","CLJ 1995 4 727.pdf"
,"CLJ_1995_4_73","CLJ 1995 4 73.pdf"
,"CLJ_1995_4_733","CLJ 1995 4 733.pdf"
,"CLJ_1995_4_740","CLJ 1995 4 740.pdf"
,"CLJ_1995_4_745","CLJ 1995 4 745.pdf"
,"CLJ_1995_4_751","CLJ 1995 4 751.pdf"
,"CLJ_1995_4_757","CLJ 1995 4 757.pdf"
,"CLJ_1995_4_767","CLJ 1995 4 767.pdf"
,"CLJ_1995_4_779","CLJ 1995 4 779.pdf"
,"CLJ_1995_4_79","CLJ 1995 4 79.pdf"
,"CLJ_1995_4_795","CLJ 1995 4 795.pdf"
,"CLJ_1995_4_811","CLJ 1995 4 811.pdf"
,"CLJ_1995_4_84","CLJ 1995 4 84.pdf"
,"CLJ_1995_4_92","CLJ 1995 4 92.pdf"
clj_1996_1,"CLJ_1996_1_1","CLJ 1996 1 1.pdf","Current Law Journal, 1996, Volume 1",[1996],texts,opensource
,"CLJ_1996_1_100","CLJ 1996 1 100.pdf"
,"CLJ_1996_1_105","CLJ 1996 1 105.pdf"
,"CLJ_1996_1_120","CLJ 1996 1 120.pdf"
,"CLJ_1996_1_129","CLJ 1996 1 129.pdf"
,"CLJ_1996_1_14","CLJ 1996 1 14.pdf"
,"CLJ_1996_1_141","CLJ 1996 1 141.pdf"
,"CLJ_1996_1_149","CLJ 1996 1 149.pdf"
,"CLJ_1996_1_153","CLJ 1996 1 153.pdf"
,"CLJ_1996_1_159","CLJ 1996 1 159.pdf"
,"CLJ_1996_1_169","CLJ 1996 1 169.pdf"
,"CLJ_1996_1_173","CLJ 1996 1 173.pdf"
,"CLJ_1996_1_191","CLJ 1996 1 191.pdf"
,"CLJ_1996_1_198","CLJ 1996 1 198.pdf"
,"CLJ_1996_1_204","CLJ 1996 1 204.pdf"
,"CLJ_1996_1_213","CLJ 1996 1 213.pdf"
,"CLJ_1996_1_217","CLJ 1996 1 217.pdf"
,"CLJ_1996_1_224","CLJ 1996 1 224.pdf"
,"CLJ_1996_1_23","CLJ 1996 1 23.pdf"
,"CLJ_1996_1_231","CLJ 1996 1 231.pdf"
,"CLJ_1996_1_241","CLJ 1996 1 241.pdf"
,"CLJ_1996_1_257","CLJ 1996 1 257.pdf"
,"CLJ_1996_1_274","CLJ 1996 1 274.pdf"
,"CLJ_1996_1_283","CLJ 1996 1 283.pdf"
,"CLJ_1996_1_303","CLJ 1996 1 303.pdf"
,"CLJ_1996_1_309","CLJ 1996 1 309.pdf"
,"CLJ_1996_1_315","CLJ 1996 1 315.pdf"
,"CLJ_1996_1_320","CLJ 1996 1 320.pdf"
,"CLJ_1996_1_324","CLJ 1996 1 324.pdf"
,"CLJ_1996_1_329","CLJ 1996 1 329.pdf"
,"CLJ_1996_1_332","CLJ 1996 1 332.pdf"
,"CLJ_1996_1_344","CLJ 1996 1 344.pdf"
,"CLJ_1996_1_349","CLJ 1996 1 349.pdf"
,"CLJ_1996_1_353","CLJ 1996 1 353.pdf"
,"CLJ_1996_1_356","CLJ 1996 1 356.pdf"
,"CLJ_1996_1_366","CLJ 1996 1 366.pdf"
,"CLJ_1996_1_374","CLJ 1996 1 374.pdf"
,"CLJ_1996_1_379","CLJ 1996 1 379.pdf"
,"CLJ_1996_1_387","CLJ 1996 1 387.pdf"
,"CLJ_1996_1_393","CLJ 1996 1 393.pdf"
,"CLJ_1996_1_429","CLJ 1996 1 429.pdf"
,"CLJ_1996_1_43","CLJ 1996 1 43.pdf"
,"CLJ_1996_1_433","CLJ 1996 1 433.pdf"
,"CLJ_1996_1_437","CLJ 1996 1 437.pdf"
,"CLJ_1996_1_444","CLJ 1996 1 444.pdf"
,"CLJ_1996_1_450","CLJ 1996 1 450.pdf"
,"CLJ_1996_1_462","CLJ 1996 1 462.pdf"
,"CLJ_1996_1_471","CLJ 1996 1 471.pdf"
,"CLJ_1996_1_482","CLJ 1996 1 482.pdf"
,"CLJ_1996_1_49","CLJ 1996 1 49.pdf"
,"CLJ_1996_1_495","CLJ 1996 1 495.pdf"
,"CLJ_1996_1_501","CLJ 1996 1 501.pdf"
,"CLJ_1996_1_514","CLJ 1996 1 514.pdf"
,"CLJ_1996_1_529","CLJ 1996 1 529.pdf"
,"CLJ_1996_1_545","CLJ 1996 1 545.pdf"
,"CLJ_1996_1_551","CLJ 1996 1 551.pdf"
,"CLJ_1996_1_571","CLJ 1996 1 571.pdf"
,"CLJ_1996_1_576","CLJ 1996 1 576.pdf"
,"CLJ_1996_1_589","CLJ 1996 1 589.pdf"
,"CLJ_1996_1_601","CLJ 1996 1 601.pdf"
,"CLJ_1996_1_604","CLJ 1996 1 604.pdf"
,"CLJ_1996_1_615","CLJ 1996 1 615.pdf"
,"CLJ_1996_1_622","CLJ 1996 1 622.pdf"
,"CLJ_1996_1_628","CLJ 1996 1 628.pdf"
,"CLJ_1996_1_649","CLJ 1996 1 649.pdf"
,"CLJ_1996_1_663","CLJ 1996 1 663.pdf"
,"CLJ_1996_1_67","CLJ 1996 1 67.pdf"
,"CLJ_1996_1_705","CLJ 1996 1 705.pdf"
,"CLJ_1996_1_71","CLJ 1996 1 71.pdf"
,"CLJ_1996_1_725","CLJ 1996 1 725.pdf"
,"CLJ_1996_1_730","CLJ 1996 1 730.pdf"
,"CLJ_1996_1_738","CLJ 1996 1 738.pdf"
,"CLJ_1996_1_755","CLJ 1996 1 755.pdf"
,"CLJ_1996_1_775","CLJ 1996 1 775.pdf"
,"CLJ_1996_1_783","CLJ 1996 1 783.pdf"
,"CLJ_1996_1_801","CLJ 1996 1 801.pdf"
,"CLJ_1996_1_807","CLJ 1996 1 807.pdf"
,"CLJ_1996_1_816","CLJ 1996 1 816.pdf"
,"CLJ_1996_1_82","CLJ 1996 1 82.pdf"
,"CLJ_1996_1_828","CLJ 1996 1 828.pdf"
,"CLJ_1996_1_836","CLJ 1996 1 836.pdf"
,"CLJ_1996_1_9","CLJ 1996 1 9.pdf"
,"CLJ_1996_1_94","CLJ 1996 1 94.pdf"
clj_1996_2,"CLJ_1996_2_1","CLJ 1996 2 1.pdf","Current Law Journal, 1996, Volume 2",[1996],texts,opensource
,"CLJ_1996_2_1038","CLJ 1996 2 1038.pdf"
,"CLJ_1996_2_1052","CLJ 1996 2 1052.pdf"
,"CLJ_1996_2_1060","CLJ 1996 2 1060.pdf"
,"CLJ_1996_2_1068","CLJ 1996 2 1068.pdf"
,"CLJ_1996_2_109","CLJ 1996 2 109.pdf"
,"CLJ_1996_2_1102","CLJ 1996 2 1102.pdf"
,"CLJ_1996_2_1105","CLJ 1996 2 1105.pdf"
,"CLJ_1996_2_118","CLJ 1996 2 118.pdf"
,"CLJ_1996_2_13","CLJ 1996 2 13.pdf"
,"CLJ_1996_2_130","CLJ 1996 2 130.pdf"
,"CLJ_1996_2_134","CLJ 1996 2 134.pdf"
,"CLJ_1996_2_147","CLJ 1996 2 147.pdf"
,"CLJ_1996_2_159","CLJ 1996 2 159.pdf"
,"CLJ_1996_2_185","CLJ 1996 2 185.pdf"
,"CLJ_1996_2_218","CLJ 1996 2 218.pdf"
,"CLJ_1996_2_227","CLJ 1996 2 227.pdf"
,"CLJ_1996_2_23","CLJ 1996 2 23.pdf"
,"CLJ_1996_2_249","CLJ 1996 2 249.pdf"
,"CLJ_1996_2_265","CLJ 1996 2 265.pdf"
,"CLJ_1996_2_270","CLJ 1996 2 270.pdf"
,"CLJ_1996_2_279","CLJ 1996 2 279.pdf"
,"CLJ_1996_2_283","CLJ 1996 2 283.pdf"
,"CLJ_1996_2_286","CLJ 1996 2 286.pdf"
,"CLJ_1996_2_293","CLJ 1996 2 293.pdf"
,"CLJ_1996_2_299","CLJ 1996 2 299.pdf"
,"CLJ_1996_2_309","CLJ 1996 2 309.pdf"
,"CLJ_1996_2_31","CLJ 1996 2 31.pdf"
,"CLJ_1996_2_314","CLJ 1996 2 314.pdf"
,"CLJ_1996_2_325","CLJ 1996 2 325.pdf"
,"CLJ_1996_2_328","CLJ 1996 2 328.pdf"
,"CLJ_1996_2_337","CLJ 1996 2 337.pdf"
,"CLJ_1996_2_346","CLJ 1996 2 346.pdf"
,"CLJ_1996_2_35","CLJ 1996 2 35.pdf"
,"CLJ_1996_2_353","CLJ 1996 2 353.pdf"
,"CLJ_1996_2_359","CLJ 1996 2 359.pdf"
,"CLJ_1996_2_380","CLJ 1996 2 380.pdf"
,"CLJ_1996_2_397","CLJ 1996 2 397.pdf"
,"CLJ_1996_2_413","CLJ 1996 2 413.pdf"
,"CLJ_1996_2_42","CLJ 1996 2 42.pdf"
,"CLJ_1996_2_430","CLJ 1996 2 430.pdf"
,"CLJ_1996_2_449","CLJ 1996 2 449.pdf"
,"CLJ_1996_2_455","CLJ 1996 2 455.pdf"
,"CLJ_1996_2_471","CLJ 1996 2 471.pdf"
,"CLJ_1996_2_479","CLJ 1996 2 479.pdf"
,"CLJ_1996_2_49","CLJ 1996 2 49.pdf"
,"CLJ_1996_2_491","CLJ 1996 2 491.pdf"
,"CLJ_1996_2_496","CLJ 1996 2 496.pdf"
,"CLJ_1996_2_505","CLJ 1996 2 505.pdf"
,"CLJ_1996_2_516","CLJ 1996 2 516.pdf"
,"CLJ_1996_2_523","CLJ 1996 2 523.pdf"
,"CLJ_1996_2_527","CLJ 1996 2 527.pdf"
,"CLJ_1996_2_534","CLJ 1996 2 534.pdf"
,"CLJ_1996_2_540","CLJ 1996 2 540.pdf"
,"CLJ_1996_2_547","CLJ 1996 2 547.pdf"
,"CLJ_1996_2_55","CLJ 1996 2 55.pdf"
,"CLJ_1996_2_561","CLJ 1996 2 561.pdf"
,"CLJ_1996_2_586","CLJ 1996 2 586.pdf"
,"CLJ_1996_2_601","CLJ 1996 2 601.pdf"
,"CLJ_1996_2_605","CLJ 1996 2 605.pdf"
,"CLJ_1996_2_611","CLJ 1996 2 611.pdf"
,"CLJ_1996_2_618","CLJ 1996 2 618.pdf"
,"CLJ_1996_2_628","CLJ 1996 2 628.pdf"
,"CLJ_1996_2_631","CLJ 1996 2 631.pdf"
,"CLJ_1996_2_645","CLJ 1996 2 645.pdf"
,"CLJ_1996_2_651","CLJ 1996 2 651.pdf"
,"CLJ_1996_2_656","CLJ 1996 2 656.pdf"
,"CLJ_1996_2_667","CLJ 1996 2 667.pdf"
,"CLJ_1996_2_676","CLJ 1996 2 676.pdf"
,"CLJ_1996_2_689","CLJ 1996 2 689.pdf"
,"CLJ_1996_2_697","CLJ 1996 2 697.pdf"
,"CLJ_1996_2_709","CLJ 1996 2 709.pdf"
,"CLJ_1996_2_714","CLJ 1996 2 714.pdf"
,"CLJ_1996_2_722","CLJ 1996 2 722.pdf"
,"CLJ_1996_2_753","CLJ 1996 2 753.pdf"
,"CLJ_1996_2_76","CLJ 1996 2 76.pdf"
,"CLJ_1996_2_765","CLJ 1996 2 765.pdf"
,"CLJ_1996_2_771","CLJ 1996 2 771.pdf"
,"CLJ_1996_2_79","CLJ 1996 2 79.pdf"
,"CLJ_1996_2_823","CLJ 1996 2 823.pdf"
,"CLJ_1996_2_833","CLJ 1996 2 833.pdf"
,"CLJ_1996_2_843","CLJ 1996 2 843.pdf"
,"CLJ_1996_2_885","CLJ 1996 2 885.pdf"
,"CLJ_1996_2_895","CLJ 1996 2 895.pdf"
,"CLJ_1996_2_90","CLJ 1996 2 90.pdf"
,"CLJ_1996_2_901","CLJ 1996 2 901.pdf"
,"CLJ_1996_2_923","CLJ 1996 2 923.pdf"
,"CLJ_1996_2_943","CLJ 1996 2 943.pdf"
,"CLJ_1996_2_955","CLJ 1996 2 955.pdf"
,"CLJ_1996_2_96","CLJ 1996 2 96.pdf"
,"CLJ_1996_2_960","CLJ 1996 2 960.pdf"
,"CLJ_1996_2_965","CLJ 1996 2 965.pdf"
,"CLJ_1996_2_983","CLJ 1996 2 983.pdf"
,"CLJ_1996_2_995","CLJ 1996 2 995.pdf"
clj_1996_3,"CLJ_1996_3_1","CLJ 1996 3 1.pdf","Current Law Journal, 1996, Volume 3",[1996],texts,opensource
,"CLJ_1996_3_119","CLJ 1996 3 119.pdf"
,"CLJ_1996_3_122","CLJ 1996 3 122.pdf"
,"CLJ_1996_3_13","CLJ 1996 3 13.pdf"
,"CLJ_1996_3_133","CLJ 1996 3 133.pdf"
,"CLJ_1996_3_142","CLJ 1996 3 142.pdf"
,"CLJ_1996_3_163","CLJ 1996 3 163.pdf"
,"CLJ_1996_3_187","CLJ 1996 3 187.pdf"
,"CLJ_1996_3_19","CLJ 1996 3 19.pdf"
,"CLJ_1996_3_222","CLJ 1996 3 222.pdf"
,"CLJ_1996_3_231","CLJ 1996 3 231.pdf"
,"CLJ_1996_3_26","CLJ 1996 3 26.pdf"
,"CLJ_1996_3_263","CLJ 1996 3 263.pdf"
,"CLJ_1996_3_272","CLJ 1996 3 272.pdf"
,"CLJ_1996_3_286","CLJ 1996 3 286.pdf"
,"CLJ_1996_3_298","CLJ 1996 3 298.pdf"
,"CLJ_1996_3_313","CLJ 1996 3 313.pdf"
,"CLJ_1996_3_321","CLJ 1996 3 321.pdf"
,"CLJ_1996_3_335","CLJ 1996 3 335.pdf"
,"CLJ_1996_3_393","CLJ 1996 3 393.pdf"
,"CLJ_1996_3_415","CLJ 1996 3 415.pdf"
,"CLJ_1996_3_426","CLJ 1996 3 426.pdf"
,"CLJ_1996_3_433","CLJ 1996 3 433.pdf"
,"CLJ_1996_3_44","CLJ 1996 3 44.pdf"
,"CLJ_1996_3_444","CLJ 1996 3 444.pdf"
,"CLJ_1996_3_448","CLJ 1996 3 448.pdf"
,"CLJ_1996_3_454","CLJ 1996 3 454.pdf"
,"CLJ_1996_3_458","CLJ 1996 3 458.pdf"
,"CLJ_1996_3_463","CLJ 1996 3 463.pdf"
,"CLJ_1996_3_470","CLJ 1996 3 470.pdf"
,"CLJ_1996_3_477","CLJ 1996 3 477.pdf"
,"CLJ_1996_3_483","CLJ 1996 3 483.pdf"
,"CLJ_1996_3_494","CLJ 1996 3 494.pdf"
,"CLJ_1996_3_502","CLJ 1996 3 502.pdf"
,"CLJ_1996_3_508","CLJ 1996 3 508.pdf"
,"CLJ_1996_3_51","CLJ 1996 3 51.pdf"
,"CLJ_1996_3_533","CLJ 1996 3 533.pdf"
,"CLJ_1996_3_541","CLJ 1996 3 541.pdf"
,"CLJ_1996_3_566","CLJ 1996 3 566.pdf"
,"CLJ_1996_3_573","CLJ 1996 3 573.pdf"
,"CLJ_1996_3_590","CLJ 1996 3 590.pdf"
,"CLJ_1996_3_600","CLJ 1996 3 600.pdf"
,"CLJ_1996_3_614","CLJ 1996 3 614.pdf"
,"CLJ_1996_3_629","CLJ 1996 3 629.pdf"
,"CLJ_1996_3_63","CLJ 1996 3 63.pdf"
,"CLJ_1996_3_635","CLJ 1996 3 635.pdf"
,"CLJ_1996_3_657","CLJ 1996 3 657.pdf"
,"CLJ_1996_3_665","CLJ 1996 3 665.pdf"
,"CLJ_1996_3_685","CLJ 1996 3 685.pdf"
,"CLJ_1996_3_695","CLJ 1996 3 695.pdf"
,"CLJ_1996_3_71","CLJ 1996 3 71.pdf"
,"CLJ_1996_3_713","CLJ 1996 3 713.pdf"
,"CLJ_1996_3_737","CLJ 1996 3 737.pdf"
,"CLJ_1996_3_747","CLJ 1996 3 747.pdf"
,"CLJ_1996_3_763","CLJ 1996 3 763.pdf"
,"CLJ_1996_3_771","CLJ 1996 3 771.pdf"
,"CLJ_1996_3_803","CLJ 1996 3 803.pdf"
,"CLJ_1996_3_823","CLJ 1996 3 823.pdf"
,"CLJ_1996_3_837","CLJ 1996 3 837.pdf"
,"CLJ_1996_3_858","CLJ 1996 3 858.pdf"
,"CLJ_1996_3_86","CLJ 1996 3 86.pdf"
,"CLJ_1996_3_877","CLJ 1996 3 877.pdf"
,"CLJ_1996_3_9","CLJ 1996 3 9.pdf"
,"CLJ_1996_3_904","CLJ 1996 3 904.pdf"
,"CLJ_1996_3_921","CLJ 1996 3 921.pdf"
,"CLJ_1996_3_932","CLJ 1996 3 932.pdf"
,"CLJ_1996_3_954","CLJ 1996 3 954.pdf"
,"CLJ_1996_3_96","CLJ 1996 3 96.pdf"
clj_1996_4,"CLJ_1996_4_1","CLJ 1996 4 1.pdf","Current Law Journal, 1996, Volume 4",[1996],texts,opensource
,"CLJ_1996_4_104","CLJ 1996 4 104.pdf"
,"CLJ_1996_4_114","CLJ 1996 4 114.pdf"
,"CLJ_1996_4_123","CLJ 1996 4 123.pdf"
,"CLJ_1996_4_141","CLJ 1996 4 141.pdf"
,"CLJ_1996_4_155","CLJ 1996 4 155.pdf"
,"CLJ_1996_4_16","CLJ 1996 4 16.pdf"
,"CLJ_1996_4_168","CLJ 1996 4 168.pdf"
,"CLJ_1996_4_171","CLJ 1996 4 171.pdf"
,"CLJ_1996_4_179","CLJ 1996 4 179.pdf"
,"CLJ_1996_4_184","CLJ 1996 4 184.pdf"
,"CLJ_1996_4_194","CLJ 1996 4 194.pdf"
,"CLJ_1996_4_212","CLJ 1996 4 212.pdf"
,"CLJ_1996_4_219","CLJ 1996 4 219.pdf"
,"CLJ_1996_4_233","CLJ 1996 4 233.pdf"
,"CLJ_1996_4_25","CLJ 1996 4 25.pdf"
,"CLJ_1996_4_256","CLJ 1996 4 256.pdf"
,"CLJ_1996_4_274","CLJ 1996 4 274.pdf"
,"CLJ_1996_4_291","CLJ 1996 4 291.pdf"
,"CLJ_1996_4_301","CLJ 1996 4 301.pdf"
,"CLJ_1996_4_313","CLJ 1996 4 313.pdf"
,"CLJ_1996_4_33","CLJ 1996 4 33.pdf"
,"CLJ_1996_4_344","CLJ 1996 4 344.pdf"
,"CLJ_1996_4_355","CLJ 1996 4 355.pdf"
,"CLJ_1996_4_373","CLJ 1996 4 373.pdf"
,"CLJ_1996_4_395","CLJ 1996 4 395.pdf"
,"CLJ_1996_4_399","CLJ 1996 4 399.pdf"
,"CLJ_1996_4_418","CLJ 1996 4 418.pdf"
,"CLJ_1996_4_42","CLJ 1996 4 42.pdf"
,"CLJ_1996_4_430","CLJ 1996 4 430.pdf"
,"CLJ_1996_4_441","CLJ 1996 4 441.pdf"
,"CLJ_1996_4_451","CLJ 1996 4 451.pdf"
,"CLJ_1996_4_455","CLJ 1996 4 455.pdf"
,"CLJ_1996_4_461","CLJ 1996 4 461.pdf"
,"CLJ_1996_4_476","CLJ 1996 4 476.pdf"
,"CLJ_1996_4_502","CLJ 1996 4 502.pdf"
,"CLJ_1996_4_510","CLJ 1996 4 510.pdf"
,"CLJ_1996_4_519","CLJ 1996 4 519.pdf"
,"CLJ_1996_4_52","CLJ 1996 4 52.pdf"
,"CLJ_1996_4_531","CLJ 1996 4 531.pdf"
,"CLJ_1996_4_538","CLJ 1996 4 538.pdf"
,"CLJ_1996_4_545","CLJ 1996 4 545.pdf"
,"CLJ_1996_4_553","CLJ 1996 4 553.pdf"
,"CLJ_1996_4_571","CLJ 1996 4 571.pdf"
,"CLJ_1996_4_580","CLJ 1996 4 580.pdf"
,"CLJ_1996_4_597","CLJ 1996 4 597.pdf"
,"CLJ_1996_4_687","CLJ 1996 4 687.pdf"
,"CLJ_1996_4_716","CLJ 1996 4 716.pdf"
,"CLJ_1996_4_747","CLJ 1996 4 747.pdf"
,"CLJ_1996_4_779","CLJ 1996 4 779.pdf"
,"CLJ_1996_4_784","CLJ 1996 4 784.pdf"
,"CLJ_1996_4_813","CLJ 1996 4 813.pdf"
,"CLJ_1996_4_82","CLJ 1996 4 82.pdf"
,"CLJ_1996_4_828","CLJ 1996 4 828.pdf"
,"CLJ_1996_4_852","CLJ 1996 4 852.pdf"
,"CLJ_1996_4_94","CLJ 1996 4 94.pdf"

clj_1997_1,"CLJ_1997_1_1","CLJ 1997 1 1.pdf","Current Law Journal, 1997, Volume 1",[1997],texts,opensource
,"CLJ_1997_1_102","CLJ 1997 1 102.pdf"
,"CLJ_1997_1_109","CLJ 1997 1 109.pdf"
,"CLJ_1997_1_123","CLJ 1997 1 123.pdf"
,"CLJ_1997_1_137","CLJ 1997 1 137.pdf"
,"CLJ_1997_1_147","CLJ 1997 1 147.pdf"
,"CLJ_1997_1_23","CLJ 1997 1 23.pdf"
,"CLJ_1997_1_233","CLJ 1997 1 233.pdf"
,"CLJ_1997_1_257","CLJ 1997 1 257.pdf"
,"CLJ_1997_1_287","CLJ 1997 1 287.pdf"
,"CLJ_1997_1_300","CLJ 1997 1 300.pdf"
,"CLJ_1997_1_307","CLJ 1997 1 307.pdf"
,"CLJ_1997_1_321","CLJ 1997 1 321.pdf"
,"CLJ_1997_1_348","CLJ 1997 1 348.pdf"
,"CLJ_1997_1_361","CLJ 1997 1 361.pdf"
,"CLJ_1997_1_375","CLJ 1997 1 375.pdf"
,"CLJ_1997_1_396","CLJ 1997 1 396.pdf"
,"CLJ_1997_1_406","CLJ 1997 1 406.pdf"
,"CLJ_1997_1_417","CLJ 1997 1 417.pdf"
,"CLJ_1997_1_423","CLJ 1997 1 423.pdf"
,"CLJ_1997_1_434","CLJ 1997 1 434.pdf"
,"CLJ_1997_1_447","CLJ 1997 1 447.pdf"
,"CLJ_1997_1_463","CLJ 1997 1 463.pdf"
,"CLJ_1997_1_471","CLJ 1997 1 471.pdf"
,"CLJ_1997_1_480","CLJ 1997 1 480.pdf"
,"CLJ_1997_1_488","CLJ 1997 1 488.pdf"
,"CLJ_1997_1_497","CLJ 1997 1 497.pdf"
,"CLJ_1997_1_520","CLJ 1997 1 520.pdf"
,"CLJ_1997_1_529","CLJ 1997 1 529.pdf"
,"CLJ_1997_1_541","CLJ 1997 1 541.pdf"
,"CLJ_1997_1_556","CLJ 1997 1 556.pdf"
,"CLJ_1997_1_568","CLJ 1997 1 568.pdf"
,"CLJ_1997_1_577","CLJ 1997 1 577.pdf"
,"CLJ_1997_1_583","CLJ 1997 1 583.pdf"
,"CLJ_1997_1_590","CLJ 1997 1 590.pdf"
,"CLJ_1997_1_596","CLJ 1997 1 596.pdf"
,"CLJ_1997_1_603","CLJ 1997 1 603.pdf"
,"CLJ_1997_1_625","CLJ 1997 1 625.pdf"
,"CLJ_1997_1_636","CLJ 1997 1 636.pdf"
,"CLJ_1997_1_646","CLJ 1997 1 646.pdf"
,"CLJ_1997_1_665","CLJ 1997 1 665.pdf"
,"CLJ_1997_1_7","CLJ 1997 1 7.pdf"
,"CLJ_1997_1_70","CLJ 1997 1 70.pdf"
,"CLJ_1997_1_759","CLJ 1997 1 759.pdf"
,"CLJ_1997_1_762","CLJ 1997 1 762.pdf"
,"CLJ_1997_1_77","CLJ 1997 1 77.pdf"
,"CLJ_1997_1_775","CLJ 1997 1 775.pdf"
,"CLJ_1997_1_90","CLJ 1997 1 90.pdf"
,"CLJ_1997_1_98","CLJ 1997 1 98.pdf"
clj_1997_2,"CLJ_1997_2_1","CLJ 1997 2 1.pdf","Current Law Journal, 1997, Volume 2",[1997],texts,opensource
,"CLJ_1997_2_104","CLJ 1997 2 104.pdf"
,"CLJ_1997_2_11","CLJ 1997 2 11.pdf"
,"CLJ_1997_2_116","CLJ 1997 2 116.pdf"
,"CLJ_1997_2_131","CLJ 1997 2 131.pdf"
,"CLJ_1997_2_148","CLJ 1997 2 148.pdf"
,"CLJ_1997_2_153","CLJ 1997 2 153.pdf"
,"CLJ_1997_2_188","CLJ 1997 2 188.pdf"
,"CLJ_1997_2_205","CLJ 1997 2 205.pdf"
,"CLJ_1997_2_225","CLJ 1997 2 225.pdf"
,"CLJ_1997_2_248","CLJ 1997 2 248.pdf"
,"CLJ_1997_2_276","CLJ 1997 2 276.pdf"
,"CLJ_1997_2_289","CLJ 1997 2 289.pdf"
,"CLJ_1997_2_299","CLJ 1997 2 299.pdf"
,"CLJ_1997_2_315","CLJ 1997 2 315.pdf"
,"CLJ_1997_2_325","CLJ 1997 2 325.pdf"
,"CLJ_1997_2_337","CLJ 1997 2 337.pdf"
,"CLJ_1997_2_351","CLJ 1997 2 351.pdf"
,"CLJ_1997_2_36","CLJ 1997 2 36.pdf"
,"CLJ_1997_2_383","CLJ 1997 2 383.pdf"
,"CLJ_1997_2_392","CLJ 1997 2 392.pdf"
,"CLJ_1997_2_400","CLJ 1997 2 400.pdf"
,"CLJ_1997_2_406","CLJ 1997 2 406.pdf"
,"CLJ_1997_2_408i","CLJ 1997 2 408i.pdf"
,"CLJ_1997_2_409","CLJ 1997 2 409.pdf"
,"CLJ_1997_2_425","CLJ 1997 2 425.pdf"
,"CLJ_1997_2_441","CLJ 1997 2 441.pdf"
,"CLJ_1997_2_448","CLJ 1997 2 448.pdf"
,"CLJ_1997_2_467","CLJ 1997 2 467.pdf"
,"CLJ_1997_2_475","CLJ 1997 2 475.pdf"
,"CLJ_1997_2_495","CLJ 1997 2 495.pdf"
,"CLJ_1997_2_516","CLJ 1997 2 516.pdf"
,"CLJ_1997_2_534","CLJ 1997 2 534.pdf"
,"CLJ_1997_2_548","CLJ 1997 2 548.pdf"
,"CLJ_1997_2_564","CLJ 1997 2 564.pdf"
,"CLJ_1997_2_571","CLJ 1997 2 571.pdf"
,"CLJ_1997_2_577","CLJ 1997 2 577.pdf"
,"CLJ_1997_2_58","CLJ 1997 2 58.pdf"
,"CLJ_1997_2_594","CLJ 1997 2 594.pdf"
,"CLJ_1997_2_601","CLJ 1997 2 601.pdf"
,"CLJ_1997_2_607","CLJ 1997 2 607.pdf"
,"CLJ_1997_2_675","CLJ 1997 2 675.pdf"
,"CLJ_1997_2_68","CLJ 1997 2 68.pdf"
,"CLJ_1997_2_687","CLJ 1997 2 687.pdf"
,"CLJ_1997_2_699","CLJ 1997 2 699.pdf"
,"CLJ_1997_2_710","CLJ 1997 2 710.pdf"
,"CLJ_1997_2_723","CLJ 1997 2 723.pdf"
,"CLJ_1997_2_752","CLJ 1997 2 752.pdf"
,"CLJ_1997_2_775","CLJ 1997 2 775.pdf"
,"CLJ_1997_2_79","CLJ 1997 2 79.pdf"
,"CLJ_1997_2_812","CLJ 1997 2 812.pdf"
,"CLJ_1997_2_831","CLJ 1997 2 831.pdf"
,"CLJ_1997_2_838","CLJ 1997 2 838.pdf"
,"CLJ_1997_2_858","CLJ 1997 2 858.pdf"
,"CLJ_1997_2_863","CLJ 1997 2 863.pdf"
,"CLJ_1997_2_895","CLJ 1997 2 895.pdf"
,"CLJ_1997_2_906","CLJ 1997 2 906.pdf"
,"CLJ_1997_2_913","CLJ 1997 2 913.pdf"
,"CLJ_1997_2_94","CLJ 1997 2 94.pdf"
clj_1997_3,"CLJ_1997_3_1","CLJ 1997 3 1.pdf","Current Law Journal, 1997, Volume 3",[1997],texts,opensource
,"CLJ_1997_3_102","CLJ 1997 3 102.pdf"
,"CLJ_1997_3_118","CLJ 1997 3 118.pdf"
,"CLJ_1997_3_135","CLJ 1997 3 135.pdf"
,"CLJ_1997_3_150","CLJ 1997 3 150.pdf"
,"CLJ_1997_3_17","CLJ 1997 3 17.pdf"
,"CLJ_1997_3_181","CLJ 1997 3 181.pdf"
,"CLJ_1997_3_189","CLJ 1997 3 189.pdf"
,"CLJ_1997_3_197","CLJ 1997 3 197.pdf"
,"CLJ_1997_3_216","CLJ 1997 3 216.pdf"
,"CLJ_1997_3_225","CLJ 1997 3 225.pdf"
,"CLJ_1997_3_235","CLJ 1997 3 235.pdf"
,"CLJ_1997_3_243","CLJ 1997 3 243.pdf"
,"CLJ_1997_3_255","CLJ 1997 3 255.pdf"
,"CLJ_1997_3_267","CLJ 1997 3 267.pdf"
,"CLJ_1997_3_274","CLJ 1997 3 274.pdf"
,"CLJ_1997_3_305","CLJ 1997 3 305.pdf"
,"CLJ_1997_3_332","CLJ 1997 3 332.pdf"
,"CLJ_1997_3_365","CLJ 1997 3 365.pdf"
,"CLJ_1997_3_381","CLJ 1997 3 381.pdf"
,"CLJ_1997_3_389","CLJ 1997 3 389.pdf"
,"CLJ_1997_3_396","CLJ 1997 3 396.pdf"
,"CLJ_1997_3_413","CLJ 1997 3 413.pdf"
,"CLJ_1997_3_421","CLJ 1997 3 421.pdf"
,"CLJ_1997_3_455","CLJ 1997 3 455.pdf"
,"CLJ_1997_3_460","CLJ 1997 3 460.pdf"
,"CLJ_1997_3_485","CLJ 1997 3 485.pdf"
,"CLJ_1997_3_493","CLJ 1997 3 493.pdf"
,"CLJ_1997_3_500","CLJ 1997 3 500.pdf"
,"CLJ_1997_3_504","CLJ 1997 3 504.pdf"
,"CLJ_1997_3_51","CLJ 1997 3 51.pdf"
,"CLJ_1997_3_519","CLJ 1997 3 519.pdf"
,"CLJ_1997_3_529","CLJ 1997 3 529.pdf"
,"CLJ_1997_3_538","CLJ 1997 3 538.pdf"
,"CLJ_1997_3_552","CLJ 1997 3 552.pdf"
,"CLJ_1997_3_561","CLJ 1997 3 561.pdf"
,"CLJ_1997_3_578","CLJ 1997 3 578.pdf"
,"CLJ_1997_3_582","CLJ 1997 3 582.pdf"
,"CLJ_1997_3_598","CLJ 1997 3 598.pdf"
,"CLJ_1997_3_614","CLJ 1997 3 614.pdf"
,"CLJ_1997_3_629","CLJ 1997 3 629.pdf"
,"CLJ_1997_3_640","CLJ 1997 3 640.pdf"
,"CLJ_1997_3_68","CLJ 1997 3 68.pdf"
,"CLJ_1997_3_687","CLJ 1997 3 687.pdf"
,"CLJ_1997_3_694","CLJ 1997 3 694.pdf"
,"CLJ_1997_3_707","CLJ 1997 3 707.pdf"
,"CLJ_1997_3_711","CLJ 1997 3 711.pdf"
,"CLJ_1997_3_731","CLJ 1997 3 731.pdf"
,"CLJ_1997_3_739","CLJ 1997 3 739.pdf"
,"CLJ_1997_3_746","CLJ 1997 3 746.pdf"
,"CLJ_1997_3_754","CLJ 1997 3 754.pdf"
,"CLJ_1997_3_777","CLJ 1997 3 777.pdf"
,"CLJ_1997_3_79","CLJ 1997 3 79.pdf"
,"CLJ_1997_3_799","CLJ 1997 3 799.pdf"
,"CLJ_1997_3_807","CLJ 1997 3 807.pdf"
,"CLJ_1997_3_822","CLJ 1997 3 822.pdf"
,"CLJ_1997_3_827","CLJ 1997 3 827.pdf"
,"CLJ_1997_3_832","CLJ 1997 3 832.pdf"
,"CLJ_1997_3_854","CLJ 1997 3 854.pdf"
,"CLJ_1997_3_87","CLJ 1997 3 87.pdf"
,"CLJ_1997_3_885","CLJ 1997 3 885.pdf"
,"CLJ_1997_3_894","CLJ 1997 3 894.pdf"
,"CLJ_1997_3_903","CLJ 1997 3 903.pdf"
,"CLJ_1997_3_914","CLJ 1997 3 914.pdf"
,"CLJ_1997_3_927","CLJ 1997 3 927.pdf"
,"CLJ_1997_3_946","CLJ 1997 3 946.pdf"
clj_1997_4,"CLJ_1997_4_1","CLJ 1997 4 1.pdf","Current Law Journal, 1997, Volume 4",[1997],texts,opensource
,"CLJ_1997_4_106","CLJ 1997 4 106.pdf"
,"CLJ_1997_4_115","CLJ 1997 4 115.pdf"
,"CLJ_1997_4_127","CLJ 1997 4 127.pdf"
,"CLJ_1997_4_136","CLJ 1997 4 136.pdf"
,"CLJ_1997_4_153","CLJ 1997 4 153.pdf"
,"CLJ_1997_4_158","CLJ 1997 4 158.pdf"
,"CLJ_1997_4_170","CLJ 1997 4 170.pdf"
,"CLJ_1997_4_175","CLJ 1997 4 175.pdf"
,"CLJ_1997_4_185","CLJ 1997 4 185.pdf"
,"CLJ_1997_4_194","CLJ 1997 4 194.pdf"
,"CLJ_1997_4_209","CLJ 1997 4 209.pdf"
,"CLJ_1997_4_233","CLJ 1997 4 233.pdf"
,"CLJ_1997_4_25","CLJ 1997 4 25.pdf"
,"CLJ_1997_4_253","CLJ 1997 4 253.pdf"
,"CLJ_1997_4_300","CLJ 1997 4 300.pdf"
,"CLJ_1997_4_34","CLJ 1997 4 34.pdf"
,"CLJ_1997_4_363","CLJ 1997 4 363.pdf"
,"CLJ_1997_4_374","CLJ 1997 4 374.pdf"
,"CLJ_1997_4_385","CLJ 1997 4 385.pdf"
,"CLJ_1997_4_393","CLJ 1997 4 393.pdf"
,"CLJ_1997_4_405","CLJ 1997 4 405.pdf"
,"CLJ_1997_4_414","CLJ 1997 4 414.pdf"
,"CLJ_1997_4_43","CLJ 1997 4 43.pdf"
,"CLJ_1997_4_437","CLJ 1997 4 437.pdf"
,"CLJ_1997_4_448","CLJ 1997 4 448.pdf"
,"CLJ_1997_4_457","CLJ 1997 4 457.pdf"
,"CLJ_1997_4_462","CLJ 1997 4 462.pdf"
,"CLJ_1997_4_470","CLJ 1997 4 470.pdf"
,"CLJ_1997_4_49","CLJ 1997 4 49.pdf"
,"CLJ_1997_4_500","CLJ 1997 4 500.pdf"
,"CLJ_1997_4_509","CLJ 1997 4 509.pdf"
,"CLJ_1997_4_535","CLJ 1997 4 535.pdf"
,"CLJ_1997_4_54","CLJ 1997 4 54.pdf"
,"CLJ_1997_4_544","CLJ 1997 4 544.pdf"
,"CLJ_1997_4_555","CLJ 1997 4 555.pdf"
,"CLJ_1997_4_560","CLJ 1997 4 560.pdf"
,"CLJ_1997_4_568","CLJ 1997 4 568.pdf"
,"CLJ_1997_4_587","CLJ 1997 4 587.pdf"
,"CLJ_1997_4_6","CLJ 1997 4 6.pdf"
,"CLJ_1997_4_625","CLJ 1997 4 625.pdf"
,"CLJ_1997_4_634","CLJ 1997 4 634.pdf"
,"CLJ_1997_4_645","CLJ 1997 4 645.pdf"
,"CLJ_1997_4_669","CLJ 1997 4 669.pdf"
,"CLJ_1997_4_676","CLJ 1997 4 676.pdf"
,"CLJ_1997_4_70","CLJ 1997 4 70.pdf"
,"CLJ_1997_4_702","CLJ 1997 4 702.pdf"
,"CLJ_1997_4_710","CLJ 1997 4 710.pdf"
,"CLJ_1997_4_717","CLJ 1997 4 717.pdf"
,"CLJ_1997_4_725","CLJ 1997 4 725.pdf"
,"CLJ_1997_4_740","CLJ 1997 4 740.pdf"
,"CLJ_1997_4_752","CLJ 1997 4 752.pdf"
,"CLJ_1997_4_759","CLJ 1997 4 759.pdf"
,"CLJ_1997_4_772","CLJ 1997 4 772.pdf"
,"CLJ_1997_4_91","CLJ 1997 4 91.pdf"
,"CLJ_1997_4_97","CLJ 1997 4 97.pdf"
clj_1997_5,"CLJ_1997_5_1","CLJ 1997 5 1.pdf","Current Law Journal, 1997, Volume 5",[1997],texts,opensource
,"CLJ_1997_5_101","CLJ 1997 5 101.pdf"
,"CLJ_1997_5_111","CLJ 1997 5 111.pdf"
,"CLJ_1997_5_125","CLJ 1997 5 125.pdf"
,"CLJ_1997_5_131","CLJ 1997 5 131.pdf"
,"CLJ_1997_5_140","CLJ 1997 5 140.pdf"
,"CLJ_1997_5_148","CLJ 1997 5 148.pdf"
,"CLJ_1997_5_164","CLJ 1997 5 164.pdf"
,"CLJ_1997_5_17","CLJ 1997 5 17.pdf"
,"CLJ_1997_5_170","CLJ 1997 5 170.pdf"
,"CLJ_1997_5_179","CLJ 1997 5 179.pdf"
,"CLJ_1997_5_187","CLJ 1997 5 187.pdf"
,"CLJ_1997_5_199","CLJ 1997 5 199.pdf"
,"CLJ_1997_5_223","CLJ 1997 5 223.pdf"
,"CLJ_1997_5_230","CLJ 1997 5 230.pdf"
,"CLJ_1997_5_237","CLJ 1997 5 237.pdf"
,"CLJ_1997_5_243","CLJ 1997 5 243.pdf"
,"CLJ_1997_5_250","CLJ 1997 5 250.pdf"
,"CLJ_1997_5_279","CLJ 1997 5 279.pdf"
,"CLJ_1997_5_290","CLJ 1997 5 290.pdf"
,"CLJ_1997_5_300","CLJ 1997 5 300.pdf"
,"CLJ_1997_5_307","CLJ 1997 5 307.pdf"
,"CLJ_1997_5_31","CLJ 1997 5 31.pdf"
,"CLJ_1997_5_336","CLJ 1997 5 336.pdf"
,"CLJ_1997_5_358","CLJ 1997 5 358.pdf"
,"CLJ_1997_5_372","CLJ 1997 5 372.pdf"
,"CLJ_1997_5_382","CLJ 1997 5 382.pdf"
,"CLJ_1997_5_389","CLJ 1997 5 389.pdf"
,"CLJ_1997_5_398","CLJ 1997 5 398.pdf"
,"CLJ_1997_5_408","CLJ 1997 5 408.pdf"
,"CLJ_1997_5_414","CLJ 1997 5 414.pdf"
,"CLJ_1997_5_421","CLJ 1997 5 421.pdf"
,"CLJ_1997_5_428","CLJ 1997 5 428.pdf"
,"CLJ_1997_5_440","CLJ 1997 5 440.pdf"
,"CLJ_1997_5_449","CLJ 1997 5 449.pdf"
,"CLJ_1997_5_456","CLJ 1997 5 456.pdf"
,"CLJ_1997_5_463","CLJ 1997 5 463.pdf"
,"CLJ_1997_5_472","CLJ 1997 5 472.pdf"
,"CLJ_1997_5_48","CLJ 1997 5 48.pdf"
,"CLJ_1997_5_490","CLJ 1997 5 490.pdf"
,"CLJ_1997_5_501","CLJ 1997 5 501.pdf"
,"CLJ_1997_5_529","CLJ 1997 5 529.pdf"
,"CLJ_1997_5_535","CLJ 1997 5 535.pdf"
,"CLJ_1997_5_54","CLJ 1997 5 54.pdf"
,"CLJ_1997_5_542","CLJ 1997 5 542.pdf"
,"CLJ_1997_5_552","CLJ 1997 5 552.pdf"
,"CLJ_1997_5_564","CLJ 1997 5 564.pdf"
,"CLJ_1997_5_58","CLJ 1997 5 58.pdf"
,"CLJ_1997_5_591","CLJ 1997 5 591.pdf"
,"CLJ_1997_5_607","CLJ 1997 5 607.pdf"
,"CLJ_1997_5_614","CLJ 1997 5 614.pdf"
,"CLJ_1997_5_634","CLJ 1997 5 634.pdf"
,"CLJ_1997_5_639","CLJ 1997 5 639.pdf"
,"CLJ_1997_5_654","CLJ 1997 5 654.pdf"
,"CLJ_1997_5_66","CLJ 1997 5 66.pdf"
,"CLJ_1997_5_664","CLJ 1997 5 664.pdf"
,"CLJ_1997_5_687","CLJ 1997 5 687.pdf"
,"CLJ_1997_5_705","CLJ 1997 5 705.pdf"
,"CLJ_1997_5_78","CLJ 1997 5 78.pdf"
,"CLJ_1997_5_8","CLJ 1997 5 8.pdf"
,"CLJ_1997_5_93","CLJ 1997 5 93.pdf"
clj_1998_1,"CLJ_1998_1_1","CLJ 1998 1 1.pdf","Current Law Journal, 1998, Volume 1",[1998],texts,opensource
,"CLJ_1998_1_1001","CLJ 1998 1 1001.pdf"
,"CLJ_1998_1_1023","CLJ 1998 1 1023.pdf"
,"CLJ_1998_1_1035","CLJ 1998 1 1035.pdf"
,"CLJ_1998_1_1045","CLJ 1998 1 1045.pdf"
,"CLJ_1998_1_1053","CLJ 1998 1 1053.pdf"
,"CLJ_1998_1_1063","CLJ 1998 1 1063.pdf"
,"CLJ_1998_1_1072","CLJ 1998 1 1072.pdf"
,"CLJ_1998_1_1079","CLJ 1998 1 1079.pdf"
,"CLJ_1998_1_123","CLJ 1998 1 123.pdf"
,"CLJ_1998_1_159","CLJ 1998 1 159.pdf"
,"CLJ_1998_1_164","CLJ 1998 1 164.pdf"
,"CLJ_1998_1_169","CLJ 1998 1 169.pdf"
,"CLJ_1998_1_174","CLJ 1998 1 174.pdf"
,"CLJ_1998_1_183","CLJ 1998 1 183.pdf"
,"CLJ_1998_1_205","CLJ 1998 1 205.pdf"
,"CLJ_1998_1_215","CLJ 1998 1 215.pdf"
,"CLJ_1998_1_227","CLJ 1998 1 227.pdf"
,"CLJ_1998_1_235","CLJ 1998 1 235.pdf"
,"CLJ_1998_1_245","CLJ 1998 1 245.pdf"
,"CLJ_1998_1_254","CLJ 1998 1 254.pdf"
,"CLJ_1998_1_270","CLJ 1998 1 270.pdf"
,"CLJ_1998_1_285","CLJ 1998 1 285.pdf"
,"CLJ_1998_1_351","CLJ 1998 1 351.pdf"
,"CLJ_1998_1_358","CLJ 1998 1 358.pdf"
,"CLJ_1998_1_37","CLJ 1998 1 37.pdf"
,"CLJ_1998_1_395","CLJ 1998 1 395.pdf"
,"CLJ_1998_1_405","CLJ 1998 1 405.pdf"
,"CLJ_1998_1_415","CLJ 1998 1 415.pdf"
,"CLJ_1998_1_424","CLJ 1998 1 424.pdf"
,"CLJ_1998_1_43","CLJ 1998 1 43.pdf"
,"CLJ_1998_1_433","CLJ 1998 1 433.pdf"
,"CLJ_1998_1_441","CLJ 1998 1 441.pdf"
,"CLJ_1998_1_459","CLJ 1998 1 459.pdf"
,"CLJ_1998_1_480","CLJ 1998 1 480.pdf"
,"CLJ_1998_1_49","CLJ 1998 1 49.pdf"
,"CLJ_1998_1_515","CLJ 1998 1 515.pdf"
,"CLJ_1998_1_533","CLJ 1998 1 533.pdf"
,"CLJ_1998_1_559","CLJ 1998 1 559.pdf"
,"CLJ_1998_1_56","CLJ 1998 1 56.pdf"
,"CLJ_1998_1_569","CLJ 1998 1 569.pdf"
,"CLJ_1998_1_601","CLJ 1998 1 601.pdf"
,"CLJ_1998_1_625","CLJ 1998 1 625.pdf"
,"CLJ_1998_1_637","CLJ 1998 1 637.pdf"
,"CLJ_1998_1_647","CLJ 1998 1 647.pdf"
,"CLJ_1998_1_657","CLJ 1998 1 657.pdf"
,"CLJ_1998_1_66","CLJ 1998 1 66.pdf"
,"CLJ_1998_1_668","CLJ 1998 1 668.pdf"
,"CLJ_1998_1_678","CLJ 1998 1 678.pdf"
,"CLJ_1998_1_685","CLJ 1998 1 685.pdf"
,"CLJ_1998_1_705","CLJ 1998 1 705.pdf"
,"CLJ_1998_1_713","CLJ 1998 1 713.pdf"
,"CLJ_1998_1_74","CLJ 1998 1 74.pdf"
,"CLJ_1998_1_742","CLJ 1998 1 742.pdf"
,"CLJ_1998_1_759","CLJ 1998 1 759.pdf"
,"CLJ_1998_1_783","CLJ 1998 1 783.pdf"
,"CLJ_1998_1_793","CLJ 1998 1 793.pdf"
,"CLJ_1998_1_81","CLJ 1998 1 81.pdf"
,"CLJ_1998_1_857","CLJ 1998 1 857.pdf"
,"CLJ_1998_1_869","CLJ 1998 1 869.pdf"
,"CLJ_1998_1_87","CLJ 1998 1 87.pdf"
,"CLJ_1998_1_887","CLJ 1998 1 887.pdf"
,"CLJ_1998_1_893","CLJ 1998 1 893.pdf"
,"CLJ_1998_1_903","CLJ 1998 1 903.pdf"
,"CLJ_1998_1_916","CLJ 1998 1 916.pdf"
,"CLJ_1998_1_947","CLJ 1998 1 947.pdf"
,"CLJ_1998_1_960","CLJ 1998 1 960.pdf"
,"CLJ_1998_1_969","CLJ 1998 1 969.pdf"
,"CLJ_1998_1_987","CLJ 1998 1 987.pdf"
clj_1998_2,"CLJ_1998_2_1","CLJ 1998 2 1.pdf","Current Law Journal, 1998, Volume 2",[1998],texts,opensource
,"CLJ_1998_2_10i","CLJ 1998 2 10i.pdf"
,"CLJ_1998_2_11","CLJ 1998 2 11.pdf"
,"CLJ_1998_2_123","CLJ 1998 2 123.pdf"
,"CLJ_1998_2_127","CLJ 1998 2 127.pdf"
,"CLJ_1998_2_139","CLJ 1998 2 139.pdf"
,"CLJ_1998_2_147","CLJ 1998 2 147.pdf"
,"CLJ_1998_2_161","CLJ 1998 2 161.pdf"
,"CLJ_1998_2_170","CLJ 1998 2 170.pdf"
,"CLJ_1998_2_197","CLJ 1998 2 197.pdf"
,"CLJ_1998_2_207","CLJ 1998 2 207.pdf"
,"CLJ_1998_2_213","CLJ 1998 2 213.pdf"
,"CLJ_1998_2_22","CLJ 1998 2 22.pdf"
,"CLJ_1998_2_234","CLJ 1998 2 234.pdf"
,"CLJ_1998_2_245","CLJ 1998 2 245.pdf"
,"CLJ_1998_2_266","CLJ 1998 2 266.pdf"
,"CLJ_1998_2_286","CLJ 1998 2 286.pdf"
,"CLJ_1998_2_297","CLJ 1998 2 297.pdf"
,"CLJ_1998_2_306","CLJ 1998 2 306.pdf"
,"CLJ_1998_2_327","CLJ 1998 2 327.pdf"
,"CLJ_1998_2_33","CLJ 1998 2 33.pdf"
,"CLJ_1998_2_340","CLJ 1998 2 340.pdf"
,"CLJ_1998_2_358","CLJ 1998 2 358.pdf"
,"CLJ_1998_2_363","CLJ 1998 2 363.pdf"
,"CLJ_1998_2_370","CLJ 1998 2 370.pdf"
,"CLJ_1998_2_383","CLJ 1998 2 383.pdf"
,"CLJ_1998_2_440","CLJ 1998 2 440.pdf"
,"CLJ_1998_2_457","CLJ 1998 2 457.pdf"
,"CLJ_1998_2_469","CLJ 1998 2 469.pdf"
,"CLJ_1998_2_486","CLJ 1998 2 486.pdf"
,"CLJ_1998_2_509","CLJ 1998 2 509.pdf"
,"CLJ_1998_2_527","CLJ 1998 2 527.pdf"
,"CLJ_1998_2_559","CLJ 1998 2 559.pdf"
,"CLJ_1998_2_623","CLJ 1998 2 623.pdf"
,"CLJ_1998_2_645","CLJ 1998 2 645.pdf"
,"CLJ_1998_2_652","CLJ 1998 2 652.pdf"
,"CLJ_1998_2_665","CLJ 1998 2 665.pdf"
,"CLJ_1998_2_674","CLJ 1998 2 674.pdf"
,"CLJ_1998_2_684","CLJ 1998 2 684.pdf"
,"CLJ_1998_2_691","CLJ 1998 2 691.pdf"
,"CLJ_1998_2_702","CLJ 1998 2 702.pdf"
,"CLJ_1998_2_707","CLJ 1998 2 707.pdf"
,"CLJ_1998_2_731","CLJ 1998 2 731.pdf"
,"CLJ_1998_2_740","CLJ 1998 2 740.pdf"
,"CLJ_1998_2_749","CLJ 1998 2 749.pdf"
,"CLJ_1998_2_75","CLJ 1998 2 75.pdf"
,"CLJ_1998_2_754","CLJ 1998 2 754.pdf"
,"CLJ_1998_2_759","CLJ 1998 2 759.pdf"
,"CLJ_1998_2_763","CLJ 1998 2 763.pdf"
,"CLJ_1998_2_770","CLJ 1998 2 770.pdf"
,"CLJ_1998_2_775","CLJ 1998 2 775.pdf"
,"CLJ_1998_2_797","CLJ 1998 2 797.pdf"
,"CLJ_1998_2_809","CLJ 1998 2 809.pdf"
,"CLJ_1998_2_817","CLJ 1998 2 817.pdf"
,"CLJ_1998_2_822","CLJ 1998 2 822.pdf"
,"CLJ_1998_2_832","CLJ 1998 2 832.pdf"
,"CLJ_1998_2_845","CLJ 1998 2 845.pdf"
,"CLJ_1998_2_855","CLJ 1998 2 855.pdf"
,"CLJ_1998_2_875","CLJ 1998 2 875.pdf"
,"CLJ_1998_2_879","CLJ 1998 2 879.pdf"
,"CLJ_1998_2_904","CLJ 1998 2 904.pdf"
,"CLJ_1998_2_909","CLJ 1998 2 909.pdf"
,"CLJ_1998_2_917","CLJ 1998 2 917.pdf"
,"CLJ_1998_2_923","CLJ 1998 2 923.pdf"
,"CLJ_1998_2_945","CLJ 1998 2 945.pdf"
,"CLJ_1998_2_956","CLJ 1998 2 956.pdf"
clj_1998_3,"CLJ_1998_3_1","CLJ 1998 3 1.pdf","Current Law Journal, 1998, Volume 3",[1998],texts,opensource
,"CLJ_1998_3_1002","CLJ 1998 3 1002.pdf"
,"CLJ_1998_3_135","CLJ 1998 3 135.pdf"
,"CLJ_1998_3_141","CLJ 1998 3 141.pdf"
,"CLJ_1998_3_148","CLJ 1998 3 148.pdf"
,"CLJ_1998_3_153","CLJ 1998 3 153.pdf"
,"CLJ_1998_3_169","CLJ 1998 3 169.pdf"
,"CLJ_1998_3_17","CLJ 1998 3 17.pdf"
,"CLJ_1998_3_184","CLJ 1998 3 184.pdf"
,"CLJ_1998_3_202","CLJ 1998 3 202.pdf"
,"CLJ_1998_3_22","CLJ 1998 3 22.pdf"
,"CLJ_1998_3_226","CLJ 1998 3 226.pdf"
,"CLJ_1998_3_233","CLJ 1998 3 233.pdf"
,"CLJ_1998_3_253","CLJ 1998 3 253.pdf"
,"CLJ_1998_3_262","CLJ 1998 3 262.pdf"
,"CLJ_1998_3_270","CLJ 1998 3 270.pdf"
,"CLJ_1998_3_275","CLJ 1998 3 275.pdf"
,"CLJ_1998_3_288","CLJ 1998 3 288.pdf"
,"CLJ_1998_3_300","CLJ 1998 3 300.pdf"
,"CLJ_1998_3_307","CLJ 1998 3 307.pdf"
,"CLJ_1998_3_316","CLJ 1998 3 316.pdf"
,"CLJ_1998_3_335","CLJ 1998 3 335.pdf"
,"CLJ_1998_3_343","CLJ 1998 3 343.pdf"
,"CLJ_1998_3_357","CLJ 1998 3 357.pdf"
,"CLJ_1998_3_367","CLJ 1998 3 367.pdf"
,"CLJ_1998_3_380","CLJ 1998 3 380.pdf"
,"CLJ_1998_3_408","CLJ 1998 3 408.pdf"
,"CLJ_1998_3_41","CLJ 1998 3 41.pdf"
,"CLJ_1998_3_423","CLJ 1998 3 423.pdf"
,"CLJ_1998_3_432","CLJ 1998 3 432.pdf"
,"CLJ_1998_3_466","CLJ 1998 3 466.pdf"
,"CLJ_1998_3_475","CLJ 1998 3 475.pdf"
,"CLJ_1998_3_503","CLJ 1998 3 503.pdf"
,"CLJ_1998_3_549","CLJ 1998 3 549.pdf"
,"CLJ_1998_3_557","CLJ 1998 3 557.pdf"
,"CLJ_1998_3_563","CLJ 1998 3 563.pdf"
,"CLJ_1998_3_575","CLJ 1998 3 575.pdf"
,"CLJ_1998_3_583","CLJ 1998 3 583.pdf"
,"CLJ_1998_3_597","CLJ 1998 3 597.pdf"
,"CLJ_1998_3_605","CLJ 1998 3 605.pdf"
,"CLJ_1998_3_619","CLJ 1998 3 619.pdf"
,"CLJ_1998_3_629","CLJ 1998 3 629.pdf"
,"CLJ_1998_3_637","CLJ 1998 3 637.pdf"
,"CLJ_1998_3_677","CLJ 1998 3 677.pdf"
,"CLJ_1998_3_681","CLJ 1998 3 681.pdf"
,"CLJ_1998_3_685","CLJ 1998 3 685.pdf"
,"CLJ_1998_3_705","CLJ 1998 3 705.pdf"
,"CLJ_1998_3_708","CLJ 1998 3 708.pdf"
,"CLJ_1998_3_71","CLJ 1998 3 71.pdf"
,"CLJ_1998_3_736","CLJ 1998 3 736.pdf"
,"CLJ_1998_3_742","CLJ 1998 3 742.pdf"
,"CLJ_1998_3_761","CLJ 1998 3 761.pdf"
,"CLJ_1998_3_769","CLJ 1998 3 769.pdf"
,"CLJ_1998_3_799","CLJ 1998 3 799.pdf"
,"CLJ_1998_3_833","CLJ 1998 3 833.pdf"
,"CLJ_1998_3_841","CLJ 1998 3 841.pdf"
,"CLJ_1998_3_847","CLJ 1998 3 847.pdf"
,"CLJ_1998_3_85","CLJ 1998 3 85.pdf"
,"CLJ_1998_3_855","CLJ 1998 3 855.pdf"
,"CLJ_1998_3_866","CLJ 1998 3 866.pdf"
,"CLJ_1998_3_874","CLJ 1998 3 874.pdf"
,"CLJ_1998_3_883","CLJ 1998 3 883.pdf"
,"CLJ_1998_3_893","CLJ 1998 3 893.pdf"
,"CLJ_1998_3_919","CLJ 1998 3 919.pdf"
,"CLJ_1998_3_927","CLJ 1998 3 927.pdf"
,"CLJ_1998_3_932","CLJ 1998 3 932.pdf"
,"CLJ_1998_3_941","CLJ 1998 3 941.pdf"
,"CLJ_1998_3_964","CLJ 1998 3 964.pdf"
clj_1998_4,"CLJ_1998_4_1","CLJ 1998 4 1.pdf","Current Law Journal, 1998, Volume 4",[1998],texts,opensource
,"CLJ_1998_4_106","CLJ 1998 4 106.pdf"
,"CLJ_1998_4_123","CLJ 1998 4 123.pdf"
,"CLJ_1998_4_127","CLJ 1998 4 127.pdf"
,"CLJ_1998_4_136","CLJ 1998 4 136.pdf"
,"CLJ_1998_4_160","CLJ 1998 4 160.pdf"
,"CLJ_1998_4_169","CLJ 1998 4 169.pdf"
,"CLJ_1998_4_17","CLJ 1998 4 17.pdf"
,"CLJ_1998_4_175","CLJ 1998 4 175.pdf"
,"CLJ_1998_4_188","CLJ 1998 4 188.pdf"
,"CLJ_1998_4_199","CLJ 1998 4 199.pdf"
,"CLJ_1998_4_209","CLJ 1998 4 209.pdf"
,"CLJ_1998_4_241","CLJ 1998 4 241.pdf"
,"CLJ_1998_4_257","CLJ 1998 4 257.pdf"
,"CLJ_1998_4_269","CLJ 1998 4 269.pdf"
,"CLJ_1998_4_27","CLJ 1998 4 27.pdf"
,"CLJ_1998_4_278","CLJ 1998 4 278.pdf"
,"CLJ_1998_4_293","CLJ 1998 4 293.pdf"
,"CLJ_1998_4_299","CLJ 1998 4 299.pdf"
,"CLJ_1998_4_309","CLJ 1998 4 309.pdf"
,"CLJ_1998_4_321","CLJ 1998 4 321.pdf"
,"CLJ_1998_4_331","CLJ 1998 4 331.pdf"
,"CLJ_1998_4_345","CLJ 1998 4 345.pdf"
,"CLJ_1998_4_352","CLJ 1998 4 352.pdf"
,"CLJ_1998_4_368","CLJ 1998 4 368.pdf"
,"CLJ_1998_4_38","CLJ 1998 4 38.pdf"
,"CLJ_1998_4_387","CLJ 1998 4 387.pdf"
,"CLJ_1998_4_405","CLJ 1998 4 405.pdf"
,"CLJ_1998_4_416","CLJ 1998 4 416.pdf"
,"CLJ_1998_4_429","CLJ 1998 4 429.pdf"
,"CLJ_1998_4_440","CLJ 1998 4 440.pdf"
,"CLJ_1998_4_450","CLJ 1998 4 450.pdf"
,"CLJ_1998_4_460","CLJ 1998 4 460.pdf"
,"CLJ_1998_4_468","CLJ 1998 4 468.pdf"
,"CLJ_1998_4_47","CLJ 1998 4 47.pdf"
,"CLJ_1998_4_481","CLJ 1998 4 481.pdf"
,"CLJ_1998_4_502","CLJ 1998 4 502.pdf"
,"CLJ_1998_4_517","CLJ 1998 4 517.pdf"
,"CLJ_1998_4_526","CLJ 1998 4 526.pdf"
,"CLJ_1998_4_538","CLJ 1998 4 538.pdf"
,"CLJ_1998_4_557","CLJ 1998 4 557.pdf"
,"CLJ_1998_4_575","CLJ 1998 4 575.pdf"
,"CLJ_1998_4_58","CLJ 1998 4 58.pdf"
,"CLJ_1998_4_589","CLJ 1998 4 589.pdf"
,"CLJ_1998_4_609","CLJ 1998 4 609.pdf"
,"CLJ_1998_4_655","CLJ 1998 4 655.pdf"
,"CLJ_1998_4_66","CLJ 1998 4 66.pdf"
,"CLJ_1998_4_667","CLJ 1998 4 667.pdf"
,"CLJ_1998_4_674","CLJ 1998 4 674.pdf"
,"CLJ_1998_4_705","CLJ 1998 4 705.pdf"
,"CLJ_1998_4_717","CLJ 1998 4 717.pdf"
,"CLJ_1998_4_73","CLJ 1998 4 73.pdf"
,"CLJ_1998_4_741","CLJ 1998 4 741.pdf"
,"CLJ_1998_4_754","CLJ 1998 4 754.pdf"
,"CLJ_1998_4_763","CLJ 1998 4 763.pdf"
,"CLJ_1998_4_771","CLJ 1998 4 771.pdf"
,"CLJ_1998_4_789","CLJ 1998 4 789.pdf"
,"CLJ_1998_4_8","CLJ 1998 4 8.pdf"
,"CLJ_1998_4_81","CLJ 1998 4 81.pdf"
,"CLJ_1998_4_812","CLJ 1998 4 812.pdf"
,"CLJ_1998_4_833","CLJ 1998 4 833.pdf"
,"CLJ_1998_4_838","CLJ 1998 4 838.pdf"
,"CLJ_1998_4_845","CLJ 1998 4 845.pdf"
,"CLJ_1998_4_859","CLJ 1998 4 859.pdf"
,"CLJ_1998_4_878","CLJ 1998 4 878.pdf"
,"CLJ_1998_4_883","CLJ 1998 4 883.pdf"
,"CLJ_1998_4_899","CLJ 1998 4 899.pdf"
,"CLJ_1998_4_906","CLJ 1998 4 906.pdf"
,"CLJ_1998_4_923","CLJ 1998 4 923.pdf"
,"CLJ_1998_4_95","CLJ 1998 4 95.pdf"
clj_1998_5,"CLJ_1998_5_1","CLJ 1998 5 1.pdf","Current Law Journal, 1998, Volume 5",[1998],texts,opensource
,"CLJ_1998_5_104","CLJ 1998 5 104.pdf"
,"CLJ_1998_5_123","CLJ 1998 5 123.pdf"
,"CLJ_1998_5_133","CLJ 1998 5 133.pdf"
,"CLJ_1998_5_146","CLJ 1998 5 146.pdf"
,"CLJ_1998_5_169","CLJ 1998 5 169.pdf"
,"CLJ_1998_5_177","CLJ 1998 5 177.pdf"
,"CLJ_1998_5_181","CLJ 1998 5 181.pdf"
,"CLJ_1998_5_185","CLJ 1998 5 185.pdf"
,"CLJ_1998_5_19","CLJ 1998 5 19.pdf"
,"CLJ_1998_5_193","CLJ 1998 5 193.pdf"
,"CLJ_1998_5_200","CLJ 1998 5 200.pdf"
,"CLJ_1998_5_207","CLJ 1998 5 207.pdf"
,"CLJ_1998_5_212","CLJ 1998 5 212.pdf"
,"CLJ_1998_5_238","CLJ 1998 5 238.pdf"
,"CLJ_1998_5_245","CLJ 1998 5 245.pdf"
,"CLJ_1998_5_251","CLJ 1998 5 251.pdf"
,"CLJ_1998_5_274","CLJ 1998 5 274.pdf"
,"CLJ_1998_5_297","CLJ 1998 5 297.pdf"
,"CLJ_1998_5_310","CLJ 1998 5 310.pdf"
,"CLJ_1998_5_328","CLJ 1998 5 328.pdf"
,"CLJ_1998_5_338","CLJ 1998 5 338.pdf"
,"CLJ_1998_5_347","CLJ 1998 5 347.pdf"
,"CLJ_1998_5_367","CLJ 1998 5 367.pdf"
,"CLJ_1998_5_40","CLJ 1998 5 40.pdf"
,"CLJ_1998_5_400","CLJ 1998 5 400.pdf"
,"CLJ_1998_5_425","CLJ 1998 5 425.pdf"
,"CLJ_1998_5_431","CLJ 1998 5 431.pdf"
,"CLJ_1998_5_435","CLJ 1998 5 435.pdf"
,"CLJ_1998_5_448","CLJ 1998 5 448.pdf"
,"CLJ_1998_5_452","CLJ 1998 5 452.pdf"
,"CLJ_1998_5_461","CLJ 1998 5 461.pdf"
,"CLJ_1998_5_467","CLJ 1998 5 467.pdf"
,"CLJ_1998_5_474","CLJ 1998 5 474.pdf"
,"CLJ_1998_5_478","CLJ 1998 5 478.pdf"
,"CLJ_1998_5_487","CLJ 1998 5 487.pdf"
,"CLJ_1998_5_49","CLJ 1998 5 49.pdf"
,"CLJ_1998_5_499","CLJ 1998 5 499.pdf"
,"CLJ_1998_5_503","CLJ 1998 5 503.pdf"
,"CLJ_1998_5_510","CLJ 1998 5 510.pdf"
,"CLJ_1998_5_516","CLJ 1998 5 516.pdf"
,"CLJ_1998_5_523","CLJ 1998 5 523.pdf"
,"CLJ_1998_5_548","CLJ 1998 5 548.pdf"
,"CLJ_1998_5_557","CLJ 1998 5 557.pdf"
,"CLJ_1998_5_566","CLJ 1998 5 566.pdf"
,"CLJ_1998_5_58","CLJ 1998 5 58.pdf"
,"CLJ_1998_5_582","CLJ 1998 5 582.pdf"
,"CLJ_1998_5_590","CLJ 1998 5 590.pdf"
,"CLJ_1998_5_609","CLJ 1998 5 609.pdf"
,"CLJ_1998_5_63","CLJ 1998 5 63.pdf"
,"CLJ_1998_5_634","CLJ 1998 5 634.pdf"
,"CLJ_1998_5_644","CLJ 1998 5 644.pdf"
,"CLJ_1998_5_656","CLJ 1998 5 656.pdf"
,"CLJ_1998_5_67","CLJ 1998 5 67.pdf"
,"CLJ_1998_5_671","CLJ 1998 5 671.pdf"
,"CLJ_1998_5_693","CLJ 1998 5 693.pdf"
,"CLJ_1998_5_701","CLJ 1998 5 701.pdf"
,"CLJ_1998_5_713","CLJ 1998 5 713.pdf"
,"CLJ_1998_5_718","CLJ 1998 5 718.pdf"
,"CLJ_1998_5_729","CLJ 1998 5 729.pdf"
,"CLJ_1998_5_735","CLJ 1998 5 735.pdf"
,"CLJ_1998_5_748","CLJ 1998 5 748.pdf"
,"CLJ_1998_5_760","CLJ 1998 5 760.pdf"
,"CLJ_1998_5_769","CLJ 1998 5 769.pdf"
,"CLJ_1998_5_778","CLJ 1998 5 778.pdf"
,"CLJ_1998_5_79","CLJ 1998 5 79.pdf"
,"CLJ_1998_5_790","CLJ 1998 5 790.pdf"
,"CLJ_1998_5_794","CLJ 1998 5 794.pdf"
,"CLJ_1998_5_798","CLJ 1998 5 798.pdf"
,"CLJ_1998_5_804","CLJ 1998 5 804.pdf"
,"CLJ_1998_5_810","CLJ 1998 5 810.pdf"
,"CLJ_1998_5_816","CLJ 1998 5 816.pdf"
,"CLJ_1998_5_824","CLJ 1998 5 824.pdf"
,"CLJ_1998_5_86","CLJ 1998 5 86.pdf"
,"CLJ_1998_5_98","CLJ 1998 5 98.pdf"
clj_1999_1,"CLJ_1999_1_1","CLJ 1999 1 1.pdf","Current Law Journal, 1999, Volume 1",[1999],texts,opensource
,"CLJ_1999_1_119","CLJ 1999 1 119.pdf"
,"CLJ_1999_1_138","CLJ 1999 1 138.pdf"
,"CLJ_1999_1_165","CLJ 1999 1 165.pdf"
,"CLJ_1999_1_173","CLJ 1999 1 173.pdf"
,"CLJ_1999_1_179","CLJ 1999 1 179.pdf"
,"CLJ_1999_1_187","CLJ 1999 1 187.pdf"
,"CLJ_1999_1_194","CLJ 1999 1 194.pdf"
,"CLJ_1999_1_207","CLJ 1999 1 207.pdf"
,"CLJ_1999_1_216","CLJ 1999 1 216.pdf"
,"CLJ_1999_1_222","CLJ 1999 1 222.pdf"
,"CLJ_1999_1_231","CLJ 1999 1 231.pdf"
,"CLJ_1999_1_239","CLJ 1999 1 239.pdf"
,"CLJ_1999_1_257","CLJ 1999 1 257.pdf"
,"CLJ_1999_1_270","CLJ 1999 1 270.pdf"
,"CLJ_1999_1_278","CLJ 1999 1 278.pdf"
,"CLJ_1999_1_303","CLJ 1999 1 303.pdf"
,"CLJ_1999_1_307","CLJ 1999 1 307.pdf"
,"CLJ_1999_1_315","CLJ 1999 1 315.pdf"
,"CLJ_1999_1_325","CLJ 1999 1 325.pdf"
,"CLJ_1999_1_337","CLJ 1999 1 337.pdf"
,"CLJ_1999_1_343","CLJ 1999 1 343.pdf"
,"CLJ_1999_1_379","CLJ 1999 1 379.pdf"
,"CLJ_1999_1_390","CLJ 1999 1 390.pdf"
,"CLJ_1999_1_399","CLJ 1999 1 399.pdf"
,"CLJ_1999_1_410","CLJ 1999 1 410.pdf"
,"CLJ_1999_1_429","CLJ 1999 1 429.pdf"
,"CLJ_1999_1_439","CLJ 1999 1 439.pdf"
,"CLJ_1999_1_448","CLJ 1999 1 448.pdf"
,"CLJ_1999_1_459","CLJ 1999 1 459.pdf"
,"CLJ_1999_1_461","CLJ 1999 1 461.pdf"
,"CLJ_1999_1_470","CLJ 1999 1 470.pdf"
,"CLJ_1999_1_481","CLJ 1999 1 481.pdf"
,"CLJ_1999_1_499","CLJ 1999 1 499.pdf"
,"CLJ_1999_1_513","CLJ 1999 1 513.pdf"
,"CLJ_1999_1_518","CLJ 1999 1 518.pdf"
,"CLJ_1999_1_526","CLJ 1999 1 526.pdf"
,"CLJ_1999_1_529","CLJ 1999 1 529.pdf"
,"CLJ_1999_1_537","CLJ 1999 1 537.pdf"
,"CLJ_1999_1_564","CLJ 1999 1 564.pdf"
,"CLJ_1999_1_569","CLJ 1999 1 569.pdf"
,"CLJ_1999_1_575","CLJ 1999 1 575.pdf"
,"CLJ_1999_1_588","CLJ 1999 1 588.pdf"
,"CLJ_1999_1_601","CLJ 1999 1 601.pdf"
,"CLJ_1999_1_611","CLJ 1999 1 611.pdf"
,"CLJ_1999_1_621","CLJ 1999 1 621.pdf"
,"CLJ_1999_1_627","CLJ 1999 1 627.pdf"
,"CLJ_1999_1_632","CLJ 1999 1 632.pdf"
,"CLJ_1999_1_647","CLJ 1999 1 647.pdf"
,"CLJ_1999_1_656","CLJ 1999 1 656.pdf"
,"CLJ_1999_1_665","CLJ 1999 1 665.pdf"
,"CLJ_1999_1_691","CLJ 1999 1 691.pdf"
,"CLJ_1999_1_699","CLJ 1999 1 699.pdf"
,"CLJ_1999_1_703","CLJ 1999 1 703.pdf"
,"CLJ_1999_1_713","CLJ 1999 1 713.pdf"
,"CLJ_1999_1_74","CLJ 1999 1 74.pdf"
,"CLJ_1999_1_748","CLJ 1999 1 748.pdf"
,"CLJ_1999_1_758","CLJ 1999 1 758.pdf"
,"CLJ_1999_1_765","CLJ 1999 1 765.pdf"
,"CLJ_1999_1_783","CLJ 1999 1 783.pdf"
,"CLJ_1999_1_799","CLJ 1999 1 799.pdf"
,"CLJ_1999_1_810","CLJ 1999 1 810.pdf"
,"CLJ_1999_1_819","CLJ 1999 1 819.pdf"
,"CLJ_1999_1_829","CLJ 1999 1 829.pdf"
,"CLJ_1999_1_857","CLJ 1999 1 857.pdf"
,"CLJ_1999_1_875","CLJ 1999 1 875.pdf"
,"CLJ_1999_1_883","CLJ 1999 1 883.pdf"
,"CLJ_1999_1_89","CLJ 1999 1 89.pdf"
,"CLJ_1999_1_890","CLJ 1999 1 890.pdf"
,"CLJ_1999_1_897","CLJ 1999 1 897.pdf"
clj_1999_2,"CLJ_1999_2_1","CLJ 1999 2 1.pdf","Current Law Journal, 1999, Volume 2",[1999],texts,opensource
,"CLJ_1999_2_101","CLJ 1999 2 101.pdf"
,"CLJ_1999_2_1023","CLJ 1999 2 1023.pdf"
,"CLJ_1999_2_1057","CLJ 1999 2 1057.pdf"
,"CLJ_1999_2_117","CLJ 1999 2 117.pdf"
,"CLJ_1999_2_151","CLJ 1999 2 151.pdf"
,"CLJ_1999_2_167","CLJ 1999 2 167.pdf"
,"CLJ_1999_2_170","CLJ 1999 2 170.pdf"
,"CLJ_1999_2_180","CLJ 1999 2 180.pdf"
,"CLJ_1999_2_186","CLJ 1999 2 186.pdf"
,"CLJ_1999_2_193","CLJ 1999 2 193.pdf"
,"CLJ_1999_2_205","CLJ 1999 2 205.pdf"
,"CLJ_1999_2_215","CLJ 1999 2 215.pdf"
,"CLJ_1999_2_23","CLJ 1999 2 23.pdf"
,"CLJ_1999_2_30","CLJ 1999 2 30.pdf"
,"CLJ_1999_2_35","CLJ 1999 2 35.pdf"
,"CLJ_1999_2_471","CLJ 1999 2 471.pdf"
,"CLJ_1999_2_5","CLJ 1999 2 5.pdf"
,"CLJ_1999_2_505","CLJ 1999 2 505.pdf"
,"CLJ_1999_2_51","CLJ 1999 2 51.pdf"
,"CLJ_1999_2_518","CLJ 1999 2 518.pdf"
,"CLJ_1999_2_545","CLJ 1999 2 545.pdf"
,"CLJ_1999_2_566","CLJ 1999 2 566.pdf"
,"CLJ_1999_2_583","CLJ 1999 2 583.pdf"
,"CLJ_1999_2_589","CLJ 1999 2 589.pdf"
,"CLJ_1999_2_596","CLJ 1999 2 596.pdf"
,"CLJ_1999_2_604","CLJ 1999 2 604.pdf"
,"CLJ_1999_2_618","CLJ 1999 2 618.pdf"
,"CLJ_1999_2_63","CLJ 1999 2 63.pdf"
,"CLJ_1999_2_633","CLJ 1999 2 633.pdf"
,"CLJ_1999_2_639","CLJ 1999 2 639.pdf"
,"CLJ_1999_2_647","CLJ 1999 2 647.pdf"
,"CLJ_1999_2_664","CLJ 1999 2 664.pdf"
,"CLJ_1999_2_669","CLJ 1999 2 669.pdf"
,"CLJ_1999_2_677","CLJ 1999 2 677.pdf"
,"CLJ_1999_2_694","CLJ 1999 2 694.pdf"
,"CLJ_1999_2_707","CLJ 1999 2 707.pdf"
,"CLJ_1999_2_719","CLJ 1999 2 719.pdf"
,"CLJ_1999_2_726","CLJ 1999 2 726.pdf"
,"CLJ_1999_2_731","CLJ 1999 2 731.pdf"
,"CLJ_1999_2_738","CLJ 1999 2 738.pdf"
,"CLJ_1999_2_749","CLJ 1999 2 749.pdf"
,"CLJ_1999_2_75","CLJ 1999 2 75.pdf"
,"CLJ_1999_2_761","CLJ 1999 2 761.pdf"
,"CLJ_1999_2_771","CLJ 1999 2 771.pdf"
,"CLJ_1999_2_780","CLJ 1999 2 780.pdf"
,"CLJ_1999_2_788","CLJ 1999 2 788.pdf"
,"CLJ_1999_2_809","CLJ 1999 2 809.pdf"
,"CLJ_1999_2_81","CLJ 1999 2 81.pdf"
,"CLJ_1999_2_843","CLJ 1999 2 843.pdf"
,"CLJ_1999_2_853","CLJ 1999 2 853.pdf"
,"CLJ_1999_2_860","CLJ 1999 2 860.pdf"
,"CLJ_1999_2_866","CLJ 1999 2 866.pdf"
,"CLJ_1999_2_875","CLJ 1999 2 875.pdf"
,"CLJ_1999_2_886","CLJ 1999 2 886.pdf"
,"CLJ_1999_2_917","CLJ 1999 2 917.pdf"
,"CLJ_1999_2_937","CLJ 1999 2 937.pdf"
,"CLJ_1999_2_949","CLJ 1999 2 949.pdf"
,"CLJ_1999_2_972","CLJ 1999 2 972.pdf"
,"CLJ_1999_2_977","CLJ 1999 2 977.pdf"
,"CLJ_1999_2_988","CLJ 1999 2 988.pdf"
,"CLJ_1999_2_997","CLJ 1999 2 997.pdf"
clj_1999_3,"CLJ_1999_3_1","CLJ 1999 3 1.pdf","Current Law Journal, 1999, Volume 3",[1999],texts,opensource
,"CLJ_1999_3_13","CLJ 1999 3 13.pdf"
,"CLJ_1999_3_143","CLJ 1999 3 143.pdf"
,"CLJ_1999_3_151","CLJ 1999 3 151.pdf"
,"CLJ_1999_3_167","CLJ 1999 3 167.pdf"
,"CLJ_1999_3_181","CLJ 1999 3 181.pdf"
,"CLJ_1999_3_184","CLJ 1999 3 184.pdf"
,"CLJ_1999_3_188","CLJ 1999 3 188.pdf"
,"CLJ_1999_3_21","CLJ 1999 3 21.pdf"
,"CLJ_1999_3_215","CLJ 1999 3 215.pdf"
,"CLJ_1999_3_231","CLJ 1999 3 231.pdf"
,"CLJ_1999_3_242","CLJ 1999 3 242.pdf"
,"CLJ_1999_3_247","CLJ 1999 3 247.pdf"
,"CLJ_1999_3_257","CLJ 1999 3 257.pdf"
,"CLJ_1999_3_26","CLJ 1999 3 26.pdf"
,"CLJ_1999_3_301","CLJ 1999 3 301.pdf"
,"CLJ_1999_3_343","CLJ 1999 3 343.pdf"
,"CLJ_1999_3_361","CLJ 1999 3 361.pdf"
,"CLJ_1999_3_377","CLJ 1999 3 377.pdf"
,"CLJ_1999_3_383","CLJ 1999 3 383.pdf"
,"CLJ_1999_3_395","CLJ 1999 3 395.pdf"
,"CLJ_1999_3_399","CLJ 1999 3 399.pdf"
,"CLJ_1999_3_409","CLJ 1999 3 409.pdf"
,"CLJ_1999_3_412","CLJ 1999 3 412.pdf"
,"CLJ_1999_3_422","CLJ 1999 3 422.pdf"
,"CLJ_1999_3_427","CLJ 1999 3 427.pdf"
,"CLJ_1999_3_47","CLJ 1999 3 47.pdf"
,"CLJ_1999_3_494","CLJ 1999 3 494.pdf"
,"CLJ_1999_3_507","CLJ 1999 3 507.pdf"
,"CLJ_1999_3_517","CLJ 1999 3 517.pdf"
,"CLJ_1999_3_539","CLJ 1999 3 539.pdf"
,"CLJ_1999_3_549","CLJ 1999 3 549.pdf"
,"CLJ_1999_3_552","CLJ 1999 3 552.pdf"
,"CLJ_1999_3_56","CLJ 1999 3 56.pdf"
,"CLJ_1999_3_565","CLJ 1999 3 565.pdf"
,"CLJ_1999_3_573","CLJ 1999 3 573.pdf"
,"CLJ_1999_3_577","CLJ 1999 3 577.pdf"
,"CLJ_1999_3_587","CLJ 1999 3 587.pdf"
,"CLJ_1999_3_601","CLJ 1999 3 601.pdf"
,"CLJ_1999_3_610","CLJ 1999 3 610.pdf"
,"CLJ_1999_3_619","CLJ 1999 3 619.pdf"
,"CLJ_1999_3_626","CLJ 1999 3 626.pdf"
,"CLJ_1999_3_633","CLJ 1999 3 633.pdf"
,"CLJ_1999_3_640","CLJ 1999 3 640.pdf"
,"CLJ_1999_3_649","CLJ 1999 3 649.pdf"
,"CLJ_1999_3_65","CLJ 1999 3 65.pdf"
,"CLJ_1999_3_656","CLJ 1999 3 656.pdf"
,"CLJ_1999_3_696","CLJ 1999 3 696.pdf"
,"CLJ_1999_3_731","CLJ 1999 3 731.pdf"
,"CLJ_1999_3_738","CLJ 1999 3 738.pdf"
,"CLJ_1999_3_745","CLJ 1999 3 745.pdf"
,"CLJ_1999_3_756","CLJ 1999 3 756.pdf"
,"CLJ_1999_3_759","CLJ 1999 3 759.pdf"
,"CLJ_1999_3_763","CLJ 1999 3 763.pdf"
,"CLJ_1999_3_778","CLJ 1999 3 778.pdf"
,"CLJ_1999_3_791","CLJ 1999 3 791.pdf"
,"CLJ_1999_3_807","CLJ 1999 3 807.pdf"
,"CLJ_1999_3_829","CLJ 1999 3 829.pdf"
,"CLJ_1999_3_837","CLJ 1999 3 837.pdf"
,"CLJ_1999_3_841","CLJ 1999 3 841.pdf"
,"CLJ_1999_3_849","CLJ 1999 3 849.pdf"
clj_1999_4,"CLJ_1999_4_1","CLJ 1999 4 1.pdf","Current Law Journal, 1999, Volume 4",[1999],texts,opensource
,"CLJ_1999_4_115","CLJ 1999 4 115.pdf"
,"CLJ_1999_4_12","CLJ 1999 4 12.pdf"
,"CLJ_1999_4_121","CLJ 1999 4 121.pdf"
,"CLJ_1999_4_135","CLJ 1999 4 135.pdf"
,"CLJ_1999_4_15","CLJ 1999 4 15.pdf"
,"CLJ_1999_4_155","CLJ 1999 4 155.pdf"
,"CLJ_1999_4_161","CLJ 1999 4 161.pdf"
,"CLJ_1999_4_167","CLJ 1999 4 167.pdf"
,"CLJ_1999_4_184","CLJ 1999 4 184.pdf"
,"CLJ_1999_4_189","CLJ 1999 4 189.pdf"
,"CLJ_1999_4_199","CLJ 1999 4 199.pdf"
,"CLJ_1999_4_205","CLJ 1999 4 205.pdf"
,"CLJ_1999_4_21","CLJ 1999 4 21.pdf"
,"CLJ_1999_4_215","CLJ 1999 4 215.pdf"
,"CLJ_1999_4_229","CLJ 1999 4 229.pdf"
,"CLJ_1999_4_234","CLJ 1999 4 234.pdf"
,"CLJ_1999_4_242","CLJ 1999 4 242.pdf"
,"CLJ_1999_4_263","CLJ 1999 4 263.pdf"
,"CLJ_1999_4_273","CLJ 1999 4 273.pdf"
,"CLJ_1999_4_281","CLJ 1999 4 281.pdf"
,"CLJ_1999_4_292","CLJ 1999 4 292.pdf"
,"CLJ_1999_4_30","CLJ 1999 4 30.pdf"
,"CLJ_1999_4_305","CLJ 1999 4 305.pdf"
,"CLJ_1999_4_313","CLJ 1999 4 313.pdf"
,"CLJ_1999_4_325","CLJ 1999 4 325.pdf"
,"CLJ_1999_4_333","CLJ 1999 4 333.pdf"
,"CLJ_1999_4_339","CLJ 1999 4 339.pdf"
,"CLJ_1999_4_365","CLJ 1999 4 365.pdf"
,"CLJ_1999_4_373","CLJ 1999 4 373.pdf"
,"CLJ_1999_4_391","CLJ 1999 4 391.pdf"
,"CLJ_1999_4_395","CLJ 1999 4 395.pdf"
,"CLJ_1999_4_402","CLJ 1999 4 402.pdf"
,"CLJ_1999_4_405","CLJ 1999 4 405.pdf"
,"CLJ_1999_4_425","CLJ 1999 4 425.pdf"
,"CLJ_1999_4_441","CLJ 1999 4 441.pdf"
,"CLJ_1999_4_448","CLJ 1999 4 448.pdf"
,"CLJ_1999_4_507","CLJ 1999 4 507.pdf"
,"CLJ_1999_4_512","CLJ 1999 4 512.pdf"
,"CLJ_1999_4_517","CLJ 1999 4 517.pdf"
,"CLJ_1999_4_533","CLJ 1999 4 533.pdf"
,"CLJ_1999_4_54","CLJ 1999 4 54.pdf"
,"CLJ_1999_4_545","CLJ 1999 4 545.pdf"
,"CLJ_1999_4_554","CLJ 1999 4 554.pdf"
,"CLJ_1999_4_559","CLJ 1999 4 559.pdf"
,"CLJ_1999_4_566","CLJ 1999 4 566.pdf"
,"CLJ_1999_4_575","CLJ 1999 4 575.pdf"
,"CLJ_1999_4_582","CLJ 1999 4 582.pdf"
,"CLJ_1999_4_589","CLJ 1999 4 589.pdf"
,"CLJ_1999_4_59","CLJ 1999 4 59.pdf"
,"CLJ_1999_4_597","CLJ 1999 4 597.pdf"
,"CLJ_1999_4_601","CLJ 1999 4 601.pdf"
,"CLJ_1999_4_620","CLJ 1999 4 620.pdf"
,"CLJ_1999_4_65","CLJ 1999 4 65.pdf"
,"CLJ_1999_4_651","CLJ 1999 4 651.pdf"
,"CLJ_1999_4_665","CLJ 1999 4 665.pdf"
,"CLJ_1999_4_691","CLJ 1999 4 691.pdf"
,"CLJ_1999_4_697","CLJ 1999 4 697.pdf"
,"CLJ_1999_4_701","CLJ 1999 4 701.pdf"
,"CLJ_1999_4_709","CLJ 1999 4 709.pdf"
,"CLJ_1999_4_714","CLJ 1999 4 714.pdf"
,"CLJ_1999_4_721","CLJ 1999 4 721.pdf"
,"CLJ_1999_4_726","CLJ 1999 4 726.pdf"
,"CLJ_1999_4_734","CLJ 1999 4 734.pdf"
,"CLJ_1999_4_744","CLJ 1999 4 744.pdf"
,"CLJ_1999_4_748","CLJ 1999 4 748.pdf"
,"CLJ_1999_4_754","CLJ 1999 4 754.pdf"
,"CLJ_1999_4_759","CLJ 1999 4 759.pdf"
,"CLJ_1999_4_765","CLJ 1999 4 765.pdf"
,"CLJ_1999_4_777","CLJ 1999 4 777.pdf"
,"CLJ_1999_4_784","CLJ 1999 4 784.pdf"
,"CLJ_1999_4_804","CLJ 1999 4 804.pdf"
,"CLJ_1999_4_823","CLJ 1999 4 823.pdf"
,"CLJ_1999_4_827","CLJ 1999 4 827.pdf"
clj_1999_5,"CLJ_1999_5_1","CLJ 1999 5 1.pdf","Current Law Journal, 1999, Volume 5",[1999],texts,opensource
,"CLJ_1999_5_11","CLJ 1999 5 11.pdf"
,"CLJ_1999_5_112","CLJ 1999 5 112.pdf"
,"CLJ_1999_5_123","CLJ 1999 5 123.pdf"
,"CLJ_1999_5_131","CLJ 1999 5 131.pdf"
,"CLJ_1999_5_139","CLJ 1999 5 139.pdf"
,"CLJ_1999_5_145","CLJ 1999 5 145.pdf"
,"CLJ_1999_5_156","CLJ 1999 5 156.pdf"
,"CLJ_1999_5_16","CLJ 1999 5 16.pdf"
,"CLJ_1999_5_171","CLJ 1999 5 171.pdf"
,"CLJ_1999_5_183","CLJ 1999 5 183.pdf"
,"CLJ_1999_5_201","CLJ 1999 5 201.pdf"
,"CLJ_1999_5_226","CLJ 1999 5 226.pdf"
,"CLJ_1999_5_23","CLJ 1999 5 23.pdf"
,"CLJ_1999_5_234","CLJ 1999 5 234.pdf"
,"CLJ_1999_5_247","CLJ 1999 5 247.pdf"
,"CLJ_1999_5_250","CLJ 1999 5 250.pdf"
,"CLJ_1999_5_253","CLJ 1999 5 253.pdf"
,"CLJ_1999_5_275","CLJ 1999 5 275.pdf"
,"CLJ_1999_5_283","CLJ 1999 5 283.pdf"
,"CLJ_1999_5_294","CLJ 1999 5 294.pdf"
,"CLJ_1999_5_302","CLJ 1999 5 302.pdf"
,"CLJ_1999_5_31","CLJ 1999 5 31.pdf"
,"CLJ_1999_5_331","CLJ 1999 5 331.pdf"
,"CLJ_1999_5_335","CLJ 1999 5 335.pdf"
,"CLJ_1999_5_376","CLJ 1999 5 376.pdf"
,"CLJ_1999_5_386","CLJ 1999 5 386.pdf"
,"CLJ_1999_5_396","CLJ 1999 5 396.pdf"
,"CLJ_1999_5_405","CLJ 1999 5 405.pdf"
,"CLJ_1999_5_417","CLJ 1999 5 417.pdf"
,"CLJ_1999_5_426","CLJ 1999 5 426.pdf"
,"CLJ_1999_5_458","CLJ 1999 5 458.pdf"
,"CLJ_1999_5_467","CLJ 1999 5 467.pdf"
,"CLJ_1999_5_474","CLJ 1999 5 474.pdf"
,"CLJ_1999_5_481","CLJ 1999 5 481.pdf"
,"CLJ_1999_5_489","CLJ 1999 5 489.pdf"
,"CLJ_1999_5_499","CLJ 1999 5 499.pdf"
,"CLJ_1999_5_503","CLJ 1999 5 503.pdf"
,"CLJ_1999_5_510","CLJ 1999 5 510.pdf"
,"CLJ_1999_5_521","CLJ 1999 5 521.pdf"
,"CLJ_1999_5_529","CLJ 1999 5 529.pdf"
,"CLJ_1999_5_539","CLJ 1999 5 539.pdf"
,"CLJ_1999_5_54","CLJ 1999 5 54.pdf"
,"CLJ_1999_5_549","CLJ 1999 5 549.pdf"
,"CLJ_1999_5_555","CLJ 1999 5 555.pdf"
,"CLJ_1999_5_565","CLJ 1999 5 565.pdf"
,"CLJ_1999_5_576","CLJ 1999 5 576.pdf"
,"CLJ_1999_5_582","CLJ 1999 5 582.pdf"
,"CLJ_1999_5_591","CLJ 1999 5 591.pdf"
,"CLJ_1999_5_595","CLJ 1999 5 595.pdf"
,"CLJ_1999_5_599","CLJ 1999 5 599.pdf"
,"CLJ_1999_5_605","CLJ 1999 5 605.pdf"
,"CLJ_1999_5_610","CLJ 1999 5 610.pdf"
,"CLJ_1999_5_620","CLJ 1999 5 620.pdf"
,"CLJ_1999_5_69","CLJ 1999 5 69.pdf"
,"CLJ_1999_5_85","CLJ 1999 5 85.pdf"
,"CLJ_1999_5_99","CLJ 1999 5 99.pdf"
clj_1999_6,"CLJ_1999_6_1","CLJ 1999 6 1.pdf","Current Law Journal, 1999, Volume 6",[1999],texts,opensource
,"CLJ_1999_6_100","CLJ 1999 6 100.pdf"
,"CLJ_1999_6_109","CLJ 1999 6 109.pdf"
,"CLJ_1999_6_113","CLJ 1999 6 113.pdf"
,"CLJ_1999_6_135","CLJ 1999 6 135.pdf"
,"CLJ_1999_6_15","CLJ 1999 6 15.pdf"
,"CLJ_1999_6_168","CLJ 1999 6 168.pdf"
,"CLJ_1999_6_173","CLJ 1999 6 173.pdf"
,"CLJ_1999_6_177","CLJ 1999 6 177.pdf"
,"CLJ_1999_6_191","CLJ 1999 6 191.pdf"
,"CLJ_1999_6_197","CLJ 1999 6 197.pdf"
,"CLJ_1999_6_213","CLJ 1999 6 213.pdf"
,"CLJ_1999_6_221","CLJ 1999 6 221.pdf"
,"CLJ_1999_6_23","CLJ 1999 6 23.pdf"
,"CLJ_1999_6_234","CLJ 1999 6 234.pdf"
,"CLJ_1999_6_241","CLJ 1999 6 241.pdf"
,"CLJ_1999_6_252","CLJ 1999 6 252.pdf"
,"CLJ_1999_6_258","CLJ 1999 6 258.pdf"
,"CLJ_1999_6_262","CLJ 1999 6 262.pdf"
,"CLJ_1999_6_275","CLJ 1999 6 275.pdf"
,"CLJ_1999_6_301","CLJ 1999 6 301.pdf"
,"CLJ_1999_6_308","CLJ 1999 6 308.pdf"
,"CLJ_1999_6_317","CLJ 1999 6 317.pdf"
,"CLJ_1999_6_332","CLJ 1999 6 332.pdf"
,"CLJ_1999_6_348","CLJ 1999 6 348.pdf"
,"CLJ_1999_6_381","CLJ 1999 6 381.pdf"
,"CLJ_1999_6_397","CLJ 1999 6 397.pdf"
,"CLJ_1999_6_405","CLJ 1999 6 405.pdf"
,"CLJ_1999_6_412","CLJ 1999 6 412.pdf"
,"CLJ_1999_6_452","CLJ 1999 6 452.pdf"
,"CLJ_1999_6_466","CLJ 1999 6 466.pdf"
,"CLJ_1999_6_473","CLJ 1999 6 473.pdf"
,"CLJ_1999_6_477","CLJ 1999 6 477.pdf"
,"CLJ_1999_6_487","CLJ 1999 6 487.pdf"
,"CLJ_1999_6_513","CLJ 1999 6 513.pdf"
,"CLJ_1999_6_523","CLJ 1999 6 523.pdf"
,"CLJ_1999_6_526","CLJ 1999 6 526.pdf"
,"CLJ_1999_6_550","CLJ 1999 6 550.pdf"
,"CLJ_1999_6_569","CLJ 1999 6 569.pdf"
,"CLJ_1999_6_574","CLJ 1999 6 574.pdf"
,"CLJ_1999_6_578","CLJ 1999 6 578.pdf"
,"CLJ_1999_6_583","CLJ 1999 6 583.pdf"
,"CLJ_1999_6_590","CLJ 1999 6 590.pdf"
,"CLJ_1999_6_62","CLJ 1999 6 62.pdf"
,"CLJ_1999_6_626","CLJ 1999 6 626.pdf"
,"CLJ_1999_6_630","CLJ 1999 6 630.pdf"
,"CLJ_1999_6_7","CLJ 1999 6 7.pdf"
,"CLJ_1999_6_73","CLJ 1999 6 73.pdf"
,"CLJ_1999_6_83","CLJ 1999 6 83.pdf"
,"CLJ_1999_6_91","CLJ 1999 6 91.pdf"
clj_1999_7,"CLJ_1999_7_1","CLJ 1999 7 1.pdf","Current Law Journal, 1999, Volume 7",[1999],texts,opensource
,"CLJ_1999_7_110","CLJ 1999 7 110.pdf"
,"CLJ_1999_7_115","CLJ 1999 7 115.pdf"
,"CLJ_1999_7_119","CLJ 1999 7 119.pdf"
,"CLJ_1999_7_123","CLJ 1999 7 123.pdf"
,"CLJ_1999_7_127","CLJ 1999 7 127.pdf"
,"CLJ_1999_7_131","CLJ 1999 7 131.pdf"
,"CLJ_1999_7_135","CLJ 1999 7 135.pdf"
,"CLJ_1999_7_146","CLJ 1999 7 146.pdf"
,"CLJ_1999_7_153","CLJ 1999 7 153.pdf"
,"CLJ_1999_7_172","CLJ 1999 7 172.pdf"
,"CLJ_1999_7_178","CLJ 1999 7 178.pdf"
,"CLJ_1999_7_182","CLJ 1999 7 182.pdf"
,"CLJ_1999_7_195","CLJ 1999 7 195.pdf"
,"CLJ_1999_7_208","CLJ 1999 7 208.pdf"
,"CLJ_1999_7_213","CLJ 1999 7 213.pdf"
,"CLJ_1999_7_23","CLJ 1999 7 23.pdf"
,"CLJ_1999_7_277","CLJ 1999 7 277.pdf"
,"CLJ_1999_7_288","CLJ 1999 7 288.pdf"
,"CLJ_1999_7_300","CLJ 1999 7 300.pdf"
,"CLJ_1999_7_309","CLJ 1999 7 309.pdf"
,"CLJ_1999_7_317","CLJ 1999 7 317.pdf"
,"CLJ_1999_7_32","CLJ 1999 7 32.pdf"
,"CLJ_1999_7_322","CLJ 1999 7 322.pdf"
,"CLJ_1999_7_328","CLJ 1999 7 328.pdf"
,"CLJ_1999_7_337","CLJ 1999 7 337.pdf"
,"CLJ_1999_7_340","CLJ 1999 7 340.pdf"
,"CLJ_1999_7_358","CLJ 1999 7 358.pdf"
,"CLJ_1999_7_372","CLJ 1999 7 372.pdf"
,"CLJ_1999_7_380","CLJ 1999 7 380.pdf"
,"CLJ_1999_7_385","CLJ 1999 7 385.pdf"
,"CLJ_1999_7_392","CLJ 1999 7 392.pdf"
,"CLJ_1999_7_421","CLJ 1999 7 421.pdf"
,"CLJ_1999_7_424","CLJ 1999 7 424.pdf"
,"CLJ_1999_7_432","CLJ 1999 7 432.pdf"
,"CLJ_1999_7_437","CLJ 1999 7 437.pdf"
,"CLJ_1999_7_44","CLJ 1999 7 44.pdf"
,"CLJ_1999_7_443","CLJ 1999 7 443.pdf"
,"CLJ_1999_7_450","CLJ 1999 7 450.pdf"
,"CLJ_1999_7_459","CLJ 1999 7 459.pdf"
,"CLJ_1999_7_464","CLJ 1999 7 464.pdf"
,"CLJ_1999_7_481","CLJ 1999 7 481.pdf"
,"CLJ_1999_7_492","CLJ 1999 7 492.pdf"
,"CLJ_1999_7_499","CLJ 1999 7 499.pdf"
,"CLJ_1999_7_510","CLJ 1999 7 510.pdf"
,"CLJ_1999_7_514","CLJ 1999 7 514.pdf"
,"CLJ_1999_7_537","CLJ 1999 7 537.pdf"
,"CLJ_1999_7_547","CLJ 1999 7 547.pdf"
,"CLJ_1999_7_551","CLJ 1999 7 551.pdf"
,"CLJ_1999_7_558","CLJ 1999 7 558.pdf"
,"CLJ_1999_7_569","CLJ 1999 7 569.pdf"
,"CLJ_1999_7_585","CLJ 1999 7 585.pdf"
,"CLJ_1999_7_596","CLJ 1999 7 596.pdf"
,"CLJ_1999_7_603","CLJ 1999 7 603.pdf"
,"CLJ_1999_7_73","CLJ 1999 7 73.pdf"
,"CLJ_1999_7_78","CLJ 1999 7 78.pdf"
,"CLJ_1999_7_86","CLJ 1999 7 86.pdf"
,"CLJ_1999_7_91","CLJ 1999 7 91.pdf"
,"CLJ_1999_7_95","CLJ 1999 7 95.pdf"
clj_1999_8,"CLJ_1999_8_1","CLJ 1999 8 1.pdf","Current Law Journal, 1999, Volume 8",[1999],texts,opensource
,"CLJ_1999_8_11","CLJ 1999 8 11.pdf"
,"CLJ_1999_8_131","CLJ 1999 8 131.pdf"
,"CLJ_1999_8_160","CLJ 1999 8 160.pdf"
,"CLJ_1999_8_166","CLJ 1999 8 166.pdf"
,"CLJ_1999_8_179","CLJ 1999 8 179.pdf"
,"CLJ_1999_8_184","CLJ 1999 8 184.pdf"
,"CLJ_1999_8_218","CLJ 1999 8 218.pdf"
,"CLJ_1999_8_23","CLJ 1999 8 23.pdf"
,"CLJ_1999_8_243","CLJ 1999 8 243.pdf"
,"CLJ_1999_8_268","CLJ 1999 8 268.pdf"
,"CLJ_1999_8_29","CLJ 1999 8 29.pdf"
,"CLJ_1999_8_297","CLJ 1999 8 297.pdf"
,"CLJ_1999_8_309","CLJ 1999 8 309.pdf"
,"CLJ_1999_8_314","CLJ 1999 8 314.pdf"
,"CLJ_1999_8_318","CLJ 1999 8 318.pdf"
,"CLJ_1999_8_331","CLJ 1999 8 331.pdf"
,"CLJ_1999_8_337","CLJ 1999 8 337.pdf"
,"CLJ_1999_8_342","CLJ 1999 8 342.pdf"
,"CLJ_1999_8_356","CLJ 1999 8 356.pdf"
,"CLJ_1999_8_365","CLJ 1999 8 365.pdf"
,"CLJ_1999_8_369","CLJ 1999 8 369.pdf"
,"CLJ_1999_8_37","CLJ 1999 8 37.pdf"
,"CLJ_1999_8_376","CLJ 1999 8 376.pdf"
,"CLJ_1999_8_383","CLJ 1999 8 383.pdf"
,"CLJ_1999_8_394","CLJ 1999 8 394.pdf"
,"CLJ_1999_8_403","CLJ 1999 8 403.pdf"
,"CLJ_1999_8_414","CLJ 1999 8 414.pdf"
,"CLJ_1999_8_430","CLJ 1999 8 430.pdf"
,"CLJ_1999_8_451","CLJ 1999 8 451.pdf"
,"CLJ_1999_8_463","CLJ 1999 8 463.pdf"
,"CLJ_1999_8_485","CLJ 1999 8 485.pdf"
,"CLJ_1999_8_491","CLJ 1999 8 491.pdf"
,"CLJ_1999_8_499","CLJ 1999 8 499.pdf"
,"CLJ_1999_8_514","CLJ 1999 8 514.pdf"
,"CLJ_1999_8_520","CLJ 1999 8 520.pdf"
,"CLJ_1999_8_523","CLJ 1999 8 523.pdf"
,"CLJ_1999_8_527","CLJ 1999 8 527.pdf"
,"CLJ_1999_8_534","CLJ 1999 8 534.pdf"
,"CLJ_1999_8_54","CLJ 1999 8 54.pdf"
,"CLJ_1999_8_544","CLJ 1999 8 544.pdf"
,"CLJ_1999_8_592","CLJ 1999 8 592.pdf"
,"CLJ_1999_8_600","CLJ 1999 8 600.pdf"
,"CLJ_1999_8_614","CLJ 1999 8 614.pdf"
,"CLJ_1999_8_626","CLJ 1999 8 626.pdf"
,"CLJ_1999_8_636","CLJ 1999 8 636.pdf"
,"CLJ_1999_8_641","CLJ 1999 8 641.pdf"
,"CLJ_1999_8_651","CLJ 1999 8 651.pdf"
,"CLJ_1999_8_67","CLJ 1999 8 67.pdf"
,"CLJ_1999_8_74","CLJ 1999 8 74.pdf"
,"CLJ_1999_8_79","CLJ 1999 8 79.pdf"
,"CLJ_1999_8_86","CLJ 1999 8 86.pdf"
,"CLJ_1999_8_94","CLJ 1999 8 94.pdf"
,"CLJ_1999_8_98","CLJ 1999 8 98.pdf"
clj_2000_1,"CLJ_2000_1_1","CLJ 2000 1 1.pdf","Current Law Journal, 2000, Volume 1",[2000],texts,opensource
,"CLJ_2000_1_105","CLJ 2000 1 105.pdf"
,"CLJ_2000_1_117","CLJ 2000 1 117.pdf"
,"CLJ_2000_1_125","CLJ 2000 1 125.pdf"
,"CLJ_2000_1_136","CLJ 2000 1 136.pdf"
,"CLJ_2000_1_147","CLJ 2000 1 147.pdf"
,"CLJ_2000_1_154","CLJ 2000 1 154.pdf"
,"CLJ_2000_1_180","CLJ 2000 1 180.pdf"
,"CLJ_2000_1_19","CLJ 2000 1 19.pdf"
,"CLJ_2000_1_195","CLJ 2000 1 195.pdf"
,"CLJ_2000_1_206","CLJ 2000 1 206.pdf"
,"CLJ_2000_1_213","CLJ 2000 1 213.pdf"
,"CLJ_2000_1_217","CLJ 2000 1 217.pdf"
,"CLJ_2000_1_224","CLJ 2000 1 224.pdf"
,"CLJ_2000_1_229","CLJ 2000 1 229.pdf"
,"CLJ_2000_1_234","CLJ 2000 1 234.pdf"
,"CLJ_2000_1_243","CLJ 2000 1 243.pdf"
,"CLJ_2000_1_269","CLJ 2000 1 269.pdf"
,"CLJ_2000_1_27","CLJ 2000 1 27.pdf"
,"CLJ_2000_1_281","CLJ 2000 1 281.pdf"
,"CLJ_2000_1_289","CLJ 2000 1 289.pdf"
,"CLJ_2000_1_311","CLJ 2000 1 311.pdf"
,"CLJ_2000_1_320","CLJ 2000 1 320.pdf"
,"CLJ_2000_1_333","CLJ 2000 1 333.pdf"
,"CLJ_2000_1_341","CLJ 2000 1 341.pdf"
,"CLJ_2000_1_346","CLJ 2000 1 346.pdf"
,"CLJ_2000_1_36","CLJ 2000 1 36.pdf"
,"CLJ_2000_1_369","CLJ 2000 1 369.pdf"
,"CLJ_2000_1_393","CLJ 2000 1 393.pdf"
,"CLJ_2000_1_413","CLJ 2000 1 413.pdf"
,"CLJ_2000_1_42","CLJ 2000 1 42.pdf"
,"CLJ_2000_1_433","CLJ 2000 1 433.pdf"
,"CLJ_2000_1_439","CLJ 2000 1 439.pdf"
,"CLJ_2000_1_446","CLJ 2000 1 446.pdf"
,"CLJ_2000_1_492","CLJ 2000 1 492.pdf"
,"CLJ_2000_1_497","CLJ 2000 1 497.pdf"
,"CLJ_2000_1_503","CLJ 2000 1 503.pdf"
,"CLJ_2000_1_511","CLJ 2000 1 511.pdf"
,"CLJ_2000_1_518","CLJ 2000 1 518.pdf"
,"CLJ_2000_1_52","CLJ 2000 1 52.pdf"
,"CLJ_2000_1_530","CLJ 2000 1 530.pdf"
,"CLJ_2000_1_542","CLJ 2000 1 542.pdf"
,"CLJ_2000_1_546","CLJ 2000 1 546.pdf"
,"CLJ_2000_1_553","CLJ 2000 1 553.pdf"
,"CLJ_2000_1_568","CLJ 2000 1 568.pdf"
,"CLJ_2000_1_57","CLJ 2000 1 57.pdf"
,"CLJ_2000_1_572","CLJ 2000 1 572.pdf"
,"CLJ_2000_1_581","CLJ 2000 1 581.pdf"
,"CLJ_2000_1_584","CLJ 2000 1 584.pdf"
,"CLJ_2000_1_593","CLJ 2000 1 593.pdf"
,"CLJ_2000_1_598","CLJ 2000 1 598.pdf"
,"CLJ_2000_1_605","CLJ 2000 1 605.pdf"
,"CLJ_2000_1_625","CLJ 2000 1 625.pdf"
,"CLJ_2000_1_657","CLJ 2000 1 657.pdf"
,"CLJ_2000_1_667","CLJ 2000 1 667.pdf"
,"CLJ_2000_1_677","CLJ 2000 1 677.pdf"
,"CLJ_2000_1_681","CLJ 2000 1 681.pdf"
,"CLJ_2000_1_695","CLJ 2000 1 695.pdf"
,"CLJ_2000_1_7","CLJ 2000 1 7.pdf"
,"CLJ_2000_1_702","CLJ 2000 1 702.pdf"
,"CLJ_2000_1_71","CLJ 2000 1 71.pdf"
,"CLJ_2000_1_715","CLJ 2000 1 715.pdf"
,"CLJ_2000_1_727","CLJ 2000 1 727.pdf"
,"CLJ_2000_1_733","CLJ 2000 1 733.pdf"
,"CLJ_2000_1_745","CLJ 2000 1 745.pdf"
,"CLJ_2000_1_759","CLJ 2000 1 759.pdf"
,"CLJ_2000_1_766","CLJ 2000 1 766.pdf"
,"CLJ_2000_1_781","CLJ 2000 1 781.pdf"
,"CLJ_2000_1_795","CLJ 2000 1 795.pdf"
,"CLJ_2000_1_800","CLJ 2000 1 800.pdf"
,"CLJ_2000_1_86","CLJ 2000 1 86.pdf"
clj_2000_2,"CLJ_2000_2_1","CLJ 2000 2 1.pdf","Current Law Journal, 2000, Volume 2",[2000],texts,opensource
,"CLJ_2000_2_117","CLJ 2000 2 117.pdf"
,"CLJ_2000_2_125","CLJ 2000 2 125.pdf"
,"CLJ_2000_2_13","CLJ 2000 2 13.pdf"
,"CLJ_2000_2_132","CLJ 2000 2 132.pdf"
,"CLJ_2000_2_149","CLJ 2000 2 149.pdf"
,"CLJ_2000_2_160","CLJ 2000 2 160.pdf"
,"CLJ_2000_2_167","CLJ 2000 2 167.pdf"
,"CLJ_2000_2_186","CLJ 2000 2 186.pdf"
,"CLJ_2000_2_19","CLJ 2000 2 19.pdf"
,"CLJ_2000_2_197","CLJ 2000 2 197.pdf"
,"CLJ_2000_2_230","CLJ 2000 2 230.pdf"
,"CLJ_2000_2_236","CLJ 2000 2 236.pdf"
,"CLJ_2000_2_244","CLJ 2000 2 244.pdf"
,"CLJ_2000_2_251","CLJ 2000 2 251.pdf"
,"CLJ_2000_2_256","CLJ 2000 2 256.pdf"
,"CLJ_2000_2_26","CLJ 2000 2 26.pdf"
,"CLJ_2000_2_277","CLJ 2000 2 277.pdf"
,"CLJ_2000_2_307","CLJ 2000 2 307.pdf"
,"CLJ_2000_2_311","CLJ 2000 2 311.pdf"
,"CLJ_2000_2_359","CLJ 2000 2 359.pdf"
,"CLJ_2000_2_377","CLJ 2000 2 377.pdf"
,"CLJ_2000_2_389","CLJ 2000 2 389.pdf"
,"CLJ_2000_2_402","CLJ 2000 2 402.pdf"
,"CLJ_2000_2_41","CLJ 2000 2 41.pdf"
,"CLJ_2000_2_412","CLJ 2000 2 412.pdf"
,"CLJ_2000_2_433","CLJ 2000 2 433.pdf"
,"CLJ_2000_2_449","CLJ 2000 2 449.pdf"
,"CLJ_2000_2_457","CLJ 2000 2 457.pdf"
,"CLJ_2000_2_473","CLJ 2000 2 473.pdf"
,"CLJ_2000_2_48","CLJ 2000 2 48.pdf"
,"CLJ_2000_2_481","CLJ 2000 2 481.pdf"
,"CLJ_2000_2_501","CLJ 2000 2 501.pdf"
,"CLJ_2000_2_525","CLJ 2000 2 525.pdf"
,"CLJ_2000_2_529","CLJ 2000 2 529.pdf"
,"CLJ_2000_2_535","CLJ 2000 2 535.pdf"
,"CLJ_2000_2_541","CLJ 2000 2 541.pdf"
,"CLJ_2000_2_57","CLJ 2000 2 57.pdf"
,"CLJ_2000_2_570","CLJ 2000 2 570.pdf"
,"CLJ_2000_2_573","CLJ 2000 2 573.pdf"
,"CLJ_2000_2_587","CLJ 2000 2 587.pdf"
,"CLJ_2000_2_592","CLJ 2000 2 592.pdf"
,"CLJ_2000_2_597","CLJ 2000 2 597.pdf"
,"CLJ_2000_2_601","CLJ 2000 2 601.pdf"
,"CLJ_2000_2_61","CLJ 2000 2 61.pdf"
,"CLJ_2000_2_611","CLJ 2000 2 611.pdf"
,"CLJ_2000_2_625","CLJ 2000 2 625.pdf"
,"CLJ_2000_2_632","CLJ 2000 2 632.pdf"
,"CLJ_2000_2_642","CLJ 2000 2 642.pdf"
,"CLJ_2000_2_650","CLJ 2000 2 650.pdf"
,"CLJ_2000_2_655","CLJ 2000 2 655.pdf"
,"CLJ_2000_2_664","CLJ 2000 2 664.pdf"
,"CLJ_2000_2_679","CLJ 2000 2 679.pdf"
,"CLJ_2000_2_689","CLJ 2000 2 689.pdf"
,"CLJ_2000_2_695","CLJ 2000 2 695.pdf"
,"CLJ_2000_2_73","CLJ 2000 2 73.pdf"
,"CLJ_2000_2_737","CLJ 2000 2 737.pdf"
,"CLJ_2000_2_744","CLJ 2000 2 744.pdf"
,"CLJ_2000_2_753","CLJ 2000 2 753.pdf"
,"CLJ_2000_2_761","CLJ 2000 2 761.pdf"
,"CLJ_2000_2_776","CLJ 2000 2 776.pdf"
,"CLJ_2000_2_788","CLJ 2000 2 788.pdf"
,"CLJ_2000_2_797","CLJ 2000 2 797.pdf"
,"CLJ_2000_2_805","CLJ 2000 2 805.pdf"
,"CLJ_2000_2_814","CLJ 2000 2 814.pdf"
,"CLJ_2000_2_822","CLJ 2000 2 822.pdf"
,"CLJ_2000_2_833","CLJ 2000 2 833.pdf"
,"CLJ_2000_2_906","CLJ 2000 2 906.pdf"
,"CLJ_2000_2_92","CLJ 2000 2 92.pdf"
,"CLJ_2000_2_98","CLJ 2000 2 98.pdf"
clj_2000_3,"CLJ_2000_3_1","CLJ 2000 3 1.pdf","Current Law Journal, 2000, Volume 3",[2000],texts,opensource
,"CLJ_2000_3_104","CLJ 2000 3 104.pdf"
,"CLJ_2000_3_119","CLJ 2000 3 119.pdf"
,"CLJ_2000_3_127","CLJ 2000 3 127.pdf"
,"CLJ_2000_3_133","CLJ 2000 3 133.pdf"
,"CLJ_2000_3_141","CLJ 2000 3 141.pdf"
,"CLJ_2000_3_151","CLJ 2000 3 151.pdf"
,"CLJ_2000_3_16","CLJ 2000 3 16.pdf"
,"CLJ_2000_3_162","CLJ 2000 3 162.pdf"
,"CLJ_2000_3_171","CLJ 2000 3 171.pdf"
,"CLJ_2000_3_175","CLJ 2000 3 175.pdf"
,"CLJ_2000_3_213","CLJ 2000 3 213.pdf"
,"CLJ_2000_3_224","CLJ 2000 3 224.pdf"
,"CLJ_2000_3_250","CLJ 2000 3 250.pdf"
,"CLJ_2000_3_264","CLJ 2000 3 264.pdf"
,"CLJ_2000_3_271","CLJ 2000 3 271.pdf"
,"CLJ_2000_3_28","CLJ 2000 3 28.pdf"
,"CLJ_2000_3_282","CLJ 2000 3 282.pdf"
,"CLJ_2000_3_289","CLJ 2000 3 289.pdf"
,"CLJ_2000_3_293","CLJ 2000 3 293.pdf"
,"CLJ_2000_3_297","CLJ 2000 3 297.pdf"
,"CLJ_2000_3_302","CLJ 2000 3 302.pdf"
,"CLJ_2000_3_306","CLJ 2000 3 306.pdf"
,"CLJ_2000_3_310","CLJ 2000 3 310.pdf"
,"CLJ_2000_3_313","CLJ 2000 3 313.pdf"
,"CLJ_2000_3_318","CLJ 2000 3 318.pdf"
,"CLJ_2000_3_325","CLJ 2000 3 325.pdf"
,"CLJ_2000_3_334","CLJ 2000 3 334.pdf"
,"CLJ_2000_3_341","CLJ 2000 3 341.pdf"
,"CLJ_2000_3_354","CLJ 2000 3 354.pdf"
,"CLJ_2000_3_361","CLJ 2000 3 361.pdf"
,"CLJ_2000_3_375","CLJ 2000 3 375.pdf"
,"CLJ_2000_3_405","CLJ 2000 3 405.pdf"
,"CLJ_2000_3_409","CLJ 2000 3 409.pdf"
,"CLJ_2000_3_427","CLJ 2000 3 427.pdf"
,"CLJ_2000_3_430","CLJ 2000 3 430.pdf"
,"CLJ_2000_3_433","CLJ 2000 3 433.pdf"
,"CLJ_2000_3_443","CLJ 2000 3 443.pdf"
,"CLJ_2000_3_460","CLJ 2000 3 460.pdf"
,"CLJ_2000_3_473","CLJ 2000 3 473.pdf"
,"CLJ_2000_3_503","CLJ 2000 3 503.pdf"
,"CLJ_2000_3_515","CLJ 2000 3 515.pdf"
,"CLJ_2000_3_519","CLJ 2000 3 519.pdf"
,"CLJ_2000_3_532","CLJ 2000 3 532.pdf"
,"CLJ_2000_3_553","CLJ 2000 3 553.pdf"
,"CLJ_2000_3_560","CLJ 2000 3 560.pdf"
,"CLJ_2000_3_564","CLJ 2000 3 564.pdf"
,"CLJ_2000_3_569","CLJ 2000 3 569.pdf"
,"CLJ_2000_3_581","CLJ 2000 3 581.pdf"
,"CLJ_2000_3_596","CLJ 2000 3 596.pdf"
,"CLJ_2000_3_625","CLJ 2000 3 625.pdf"
,"CLJ_2000_3_639","CLJ 2000 3 639.pdf"
,"CLJ_2000_3_647","CLJ 2000 3 647.pdf"
,"CLJ_2000_3_653","CLJ 2000 3 653.pdf"
,"CLJ_2000_3_659","CLJ 2000 3 659.pdf"
,"CLJ_2000_3_666","CLJ 2000 3 666.pdf"
,"CLJ_2000_3_683","CLJ 2000 3 683.pdf"
,"CLJ_2000_3_697","CLJ 2000 3 697.pdf"
,"CLJ_2000_3_705","CLJ 2000 3 705.pdf"
,"CLJ_2000_3_719","CLJ 2000 3 719.pdf"
,"CLJ_2000_3_728","CLJ 2000 3 728.pdf"
,"CLJ_2000_3_739","CLJ 2000 3 739.pdf"
,"CLJ_2000_3_751","CLJ 2000 3 751.pdf"
,"CLJ_2000_3_758","CLJ 2000 3 758.pdf"
,"CLJ_2000_3_769","CLJ 2000 3 769.pdf"
,"CLJ_2000_3_789","CLJ 2000 3 789.pdf"
,"CLJ_2000_3_797","CLJ 2000 3 797.pdf"
,"CLJ_2000_3_8","CLJ 2000 3 8.pdf"
,"CLJ_2000_3_808","CLJ 2000 3 808.pdf"
,"CLJ_2000_3_81","CLJ 2000 3 81.pdf"
,"CLJ_2000_3_811","CLJ 2000 3 811.pdf"
,"CLJ_2000_3_832","CLJ 2000 3 832.pdf"
,"CLJ_2000_3_841","CLJ 2000 3 841.pdf"
,"CLJ_2000_3_99","CLJ 2000 3 99.pdf"
clj_2000_4,"CLJ_2000_4_1","CLJ 2000 4 1.pdf","Current Law Journal, 2000, Volume 4",[2000],texts,opensource
,"CLJ_2000_4_104","CLJ 2000 4 104.pdf"
,"CLJ_2000_4_116","CLJ 2000 4 116.pdf"
,"CLJ_2000_4_127","CLJ 2000 4 127.pdf"
,"CLJ_2000_4_144","CLJ 2000 4 144.pdf"
,"CLJ_2000_4_15","CLJ 2000 4 15.pdf"
,"CLJ_2000_4_152","CLJ 2000 4 152.pdf"
,"CLJ_2000_4_165","CLJ 2000 4 165.pdf"
,"CLJ_2000_4_168","CLJ 2000 4 168.pdf"
,"CLJ_2000_4_184","CLJ 2000 4 184.pdf"
,"CLJ_2000_4_189","CLJ 2000 4 189.pdf"
,"CLJ_2000_4_217","CLJ 2000 4 217.pdf"
,"CLJ_2000_4_223","CLJ 2000 4 223.pdf"
,"CLJ_2000_4_233","CLJ 2000 4 233.pdf"
,"CLJ_2000_4_245","CLJ 2000 4 245.pdf"
,"CLJ_2000_4_264","CLJ 2000 4 264.pdf"
,"CLJ_2000_4_273","CLJ 2000 4 273.pdf"
,"CLJ_2000_4_281","CLJ 2000 4 281.pdf"
,"CLJ_2000_4_289","CLJ 2000 4 289.pdf"
,"CLJ_2000_4_296","CLJ 2000 4 296.pdf"
,"CLJ_2000_4_305","CLJ 2000 4 305.pdf"
,"CLJ_2000_4_319","CLJ 2000 4 319.pdf"
,"CLJ_2000_4_324","CLJ 2000 4 324.pdf"
,"CLJ_2000_4_334","CLJ 2000 4 334.pdf"
,"CLJ_2000_4_343","CLJ 2000 4 343.pdf"
,"CLJ_2000_4_353","CLJ 2000 4 353.pdf"
,"CLJ_2000_4_359","CLJ 2000 4 359.pdf"
,"CLJ_2000_4_369","CLJ 2000 4 369.pdf"
,"CLJ_2000_4_375","CLJ 2000 4 375.pdf"
,"CLJ_2000_4_380","CLJ 2000 4 380.pdf"
,"CLJ_2000_4_387","CLJ 2000 4 387.pdf"
,"CLJ_2000_4_398","CLJ 2000 4 398.pdf"
,"CLJ_2000_4_421","CLJ 2000 4 421.pdf"
,"CLJ_2000_4_437","CLJ 2000 4 437.pdf"
,"CLJ_2000_4_453","CLJ 2000 4 453.pdf"
,"CLJ_2000_4_457","CLJ 2000 4 457.pdf"
,"CLJ_2000_4_46","CLJ 2000 4 46.pdf"
,"CLJ_2000_4_464","CLJ 2000 4 464.pdf"
,"CLJ_2000_4_482","CLJ 2000 4 482.pdf"
,"CLJ_2000_4_487","CLJ 2000 4 487.pdf"
,"CLJ_2000_4_492","CLJ 2000 4 492.pdf"
,"CLJ_2000_4_501","CLJ 2000 4 501.pdf"
,"CLJ_2000_4_508","CLJ 2000 4 508.pdf"
,"CLJ_2000_4_603","CLJ 2000 4 603.pdf"
,"CLJ_2000_4_617","CLJ 2000 4 617.pdf"
,"CLJ_2000_4_621","CLJ 2000 4 621.pdf"
,"CLJ_2000_4_629","CLJ 2000 4 629.pdf"
,"CLJ_2000_4_634","CLJ 2000 4 634.pdf"
,"CLJ_2000_4_649","CLJ 2000 4 649.pdf"
,"CLJ_2000_4_68","CLJ 2000 4 68.pdf"
,"CLJ_2000_4_685","CLJ 2000 4 685.pdf"
,"CLJ_2000_4_693","CLJ 2000 4 693.pdf"
,"CLJ_2000_4_709","CLJ 2000 4 709.pdf"
,"CLJ_2000_4_719","CLJ 2000 4 719.pdf"
,"CLJ_2000_4_72","CLJ 2000 4 72.pdf"
,"CLJ_2000_4_725","CLJ 2000 4 725.pdf"
,"CLJ_2000_4_733","CLJ 2000 4 733.pdf"
,"CLJ_2000_4_77","CLJ 2000 4 77.pdf"
,"CLJ_2000_4_778","CLJ 2000 4 778.pdf"
,"CLJ_2000_4_785","CLJ 2000 4 785.pdf"
,"CLJ_2000_4_793","CLJ 2000 4 793.pdf"
,"CLJ_2000_4_8","CLJ 2000 4 8.pdf"
,"CLJ_2000_4_811","CLJ 2000 4 811.pdf"
,"CLJ_2000_4_825","CLJ 2000 4 825.pdf"
,"CLJ_2000_4_830","CLJ 2000 4 830.pdf"
,"CLJ_2000_4_840","CLJ 2000 4 840.pdf"
,"CLJ_2000_4_847","CLJ 2000 4 847.pdf"
,"CLJ_2000_4_857","CLJ 2000 4 857.pdf"
,"CLJ_2000_4_870","CLJ 2000 4 870.pdf"
,"CLJ_2000_4_882","CLJ 2000 4 882.pdf"
,"CLJ_2000_4_888","CLJ 2000 4 888.pdf"
,"CLJ_2000_4_898","CLJ 2000 4 898.pdf"
,"CLJ_2000_4_93","CLJ 2000 4 93.pdf"
clj_2000_5,"CLJ_2000_5_1","CLJ 2000 5 1.pdf","Current Law Journal, 2000, Volume 5",[2000],texts,opensource
,"CLJ_2000_5_126","CLJ 2000 5 126.pdf"
,"CLJ_2000_5_136","CLJ 2000 5 136.pdf"
,"CLJ_2000_5_15","CLJ 2000 5 15.pdf"
,"CLJ_2000_5_163","CLJ 2000 5 163.pdf"
,"CLJ_2000_5_168","CLJ 2000 5 168.pdf"
,"CLJ_2000_5_175","CLJ 2000 5 175.pdf"
,"CLJ_2000_5_191","CLJ 2000 5 191.pdf"
,"CLJ_2000_5_197","CLJ 2000 5 197.pdf"
,"CLJ_2000_5_21","CLJ 2000 5 21.pdf"
,"CLJ_2000_5_215","CLJ 2000 5 215.pdf"
,"CLJ_2000_5_223","CLJ 2000 5 223.pdf"
,"CLJ_2000_5_229","CLJ 2000 5 229.pdf"
,"CLJ_2000_5_235","CLJ 2000 5 235.pdf"
,"CLJ_2000_5_244","CLJ 2000 5 244.pdf"
,"CLJ_2000_5_253","CLJ 2000 5 253.pdf"
,"CLJ_2000_5_261","CLJ 2000 5 261.pdf"
,"CLJ_2000_5_280","CLJ 2000 5 280.pdf"
,"CLJ_2000_5_288","CLJ 2000 5 288.pdf"
,"CLJ_2000_5_303","CLJ 2000 5 303.pdf"
,"CLJ_2000_5_307","CLJ 2000 5 307.pdf"
,"CLJ_2000_5_31","CLJ 2000 5 31.pdf"
,"CLJ_2000_5_314","CLJ 2000 5 314.pdf"
,"CLJ_2000_5_318","CLJ 2000 5 318.pdf"
,"CLJ_2000_5_326","CLJ 2000 5 326.pdf"
,"CLJ_2000_5_334","CLJ 2000 5 334.pdf"
,"CLJ_2000_5_351","CLJ 2000 5 351.pdf"
,"CLJ_2000_5_362","CLJ 2000 5 362.pdf"
,"CLJ_2000_5_368","CLJ 2000 5 368.pdf"
,"CLJ_2000_5_376","CLJ 2000 5 376.pdf"
,"CLJ_2000_5_379","CLJ 2000 5 379.pdf"
,"CLJ_2000_5_407","CLJ 2000 5 407.pdf"
,"CLJ_2000_5_424","CLJ 2000 5 424.pdf"
,"CLJ_2000_5_435","CLJ 2000 5 435.pdf"
,"CLJ_2000_5_46","CLJ 2000 5 46.pdf"
,"CLJ_2000_5_470","CLJ 2000 5 470.pdf"
,"CLJ_2000_5_475","CLJ 2000 5 475.pdf"
,"CLJ_2000_5_499","CLJ 2000 5 499.pdf"
,"CLJ_2000_5_507","CLJ 2000 5 507.pdf"
,"CLJ_2000_5_52","CLJ 2000 5 52.pdf"
,"CLJ_2000_5_526","CLJ 2000 5 526.pdf"
,"CLJ_2000_5_533","CLJ 2000 5 533.pdf"
,"CLJ_2000_5_559","CLJ 2000 5 559.pdf"
,"CLJ_2000_5_58","CLJ 2000 5 58.pdf"
,"CLJ_2000_5_589","CLJ 2000 5 589.pdf"
,"CLJ_2000_5_594","CLJ 2000 5 594.pdf"
,"CLJ_2000_5_600","CLJ 2000 5 600.pdf"
,"CLJ_2000_5_604","CLJ 2000 5 604.pdf"
,"CLJ_2000_5_614","CLJ 2000 5 614.pdf"
,"CLJ_2000_5_628","CLJ 2000 5 628.pdf"
,"CLJ_2000_5_71","CLJ 2000 5 71.pdf"
,"CLJ_2000_5_98","CLJ 2000 5 98.pdf"
clj_2000_6,"CLJ_2000_6_1","CLJ 2000 6 1.pdf","Current Law Journal, 2000, Volume 6",[2000],texts,opensource
,"CLJ_2000_6_123","CLJ 2000 6 123.pdf"
,"CLJ_2000_6_133","CLJ 2000 6 133.pdf"
,"CLJ_2000_6_15","CLJ 2000 6 15.pdf"
,"CLJ_2000_6_151","CLJ 2000 6 151.pdf"
,"CLJ_2000_6_158","CLJ 2000 6 158.pdf"
,"CLJ_2000_6_163","CLJ 2000 6 163.pdf"
,"CLJ_2000_6_170","CLJ 2000 6 170.pdf"
,"CLJ_2000_6_177","CLJ 2000 6 177.pdf"
,"CLJ_2000_6_184","CLJ 2000 6 184.pdf"
,"CLJ_2000_6_194","CLJ 2000 6 194.pdf"
,"CLJ_2000_6_207","CLJ 2000 6 207.pdf"
,"CLJ_2000_6_21","CLJ 2000 6 21.pdf"
,"CLJ_2000_6_220","CLJ 2000 6 220.pdf"
,"CLJ_2000_6_235","CLJ 2000 6 235.pdf"
,"CLJ_2000_6_241","CLJ 2000 6 241.pdf"
,"CLJ_2000_6_246","CLJ 2000 6 246.pdf"
,"CLJ_2000_6_253","CLJ 2000 6 253.pdf"
,"CLJ_2000_6_257","CLJ 2000 6 257.pdf"
,"CLJ_2000_6_290","CLJ 2000 6 290.pdf"
,"CLJ_2000_6_300","CLJ 2000 6 300.pdf"
,"CLJ_2000_6_305","CLJ 2000 6 305.pdf"
,"CLJ_2000_6_347","CLJ 2000 6 347.pdf"
,"CLJ_2000_6_364","CLJ 2000 6 364.pdf"
,"CLJ_2000_6_369","CLJ 2000 6 369.pdf"
,"CLJ_2000_6_390","CLJ 2000 6 390.pdf"
,"CLJ_2000_6_411","CLJ 2000 6 411.pdf"
,"CLJ_2000_6_423","CLJ 2000 6 423.pdf"
,"CLJ_2000_6_433","CLJ 2000 6 433.pdf"
,"CLJ_2000_6_469","CLJ 2000 6 469.pdf"
,"CLJ_2000_6_478","CLJ 2000 6 478.pdf"
,"CLJ_2000_6_485","CLJ 2000 6 485.pdf"
,"CLJ_2000_6_493","CLJ 2000 6 493.pdf"
,"CLJ_2000_6_507","CLJ 2000 6 507.pdf"
,"CLJ_2000_6_511","CLJ 2000 6 511.pdf"
,"CLJ_2000_6_521","CLJ 2000 6 521.pdf"
,"CLJ_2000_6_548","CLJ 2000 6 548.pdf"
,"CLJ_2000_6_56","CLJ 2000 6 56.pdf"
,"CLJ_2000_6_564","CLJ 2000 6 564.pdf"
,"CLJ_2000_6_63","CLJ 2000 6 63.pdf"
,"CLJ_2000_6_72","CLJ 2000 6 72.pdf"
,"CLJ_2000_6_87","CLJ 2000 6 87.pdf"
,"CLJ_2000_6_92","CLJ 2000 6 92.pdf"
,"CLJ_2000_6_97","CLJ 2000 6 97.pdf"
clj_2000_7,"CLJ_2000_7_1","CLJ 2000 7 1.pdf","Current Law Journal, 2000, Volume 7",[2000],texts,opensource
,"CLJ_2000_7_109","CLJ 2000 7 109.pdf"
,"CLJ_2000_7_137","CLJ 2000 7 137.pdf"
,"CLJ_2000_7_140","CLJ 2000 7 140.pdf"
,"CLJ_2000_7_146","CLJ 2000 7 146.pdf"
,"CLJ_2000_7_151","CLJ 2000 7 151.pdf"
,"CLJ_2000_7_157","CLJ 2000 7 157.pdf"
,"CLJ_2000_7_212","CLJ 2000 7 212.pdf"
,"CLJ_2000_7_216","CLJ 2000 7 216.pdf"
,"CLJ_2000_7_228","CLJ 2000 7 228.pdf"
,"CLJ_2000_7_249","CLJ 2000 7 249.pdf"
,"CLJ_2000_7_259","CLJ 2000 7 259.pdf"
,"CLJ_2000_7_265","CLJ 2000 7 265.pdf"
,"CLJ_2000_7_280","CLJ 2000 7 280.pdf"
,"CLJ_2000_7_288","CLJ 2000 7 288.pdf"
,"CLJ_2000_7_299","CLJ 2000 7 299.pdf"
,"CLJ_2000_7_302","CLJ 2000 7 302.pdf"
,"CLJ_2000_7_320","CLJ 2000 7 320.pdf"
,"CLJ_2000_7_337","CLJ 2000 7 337.pdf"
,"CLJ_2000_7_342","CLJ 2000 7 342.pdf"
,"CLJ_2000_7_349","CLJ 2000 7 349.pdf"
,"CLJ_2000_7_357","CLJ 2000 7 357.pdf"
,"CLJ_2000_7_364","CLJ 2000 7 364.pdf"
,"CLJ_2000_7_378","CLJ 2000 7 378.pdf"
,"CLJ_2000_7_385","CLJ 2000 7 385.pdf"
,"CLJ_2000_7_405","CLJ 2000 7 405.pdf"
,"CLJ_2000_7_408","CLJ 2000 7 408.pdf"
,"CLJ_2000_7_41","CLJ 2000 7 41.pdf"
,"CLJ_2000_7_422","CLJ 2000 7 422.pdf"
,"CLJ_2000_7_445","CLJ 2000 7 445.pdf"
,"CLJ_2000_7_454","CLJ 2000 7 454.pdf"
,"CLJ_2000_7_46","CLJ 2000 7 46.pdf"
,"CLJ_2000_7_473","CLJ 2000 7 473.pdf"
,"CLJ_2000_7_498","CLJ 2000 7 498.pdf"
,"CLJ_2000_7_507","CLJ 2000 7 507.pdf"
,"CLJ_2000_7_51","CLJ 2000 7 51.pdf"
,"CLJ_2000_7_519","CLJ 2000 7 519.pdf"
,"CLJ_2000_7_545","CLJ 2000 7 545.pdf"
,"CLJ_2000_7_550","CLJ 2000 7 550.pdf"
,"CLJ_2000_7_591","CLJ 2000 7 591.pdf"
,"CLJ_2000_7_600","CLJ 2000 7 600.pdf"
,"CLJ_2000_7_62","CLJ 2000 7 62.pdf"
,"CLJ_2000_7_628","CLJ 2000 7 628.pdf"
,"CLJ_2000_7_74","CLJ 2000 7 74.pdf"
,"CLJ_2000_7_89","CLJ 2000 7 89.pdf"
clj_2000_8,"CLJ_2000_8_1","CLJ 2000 8 1.pdf","Current Law Journal, 2000, Volume 8",[2000],texts,opensource
,"CLJ_2000_8_10","CLJ 2000 8 10.pdf"
,"CLJ_2000_8_101","CLJ 2000 8 101.pdf"
,"CLJ_2000_8_106","CLJ 2000 8 106.pdf"
,"CLJ_2000_8_117","CLJ 2000 8 117.pdf"
,"CLJ_2000_8_142","CLJ 2000 8 142.pdf"
,"CLJ_2000_8_153","CLJ 2000 8 153.pdf"
,"CLJ_2000_8_165","CLJ 2000 8 165.pdf"
,"CLJ_2000_8_175","CLJ 2000 8 175.pdf"
,"CLJ_2000_8_183","CLJ 2000 8 183.pdf"
,"CLJ_2000_8_197","CLJ 2000 8 197.pdf"
,"CLJ_2000_8_205","CLJ 2000 8 205.pdf"
,"CLJ_2000_8_21","CLJ 2000 8 21.pdf"
,"CLJ_2000_8_210","CLJ 2000 8 210.pdf"
,"CLJ_2000_8_223","CLJ 2000 8 223.pdf"
,"CLJ_2000_8_230","CLJ 2000 8 230.pdf"
,"CLJ_2000_8_246","CLJ 2000 8 246.pdf"
,"CLJ_2000_8_256","CLJ 2000 8 256.pdf"
,"CLJ_2000_8_262","CLJ 2000 8 262.pdf"
,"CLJ_2000_8_274","CLJ 2000 8 274.pdf"
,"CLJ_2000_8_28","CLJ 2000 8 28.pdf"
,"CLJ_2000_8_293","CLJ 2000 8 293.pdf"
,"CLJ_2000_8_306","CLJ 2000 8 306.pdf"
,"CLJ_2000_8_317","CLJ 2000 8 317.pdf"
,"CLJ_2000_8_328","CLJ 2000 8 328.pdf"
,"CLJ_2000_8_338","CLJ 2000 8 338.pdf"
,"CLJ_2000_8_362","CLJ 2000 8 362.pdf"
,"CLJ_2000_8_371","CLJ 2000 8 371.pdf"
,"CLJ_2000_8_376","CLJ 2000 8 376.pdf"
,"CLJ_2000_8_386","CLJ 2000 8 386.pdf"
,"CLJ_2000_8_402","CLJ 2000 8 402.pdf"
,"CLJ_2000_8_41","CLJ 2000 8 41.pdf"
,"CLJ_2000_8_411","CLJ 2000 8 411.pdf"
,"CLJ_2000_8_418","CLJ 2000 8 418.pdf"
,"CLJ_2000_8_428","CLJ 2000 8 428.pdf"
,"CLJ_2000_8_447","CLJ 2000 8 447.pdf"
,"CLJ_2000_8_455","CLJ 2000 8 455.pdf"
,"CLJ_2000_8_462","CLJ 2000 8 462.pdf"
,"CLJ_2000_8_47","CLJ 2000 8 47.pdf"
,"CLJ_2000_8_474","CLJ 2000 8 474.pdf"
,"CLJ_2000_8_488","CLJ 2000 8 488.pdf"
,"CLJ_2000_8_495","CLJ 2000 8 495.pdf"
,"CLJ_2000_8_505","CLJ 2000 8 505.pdf"
,"CLJ_2000_8_51","CLJ 2000 8 51.pdf"
,"CLJ_2000_8_516","CLJ 2000 8 516.pdf"
,"CLJ_2000_8_528","CLJ 2000 8 528.pdf"
,"CLJ_2000_8_538","CLJ 2000 8 538.pdf"
,"CLJ_2000_8_551","CLJ 2000 8 551.pdf"
,"CLJ_2000_8_559","CLJ 2000 8 559.pdf"
,"CLJ_2000_8_567","CLJ 2000 8 567.pdf"
,"CLJ_2000_8_58","CLJ 2000 8 58.pdf"
,"CLJ_2000_8_585","CLJ 2000 8 585.pdf"
,"CLJ_2000_8_593","CLJ 2000 8 593.pdf"
,"CLJ_2000_8_629","CLJ 2000 8 629.pdf"
,"CLJ_2000_8_638","CLJ 2000 8 638.pdf"
,"CLJ_2000_8_645","CLJ 2000 8 645.pdf"
,"CLJ_2000_8_677","CLJ 2000 8 677.pdf"
,"CLJ_2000_8_68","CLJ 2000 8 68.pdf"
,"CLJ_2000_8_686","CLJ 2000 8 686.pdf"
,"CLJ_2000_8_85","CLJ 2000 8 85.pdf"
,"CLJ_2000_8_93","CLJ 2000 8 93.pdf"
clj_2001_1,"CLJ_2001_1_1","CLJ 2001 1 1.pdf","Current Law Journal, 2001, Volume 1",[2001],texts,opensource
,"CLJ_2001_1_102","CLJ 2001 1 102.pdf"
,"CLJ_2001_1_107","CLJ 2001 1 107.pdf"
,"CLJ_2001_1_117","CLJ 2001 1 117.pdf"
,"CLJ_2001_1_123","CLJ 2001 1 123.pdf"
,"CLJ_2001_1_132","CLJ 2001 1 132.pdf"
,"CLJ_2001_1_141","CLJ 2001 1 141.pdf"
,"CLJ_2001_1_154","CLJ 2001 1 154.pdf"
,"CLJ_2001_1_162","CLJ 2001 1 162.pdf"
,"CLJ_2001_1_175","CLJ 2001 1 175.pdf"
,"CLJ_2001_1_181","CLJ 2001 1 181.pdf"
,"CLJ_2001_1_198","CLJ 2001 1 198.pdf"
,"CLJ_2001_1_207","CLJ 2001 1 207.pdf"
,"CLJ_2001_1_214","CLJ 2001 1 214.pdf"
,"CLJ_2001_1_222","CLJ 2001 1 222.pdf"
,"CLJ_2001_1_230","CLJ 2001 1 230.pdf"
,"CLJ_2001_1_239","CLJ 2001 1 239.pdf"
,"CLJ_2001_1_245","CLJ 2001 1 245.pdf"
,"CLJ_2001_1_25","CLJ 2001 1 25.pdf"
,"CLJ_2001_1_253","CLJ 2001 1 253.pdf"
,"CLJ_2001_1_257","CLJ 2001 1 257.pdf"
,"CLJ_2001_1_266","CLJ 2001 1 266.pdf"
,"CLJ_2001_1_271","CLJ 2001 1 271.pdf"
,"CLJ_2001_1_286","CLJ 2001 1 286.pdf"
,"CLJ_2001_1_292","CLJ 2001 1 292.pdf"
,"CLJ_2001_1_300","CLJ 2001 1 300.pdf"
,"CLJ_2001_1_305","CLJ 2001 1 305.pdf"
,"CLJ_2001_1_316","CLJ 2001 1 316.pdf"
,"CLJ_2001_1_333","CLJ 2001 1 333.pdf"
,"CLJ_2001_1_339","CLJ 2001 1 339.pdf"
,"CLJ_2001_1_342","CLJ 2001 1 342.pdf"
,"CLJ_2001_1_36","CLJ 2001 1 36.pdf"
,"CLJ_2001_1_381","CLJ 2001 1 381.pdf"
,"CLJ_2001_1_391","CLJ 2001 1 391.pdf"
,"CLJ_2001_1_397","CLJ 2001 1 397.pdf"
,"CLJ_2001_1_407","CLJ 2001 1 407.pdf"
,"CLJ_2001_1_412","CLJ 2001 1 412.pdf"
,"CLJ_2001_1_417","CLJ 2001 1 417.pdf"
,"CLJ_2001_1_449","CLJ 2001 1 449.pdf"
,"CLJ_2001_1_455","CLJ 2001 1 455.pdf"
,"CLJ_2001_1_476","CLJ 2001 1 476.pdf"
,"CLJ_2001_1_491","CLJ 2001 1 491.pdf"
,"CLJ_2001_1_498","CLJ 2001 1 498.pdf"
,"CLJ_2001_1_510","CLJ 2001 1 510.pdf"
,"CLJ_2001_1_519","CLJ 2001 1 519.pdf"
,"CLJ_2001_1_526","CLJ 2001 1 526.pdf"
,"CLJ_2001_1_534","CLJ 2001 1 534.pdf"
,"CLJ_2001_1_539","CLJ 2001 1 539.pdf"
,"CLJ_2001_1_549","CLJ 2001 1 549.pdf"
,"CLJ_2001_1_579","CLJ 2001 1 579.pdf"
,"CLJ_2001_1_583","CLJ 2001 1 583.pdf"
,"CLJ_2001_1_591","CLJ 2001 1 591.pdf"
,"CLJ_2001_1_604","CLJ 2001 1 604.pdf"
,"CLJ_2001_1_61","CLJ 2001 1 61.pdf"
,"CLJ_2001_1_631","CLJ 2001 1 631.pdf"
,"CLJ_2001_1_645","CLJ 2001 1 645.pdf"
,"CLJ_2001_1_660","CLJ 2001 1 660.pdf"
,"CLJ_2001_1_663","CLJ 2001 1 663.pdf"
,"CLJ_2001_1_668","CLJ 2001 1 668.pdf"
,"CLJ_2001_1_672","CLJ 2001 1 672.pdf"
,"CLJ_2001_1_680","CLJ 2001 1 680.pdf"
,"CLJ_2001_1_687","CLJ 2001 1 687.pdf"
,"CLJ_2001_1_694","CLJ 2001 1 694.pdf"
,"CLJ_2001_1_719","CLJ 2001 1 719.pdf"
,"CLJ_2001_1_727","CLJ 2001 1 727.pdf"
,"CLJ_2001_1_733","CLJ 2001 1 733.pdf"
,"CLJ_2001_1_740","CLJ 2001 1 740.pdf"
,"CLJ_2001_1_746","CLJ 2001 1 746.pdf"
,"CLJ_2001_1_75","CLJ 2001 1 75.pdf"
,"CLJ_2001_1_755","CLJ 2001 1 755.pdf"
,"CLJ_2001_1_768","CLJ 2001 1 768.pdf"
,"CLJ_2001_1_772","CLJ 2001 1 772.pdf"
,"CLJ_2001_1_779","CLJ 2001 1 779.pdf"
,"CLJ_2001_1_816","CLJ 2001 1 816.pdf"
,"CLJ_2001_1_822","CLJ 2001 1 822.pdf"
,"CLJ_2001_1_836","CLJ 2001 1 836.pdf"
,"CLJ_2001_1_844","CLJ 2001 1 844.pdf"
,"CLJ_2001_1_9","CLJ 2001 1 9.pdf"
,"CLJ_2001_1_91","CLJ 2001 1 91.pdf"
,"CLJ_2001_1_94","CLJ 2001 1 94.pdf"
clj_2001_2,"CLJ_2001_2_1","CLJ 2001 2 1.pdf","Current Law Journal, 2001, Volume 2",[2001],texts,opensource
,"CLJ_2001_2_101","CLJ 2001 2 101.pdf"
,"CLJ_2001_2_133","CLJ 2001 2 133.pdf"
,"CLJ_2001_2_140","CLJ 2001 2 140.pdf"
,"CLJ_2001_2_151","CLJ 2001 2 151.pdf"
,"CLJ_2001_2_157","CLJ 2001 2 157.pdf"
,"CLJ_2001_2_16","CLJ 2001 2 16.pdf"
,"CLJ_2001_2_161","CLJ 2001 2 161.pdf"
,"CLJ_2001_2_173","CLJ 2001 2 173.pdf"
,"CLJ_2001_2_186","CLJ 2001 2 186.pdf"
,"CLJ_2001_2_198","CLJ 2001 2 198.pdf"
,"CLJ_2001_2_235","CLJ 2001 2 235.pdf"
,"CLJ_2001_2_253","CLJ 2001 2 253.pdf"
,"CLJ_2001_2_264","CLJ 2001 2 264.pdf"
,"CLJ_2001_2_268","CLJ 2001 2 268.pdf"
,"CLJ_2001_2_277","CLJ 2001 2 277.pdf"
,"CLJ_2001_2_288","CLJ 2001 2 288.pdf"
,"CLJ_2001_2_299","CLJ 2001 2 299.pdf"
,"CLJ_2001_2_31","CLJ 2001 2 31.pdf"
,"CLJ_2001_2_321","CLJ 2001 2 321.pdf"
,"CLJ_2001_2_344","CLJ 2001 2 344.pdf"
,"CLJ_2001_2_352","CLJ 2001 2 352.pdf"
,"CLJ_2001_2_359","CLJ 2001 2 359.pdf"
,"CLJ_2001_2_364","CLJ 2001 2 364.pdf"
,"CLJ_2001_2_38","CLJ 2001 2 38.pdf"
,"CLJ_2001_2_380","CLJ 2001 2 380.pdf"
,"CLJ_2001_2_385","CLJ 2001 2 385.pdf"
,"CLJ_2001_2_397","CLJ 2001 2 397.pdf"
,"CLJ_2001_2_412","CLJ 2001 2 412.pdf"
,"CLJ_2001_2_435","CLJ 2001 2 435.pdf"
,"CLJ_2001_2_44","CLJ 2001 2 44.pdf"
,"CLJ_2001_2_440","CLJ 2001 2 440.pdf"
,"CLJ_2001_2_457","CLJ 2001 2 457.pdf"
,"CLJ_2001_2_474","CLJ 2001 2 474.pdf"
,"CLJ_2001_2_492","CLJ 2001 2 492.pdf"
,"CLJ_2001_2_498","CLJ 2001 2 498.pdf"
,"CLJ_2001_2_512","CLJ 2001 2 512.pdf"
,"CLJ_2001_2_517","CLJ 2001 2 517.pdf"
,"CLJ_2001_2_525","CLJ 2001 2 525.pdf"
,"CLJ_2001_2_564","CLJ 2001 2 564.pdf"
,"CLJ_2001_2_57","CLJ 2001 2 57.pdf"
,"CLJ_2001_2_574","CLJ 2001 2 574.pdf"
,"CLJ_2001_2_578","CLJ 2001 2 578.pdf"
,"CLJ_2001_2_587","CLJ 2001 2 587.pdf"
,"CLJ_2001_2_596","CLJ 2001 2 596.pdf"
,"CLJ_2001_2_609","CLJ 2001 2 609.pdf"
,"CLJ_2001_2_623","CLJ 2001 2 623.pdf"
,"CLJ_2001_2_628","CLJ 2001 2 628.pdf"
,"CLJ_2001_2_638","CLJ 2001 2 638.pdf"
,"CLJ_2001_2_647","CLJ 2001 2 647.pdf"
,"CLJ_2001_2_653","CLJ 2001 2 653.pdf"
,"CLJ_2001_2_66","CLJ 2001 2 66.pdf"
,"CLJ_2001_2_685","CLJ 2001 2 685.pdf"
,"CLJ_2001_2_70","CLJ 2001 2 70.pdf"
,"CLJ_2001_2_704","CLJ 2001 2 704.pdf"
,"CLJ_2001_2_709","CLJ 2001 2 709.pdf"
,"CLJ_2001_2_728","CLJ 2001 2 728.pdf"
,"CLJ_2001_2_738","CLJ 2001 2 738.pdf"
,"CLJ_2001_2_747","CLJ 2001 2 747.pdf"
,"CLJ_2001_2_75","CLJ 2001 2 75.pdf"
,"CLJ_2001_2_753","CLJ 2001 2 753.pdf"
,"CLJ_2001_2_769","CLJ 2001 2 769.pdf"
,"CLJ_2001_2_88","CLJ 2001 2 88.pdf"
clj_2001_3,"CLJ_2001_3_1","CLJ 2001 3 1.pdf","Current Law Journal, 2001, Volume 3",[2001],texts,opensource
,"CLJ_2001_3_122","CLJ 2001 3 122.pdf"
,"CLJ_2001_3_149","CLJ 2001 3 149.pdf"
,"CLJ_2001_3_154","CLJ 2001 3 154.pdf"
,"CLJ_2001_3_161","CLJ 2001 3 161.pdf"
,"CLJ_2001_3_18","CLJ 2001 3 18.pdf"
,"CLJ_2001_3_185","CLJ 2001 3 185.pdf"
,"CLJ_2001_3_198","CLJ 2001 3 198.pdf"
,"CLJ_2001_3_233","CLJ 2001 3 233.pdf"
,"CLJ_2001_3_241","CLJ 2001 3 241.pdf"
,"CLJ_2001_3_248","CLJ 2001 3 248.pdf"
,"CLJ_2001_3_270","CLJ 2001 3 270.pdf"
,"CLJ_2001_3_279","CLJ 2001 3 279.pdf"
,"CLJ_2001_3_284","CLJ 2001 3 284.pdf"
,"CLJ_2001_3_31","CLJ 2001 3 31.pdf"
,"CLJ_2001_3_313","CLJ 2001 3 313.pdf"
,"CLJ_2001_3_457","CLJ 2001 3 457.pdf"
,"CLJ_2001_3_487","CLJ 2001 3 487.pdf"
,"CLJ_2001_3_50","CLJ 2001 3 50.pdf"
,"CLJ_2001_3_541","CLJ 2001 3 541.pdf"
,"CLJ_2001_3_547","CLJ 2001 3 547.pdf"
,"CLJ_2001_3_557","CLJ 2001 3 557.pdf"
,"CLJ_2001_3_56","CLJ 2001 3 56.pdf"
,"CLJ_2001_3_561","CLJ 2001 3 561.pdf"
,"CLJ_2001_3_564","CLJ 2001 3 564.pdf"
,"CLJ_2001_3_571","CLJ 2001 3 571.pdf"
,"CLJ_2001_3_601","CLJ 2001 3 601.pdf"
,"CLJ_2001_3_606","CLJ 2001 3 606.pdf"
,"CLJ_2001_3_610","CLJ 2001 3 610.pdf"
,"CLJ_2001_3_615","CLJ 2001 3 615.pdf"
,"CLJ_2001_3_65","CLJ 2001 3 65.pdf"
,"CLJ_2001_3_652","CLJ 2001 3 652.pdf"
,"CLJ_2001_3_661","CLJ 2001 3 661.pdf"
,"CLJ_2001_3_673","CLJ 2001 3 673.pdf"
,"CLJ_2001_3_722","CLJ 2001 3 722.pdf"
,"CLJ_2001_3_729","CLJ 2001 3 729.pdf"
,"CLJ_2001_3_743","CLJ 2001 3 743.pdf"
,"CLJ_2001_3_769","CLJ 2001 3 769.pdf"
,"CLJ_2001_3_823","CLJ 2001 3 823.pdf"
,"CLJ_2001_3_838","CLJ 2001 3 838.pdf"
,"CLJ_2001_3_853","CLJ 2001 3 853.pdf"
,"CLJ_2001_3_864","CLJ 2001 3 864.pdf"
,"CLJ_2001_3_871","CLJ 2001 3 871.pdf"
,"CLJ_2001_3_9","CLJ 2001 3 9.pdf"
,"CLJ_2001_3_905","CLJ 2001 3 905.pdf"
,"CLJ_2001_3_916","CLJ 2001 3 916.pdf"
,"CLJ_2001_3_933","CLJ 2001 3 933.pdf"
,"CLJ_2001_3_942","CLJ 2001 3 942.pdf"
,"CLJ_2001_3_946","CLJ 2001 3 946.pdf"
,"CLJ_2001_3_951","CLJ 2001 3 951.pdf"
,"CLJ_2001_3_960","CLJ 2001 3 960.pdf"
,"CLJ_2001_3_967","CLJ 2001 3 967.pdf"
,"CLJ_2001_3_98","CLJ 2001 3 98.pdf"
clj_2001_4,"CLJ_2001_4_1","CLJ 2001 4 1.pdf","Current Law Journal, 2001, Volume 4",[2001],texts,opensource
,"CLJ_2001_4_116","CLJ 2001 4 116.pdf"
,"CLJ_2001_4_127","CLJ 2001 4 127.pdf"
,"CLJ_2001_4_141","CLJ 2001 4 141.pdf"
,"CLJ_2001_4_146","CLJ 2001 4 146.pdf"
,"CLJ_2001_4_15","CLJ 2001 4 15.pdf"
,"CLJ_2001_4_160","CLJ 2001 4 160.pdf"
,"CLJ_2001_4_168","CLJ 2001 4 168.pdf"
,"CLJ_2001_4_185","CLJ 2001 4 185.pdf"
,"CLJ_2001_4_192","CLJ 2001 4 192.pdf"
,"CLJ_2001_4_202","CLJ 2001 4 202.pdf"
,"CLJ_2001_4_226","CLJ 2001 4 226.pdf"
,"CLJ_2001_4_245","CLJ 2001 4 245.pdf"
,"CLJ_2001_4_252","CLJ 2001 4 252.pdf"
,"CLJ_2001_4_261","CLJ 2001 4 261.pdf"
,"CLJ_2001_4_269","CLJ 2001 4 269.pdf"
,"CLJ_2001_4_280","CLJ 2001 4 280.pdf"
,"CLJ_2001_4_296","CLJ 2001 4 296.pdf"
,"CLJ_2001_4_317","CLJ 2001 4 317.pdf"
,"CLJ_2001_4_347","CLJ 2001 4 347.pdf"
,"CLJ_2001_4_358","CLJ 2001 4 358.pdf"
,"CLJ_2001_4_365","CLJ 2001 4 365.pdf"
,"CLJ_2001_4_371","CLJ 2001 4 371.pdf"
,"CLJ_2001_4_38","CLJ 2001 4 38.pdf"
,"CLJ_2001_4_380","CLJ 2001 4 380.pdf"
,"CLJ_2001_4_409","CLJ 2001 4 409.pdf"
,"CLJ_2001_4_419","CLJ 2001 4 419.pdf"
,"CLJ_2001_4_433","CLJ 2001 4 433.pdf"
,"CLJ_2001_4_446","CLJ 2001 4 446.pdf"
,"CLJ_2001_4_475","CLJ 2001 4 475.pdf"
,"CLJ_2001_4_489","CLJ 2001 4 489.pdf"
,"CLJ_2001_4_498","CLJ 2001 4 498.pdf"
,"CLJ_2001_4_52","CLJ 2001 4 52.pdf"
,"CLJ_2001_4_520","CLJ 2001 4 520.pdf"
,"CLJ_2001_4_523","CLJ 2001 4 523.pdf"
,"CLJ_2001_4_528","CLJ 2001 4 528.pdf"
,"CLJ_2001_4_535","CLJ 2001 4 535.pdf"
,"CLJ_2001_4_544","CLJ 2001 4 544.pdf"
,"CLJ_2001_4_549","CLJ 2001 4 549.pdf"
,"CLJ_2001_4_572","CLJ 2001 4 572.pdf"
,"CLJ_2001_4_591","CLJ 2001 4 591.pdf"
,"CLJ_2001_4_599","CLJ 2001 4 599.pdf"
,"CLJ_2001_4_61","CLJ 2001 4 61.pdf"
,"CLJ_2001_4_625","CLJ 2001 4 625.pdf"
,"CLJ_2001_4_631","CLJ 2001 4 631.pdf"
,"CLJ_2001_4_641","CLJ 2001 4 641.pdf"
,"CLJ_2001_4_645","CLJ 2001 4 645.pdf"
,"CLJ_2001_4_659","CLJ 2001 4 659.pdf"
,"CLJ_2001_4_673","CLJ 2001 4 673.pdf"
,"CLJ_2001_4_690","CLJ 2001 4 690.pdf"
,"CLJ_2001_4_701","CLJ 2001 4 701.pdf"
,"CLJ_2001_4_707","CLJ 2001 4 707.pdf"
,"CLJ_2001_4_714","CLJ 2001 4 714.pdf"
,"CLJ_2001_4_718","CLJ 2001 4 718.pdf"
,"CLJ_2001_4_722","CLJ 2001 4 722.pdf"
,"CLJ_2001_4_73","CLJ 2001 4 73.pdf"
,"CLJ_2001_4_737","CLJ 2001 4 737.pdf"
,"CLJ_2001_4_753","CLJ 2001 4 753.pdf"
,"CLJ_2001_4_765","CLJ 2001 4 765.pdf"
,"CLJ_2001_4_778","CLJ 2001 4 778.pdf"
,"CLJ_2001_4_788","CLJ 2001 4 788.pdf"
,"CLJ_2001_4_797","CLJ 2001 4 797.pdf"
,"CLJ_2001_4_85","CLJ 2001 4 85.pdf"
,"CLJ_2001_4_9","CLJ 2001 4 9.pdf"
,"CLJ_2001_4_97","CLJ 2001 4 97.pdf"
clj_2001_5,"CLJ_2001_5_1","CLJ 2001 5 1.pdf","Current Law Journal, 2001, Volume 5",[2001],texts,opensource
,"CLJ_2001_5_160","CLJ 2001 5 160.pdf"
,"CLJ_2001_5_169","CLJ 2001 5 169.pdf"
,"CLJ_2001_5_177","CLJ 2001 5 177.pdf"
,"CLJ_2001_5_184","CLJ 2001 5 184.pdf"
,"CLJ_2001_5_194","CLJ 2001 5 194.pdf"
,"CLJ_2001_5_201","CLJ 2001 5 201.pdf"
,"CLJ_2001_5_206","CLJ 2001 5 206.pdf"
,"CLJ_2001_5_216","CLJ 2001 5 216.pdf"
,"CLJ_2001_5_222","CLJ 2001 5 222.pdf"
,"CLJ_2001_5_244","CLJ 2001 5 244.pdf"
,"CLJ_2001_5_249","CLJ 2001 5 249.pdf"
,"CLJ_2001_5_275","CLJ 2001 5 275.pdf"
,"CLJ_2001_5_28","CLJ 2001 5 28.pdf"
,"CLJ_2001_5_281","CLJ 2001 5 281.pdf"
,"CLJ_2001_5_286","CLJ 2001 5 286.pdf"
,"CLJ_2001_5_297","CLJ 2001 5 297.pdf"
,"CLJ_2001_5_308","CLJ 2001 5 308.pdf"
,"CLJ_2001_5_313","CLJ 2001 5 313.pdf"
,"CLJ_2001_5_32","CLJ 2001 5 32.pdf"
,"CLJ_2001_5_333","CLJ 2001 5 333.pdf"
,"CLJ_2001_5_336","CLJ 2001 5 336.pdf"
,"CLJ_2001_5_343","CLJ 2001 5 343.pdf"
,"CLJ_2001_5_346","CLJ 2001 5 346.pdf"
,"CLJ_2001_5_354","CLJ 2001 5 354.pdf"
,"CLJ_2001_5_37","CLJ 2001 5 37.pdf"
,"CLJ_2001_5_371","CLJ 2001 5 371.pdf"
,"CLJ_2001_5_397","CLJ 2001 5 397.pdf"
,"CLJ_2001_5_400","CLJ 2001 5 400.pdf"
,"CLJ_2001_5_408","CLJ 2001 5 408.pdf"
,"CLJ_2001_5_433","CLJ 2001 5 433.pdf"
,"CLJ_2001_5_443","CLJ 2001 5 443.pdf"
,"CLJ_2001_5_447","CLJ 2001 5 447.pdf"
,"CLJ_2001_5_457","CLJ 2001 5 457.pdf"
,"CLJ_2001_5_464","CLJ 2001 5 464.pdf"
,"CLJ_2001_5_469","CLJ 2001 5 469.pdf"
,"CLJ_2001_5_476","CLJ 2001 5 476.pdf"
,"CLJ_2001_5_501","CLJ 2001 5 501.pdf"
,"CLJ_2001_5_511","CLJ 2001 5 511.pdf"
,"CLJ_2001_5_515","CLJ 2001 5 515.pdf"
,"CLJ_2001_5_519","CLJ 2001 5 519.pdf"
,"CLJ_2001_5_536","CLJ 2001 5 536.pdf"
,"CLJ_2001_5_541","CLJ 2001 5 541.pdf"
,"CLJ_2001_5_547","CLJ 2001 5 547.pdf"
,"CLJ_2001_5_556","CLJ 2001 5 556.pdf"
,"CLJ_2001_5_563","CLJ 2001 5 563.pdf"
,"CLJ_2001_5_585","CLJ 2001 5 585.pdf"
,"CLJ_2001_5_589","CLJ 2001 5 589.pdf"
,"CLJ_2001_5_67","CLJ 2001 5 67.pdf"
,"CLJ_2001_5_73","CLJ 2001 5 73.pdf"
,"CLJ_2001_5_8","CLJ 2001 5 8.pdf"
clj_2001_6,"CLJ_2001_6_1","CLJ 2001 6 1.pdf","Current Law Journal, 2001, Volume 6",[2001],texts,opensource
,"CLJ_2001_6_104","CLJ 2001 6 104.pdf"
,"CLJ_2001_6_124","CLJ 2001 6 124.pdf"
,"CLJ_2001_6_129","CLJ 2001 6 129.pdf"
,"CLJ_2001_6_13","CLJ 2001 6 13.pdf"
,"CLJ_2001_6_137","CLJ 2001 6 137.pdf"
,"CLJ_2001_6_151","CLJ 2001 6 151.pdf"
,"CLJ_2001_6_171","CLJ 2001 6 171.pdf"
,"CLJ_2001_6_182","CLJ 2001 6 182.pdf"
,"CLJ_2001_6_190","CLJ 2001 6 190.pdf"
,"CLJ_2001_6_213","CLJ 2001 6 213.pdf"
,"CLJ_2001_6_220","CLJ 2001 6 220.pdf"
,"CLJ_2001_6_23","CLJ 2001 6 23.pdf"
,"CLJ_2001_6_254","CLJ 2001 6 254.pdf"
,"CLJ_2001_6_263","CLJ 2001 6 263.pdf"
,"CLJ_2001_6_273","CLJ 2001 6 273.pdf"
,"CLJ_2001_6_285","CLJ 2001 6 285.pdf"
,"CLJ_2001_6_293","CLJ 2001 6 293.pdf"
,"CLJ_2001_6_298","CLJ 2001 6 298.pdf"
,"CLJ_2001_6_303","CLJ 2001 6 303.pdf"
,"CLJ_2001_6_318","CLJ 2001 6 318.pdf"
,"CLJ_2001_6_326","CLJ 2001 6 326.pdf"
,"CLJ_2001_6_341","CLJ 2001 6 341.pdf"
,"CLJ_2001_6_353","CLJ 2001 6 353.pdf"
,"CLJ_2001_6_361","CLJ 2001 6 361.pdf"
,"CLJ_2001_6_376","CLJ 2001 6 376.pdf"
,"CLJ_2001_6_383","CLJ 2001 6 383.pdf"
,"CLJ_2001_6_397","CLJ 2001 6 397.pdf"
,"CLJ_2001_6_407","CLJ 2001 6 407.pdf"
,"CLJ_2001_6_418","CLJ 2001 6 418.pdf"
,"CLJ_2001_6_429","CLJ 2001 6 429.pdf"
,"CLJ_2001_6_44","CLJ 2001 6 44.pdf"
,"CLJ_2001_6_446","CLJ 2001 6 446.pdf"
,"CLJ_2001_6_459","CLJ 2001 6 459.pdf"
,"CLJ_2001_6_475","CLJ 2001 6 475.pdf"
,"CLJ_2001_6_480","CLJ 2001 6 480.pdf"
,"CLJ_2001_6_494","CLJ 2001 6 494.pdf"
,"CLJ_2001_6_501","CLJ 2001 6 501.pdf"
,"CLJ_2001_6_506","CLJ 2001 6 506.pdf"
,"CLJ_2001_6_516","CLJ 2001 6 516.pdf"
,"CLJ_2001_6_533","CLJ 2001 6 533.pdf"
,"CLJ_2001_6_548","CLJ 2001 6 548.pdf"
,"CLJ_2001_6_55","CLJ 2001 6 55.pdf"
,"CLJ_2001_6_558","CLJ 2001 6 558.pdf"
,"CLJ_2001_6_60","CLJ 2001 6 60.pdf"
,"CLJ_2001_6_73","CLJ 2001 6 73.pdf"
,"CLJ_2001_6_79","CLJ 2001 6 79.pdf"
,"CLJ_2001_6_8","CLJ 2001 6 8.pdf"
clj_2001_7,"CLJ_2001_7_1","CLJ 2001 7 1.pdf","Current Law Journal, 2001, Volume 7",[2001],texts,opensource
,"CLJ_2001_7_10","CLJ 2001 7 10.pdf"
,"CLJ_2001_7_111","CLJ 2001 7 111.pdf"
,"CLJ_2001_7_130","CLJ 2001 7 130.pdf"
,"CLJ_2001_7_137","CLJ 2001 7 137.pdf"
,"CLJ_2001_7_150","CLJ 2001 7 150.pdf"
,"CLJ_2001_7_157","CLJ 2001 7 157.pdf"
,"CLJ_2001_7_161","CLJ 2001 7 161.pdf"
,"CLJ_2001_7_168","CLJ 2001 7 168.pdf"
,"CLJ_2001_7_18","CLJ 2001 7 18.pdf"
,"CLJ_2001_7_202","CLJ 2001 7 202.pdf"
,"CLJ_2001_7_208","CLJ 2001 7 208.pdf"
,"CLJ_2001_7_221","CLJ 2001 7 221.pdf"
,"CLJ_2001_7_231","CLJ 2001 7 231.pdf"
,"CLJ_2001_7_236","CLJ 2001 7 236.pdf"
,"CLJ_2001_7_241","CLJ 2001 7 241.pdf"
,"CLJ_2001_7_249","CLJ 2001 7 249.pdf"
,"CLJ_2001_7_261","CLJ 2001 7 261.pdf"
,"CLJ_2001_7_268","CLJ 2001 7 268.pdf"
,"CLJ_2001_7_284","CLJ 2001 7 284.pdf"
,"CLJ_2001_7_288","CLJ 2001 7 288.pdf"
,"CLJ_2001_7_296","CLJ 2001 7 296.pdf"
,"CLJ_2001_7_313","CLJ 2001 7 313.pdf"
,"CLJ_2001_7_324","CLJ 2001 7 324.pdf"
,"CLJ_2001_7_34","CLJ 2001 7 34.pdf"
,"CLJ_2001_7_367","CLJ 2001 7 367.pdf"
,"CLJ_2001_7_381","CLJ 2001 7 381.pdf"
,"CLJ_2001_7_387","CLJ 2001 7 387.pdf"
,"CLJ_2001_7_399","CLJ 2001 7 399.pdf"
,"CLJ_2001_7_405","CLJ 2001 7 405.pdf"
,"CLJ_2001_7_414","CLJ 2001 7 414.pdf"
,"CLJ_2001_7_419","CLJ 2001 7 419.pdf"
,"CLJ_2001_7_429","CLJ 2001 7 429.pdf"
,"CLJ_2001_7_447","CLJ 2001 7 447.pdf"
,"CLJ_2001_7_457","CLJ 2001 7 457.pdf"
,"CLJ_2001_7_466","CLJ 2001 7 466.pdf"
,"CLJ_2001_7_48","CLJ 2001 7 48.pdf"
,"CLJ_2001_7_489","CLJ 2001 7 489.pdf"
,"CLJ_2001_7_494","CLJ 2001 7 494.pdf"
,"CLJ_2001_7_500","CLJ 2001 7 500.pdf"
,"CLJ_2001_7_54","CLJ 2001 7 54.pdf"
,"CLJ_2001_7_560","CLJ 2001 7 560.pdf"
,"CLJ_2001_7_568","CLJ 2001 7 568.pdf"
,"CLJ_2001_7_573","CLJ 2001 7 573.pdf"
,"CLJ_2001_7_578","CLJ 2001 7 578.pdf"
,"CLJ_2001_7_586","CLJ 2001 7 586.pdf"
,"CLJ_2001_7_624","CLJ 2001 7 624.pdf"
,"CLJ_2001_7_633","CLJ 2001 7 633.pdf"
,"CLJ_2001_7_641","CLJ 2001 7 641.pdf"
,"CLJ_2001_7_69","CLJ 2001 7 69.pdf"
,"CLJ_2001_7_74","CLJ 2001 7 74.pdf"
clj_2001_8,"CLJ_2001_8_1","CLJ 2001 8 1.pdf","Current Law Journal, 2001, Volume 8",[2001],texts,opensource
,"CLJ_2001_8_116","CLJ 2001 8 116.pdf"
,"CLJ_2001_8_125","CLJ 2001 8 125.pdf"
,"CLJ_2001_8_131","CLJ 2001 8 131.pdf"
,"CLJ_2001_8_164","CLJ 2001 8 164.pdf"
,"CLJ_2001_8_180","CLJ 2001 8 180.pdf"
,"CLJ_2001_8_188","CLJ 2001 8 188.pdf"
,"CLJ_2001_8_199","CLJ 2001 8 199.pdf"
,"CLJ_2001_8_208","CLJ 2001 8 208.pdf"
,"CLJ_2001_8_218","CLJ 2001 8 218.pdf"
,"CLJ_2001_8_226","CLJ 2001 8 226.pdf"
,"CLJ_2001_8_247","CLJ 2001 8 247.pdf"
,"CLJ_2001_8_262","CLJ 2001 8 262.pdf"
,"CLJ_2001_8_300","CLJ 2001 8 300.pdf"
,"CLJ_2001_8_334","CLJ 2001 8 334.pdf"
,"CLJ_2001_8_342","CLJ 2001 8 342.pdf"
,"CLJ_2001_8_354","CLJ 2001 8 354.pdf"
,"CLJ_2001_8_363","CLJ 2001 8 363.pdf"
,"CLJ_2001_8_373","CLJ 2001 8 373.pdf"
,"CLJ_2001_8_380","CLJ 2001 8 380.pdf"
,"CLJ_2001_8_392","CLJ 2001 8 392.pdf"
,"CLJ_2001_8_410","CLJ 2001 8 410.pdf"
,"CLJ_2001_8_416","CLJ 2001 8 416.pdf"
,"CLJ_2001_8_438","CLJ 2001 8 438.pdf"
,"CLJ_2001_8_445","CLJ 2001 8 445.pdf"
,"CLJ_2001_8_462","CLJ 2001 8 462.pdf"
,"CLJ_2001_8_472","CLJ 2001 8 472.pdf"
,"CLJ_2001_8_485","CLJ 2001 8 485.pdf"
,"CLJ_2001_8_491","CLJ 2001 8 491.pdf"
,"CLJ_2001_8_498","CLJ 2001 8 498.pdf"
,"CLJ_2001_8_521","CLJ 2001 8 521.pdf"
,"CLJ_2001_8_525","CLJ 2001 8 525.pdf"
,"CLJ_2001_8_532","CLJ 2001 8 532.pdf"
,"CLJ_2001_8_544","CLJ 2001 8 544.pdf"
,"CLJ_2001_8_558","CLJ 2001 8 558.pdf"
,"CLJ_2001_8_578","CLJ 2001 8 578.pdf"
,"CLJ_2001_8_585","CLJ 2001 8 585.pdf"
,"CLJ_2001_8_601","CLJ 2001 8 601.pdf"
,"CLJ_2001_8_613","CLJ 2001 8 613.pdf"
,"CLJ_2001_8_626","CLJ 2001 8 626.pdf"
,"CLJ_2001_8_645","CLJ 2001 8 645.pdf"
,"CLJ_2001_8_653","CLJ 2001 8 653.pdf"
,"CLJ_2001_8_665","CLJ 2001 8 665.pdf"
,"CLJ_2001_8_675","CLJ 2001 8 675.pdf"
,"CLJ_2001_8_683","CLJ 2001 8 683.pdf"
,"CLJ_2001_8_689","CLJ 2001 8 689.pdf"
,"CLJ_2001_8_706","CLJ 2001 8 706.pdf"
,"CLJ_2001_8_71","CLJ 2001 8 71.pdf"
,"CLJ_2001_8_720","CLJ 2001 8 720.pdf"
,"CLJ_2001_8_726","CLJ 2001 8 726.pdf"
,"CLJ_2001_8_736","CLJ 2001 8 736.pdf"
,"CLJ_2001_8_758","CLJ 2001 8 758.pdf"
,"CLJ_2001_8_762","CLJ 2001 8 762.pdf"
,"CLJ_2001_8_765","CLJ 2001 8 765.pdf"
,"CLJ_2001_8_775","CLJ 2001 8 775.pdf"
,"CLJ_2001_8_788","CLJ 2001 8 788.pdf"
,"CLJ_2001_8_80","CLJ 2001 8 80.pdf"
,"CLJ_2001_8_86","CLJ 2001 8 86.pdf"
clj_2002_1,"CLJ_2002_1_1","CLJ 2002 1 1.pdf","Current Law Journal, 2002, Volume 1",[2002],texts,opensource
,"CLJ_2002_1_105","CLJ 2002 1 105.pdf"
,"CLJ_2002_1_113","CLJ 2002 1 113.pdf"
,"CLJ_2002_1_124","CLJ 2002 1 124.pdf"
,"CLJ_2002_1_133","CLJ 2002 1 133.pdf"
,"CLJ_2002_1_139","CLJ 2002 1 139.pdf"
,"CLJ_2002_1_14","CLJ 2002 1 14.pdf"
,"CLJ_2002_1_151","CLJ 2002 1 151.pdf"
,"CLJ_2002_1_161","CLJ 2002 1 161.pdf"
,"CLJ_2002_1_171","CLJ 2002 1 171.pdf"
,"CLJ_2002_1_181","CLJ 2002 1 181.pdf"
,"CLJ_2002_1_202","CLJ 2002 1 202.pdf"
,"CLJ_2002_1_210","CLJ 2002 1 210.pdf"
,"CLJ_2002_1_22","CLJ 2002 1 22.pdf"
,"CLJ_2002_1_223","CLJ 2002 1 223.pdf"
,"CLJ_2002_1_230","CLJ 2002 1 230.pdf"
,"CLJ_2002_1_248","CLJ 2002 1 248.pdf"
,"CLJ_2002_1_261","CLJ 2002 1 261.pdf"
,"CLJ_2002_1_266","CLJ 2002 1 266.pdf"
,"CLJ_2002_1_277","CLJ 2002 1 277.pdf"
,"CLJ_2002_1_290","CLJ 2002 1 290.pdf"
,"CLJ_2002_1_300","CLJ 2002 1 300.pdf"
,"CLJ_2002_1_309","CLJ 2002 1 309.pdf"
,"CLJ_2002_1_31","CLJ 2002 1 31.pdf"
,"CLJ_2002_1_317","CLJ 2002 1 317.pdf"
,"CLJ_2002_1_328","CLJ 2002 1 328.pdf"
,"CLJ_2002_1_339","CLJ 2002 1 339.pdf"
,"CLJ_2002_1_346","CLJ 2002 1 346.pdf"
,"CLJ_2002_1_35","CLJ 2002 1 35.pdf"
,"CLJ_2002_1_359","CLJ 2002 1 359.pdf"
,"CLJ_2002_1_366","CLJ 2002 1 366.pdf"
,"CLJ_2002_1_373","CLJ 2002 1 373.pdf"
,"CLJ_2002_1_391","CLJ 2002 1 391.pdf"
,"CLJ_2002_1_396","CLJ 2002 1 396.pdf"
,"CLJ_2002_1_405","CLJ 2002 1 405.pdf"
,"CLJ_2002_1_41","CLJ 2002 1 41.pdf"
,"CLJ_2002_1_413","CLJ 2002 1 413.pdf"
,"CLJ_2002_1_420","CLJ 2002 1 420.pdf"
,"CLJ_2002_1_433","CLJ 2002 1 433.pdf"
,"CLJ_2002_1_449","CLJ 2002 1 449.pdf"
,"CLJ_2002_1_457","CLJ 2002 1 457.pdf"
,"CLJ_2002_1_480","CLJ 2002 1 480.pdf"
,"CLJ_2002_1_486","CLJ 2002 1 486.pdf"
,"CLJ_2002_1_49","CLJ 2002 1 49.pdf"
,"CLJ_2002_1_493","CLJ 2002 1 493.pdf"
,"CLJ_2002_1_501","CLJ 2002 1 501.pdf"
,"CLJ_2002_1_532","CLJ 2002 1 532.pdf"
,"CLJ_2002_1_537","CLJ 2002 1 537.pdf"
,"CLJ_2002_1_54","CLJ 2002 1 54.pdf"
,"CLJ_2002_1_541","CLJ 2002 1 541.pdf"
,"CLJ_2002_1_547","CLJ 2002 1 547.pdf"
,"CLJ_2002_1_550","CLJ 2002 1 550.pdf"
,"CLJ_2002_1_553","CLJ 2002 1 553.pdf"
,"CLJ_2002_1_558","CLJ 2002 1 558.pdf"
,"CLJ_2002_1_566","CLJ 2002 1 566.pdf"
,"CLJ_2002_1_576","CLJ 2002 1 576.pdf"
,"CLJ_2002_1_585","CLJ 2002 1 585.pdf"
,"CLJ_2002_1_602","CLJ 2002 1 602.pdf"
,"CLJ_2002_1_609","CLJ 2002 1 609.pdf"
,"CLJ_2002_1_633","CLJ 2002 1 633.pdf"
,"CLJ_2002_1_64","CLJ 2002 1 64.pdf"
,"CLJ_2002_1_645","CLJ 2002 1 645.pdf"
,"CLJ_2002_1_68","CLJ 2002 1 68.pdf"
,"CLJ_2002_1_695","CLJ 2002 1 695.pdf"
,"CLJ_2002_1_700","CLJ 2002 1 700.pdf"
,"CLJ_2002_1_721","CLJ 2002 1 721.pdf"
,"CLJ_2002_1_730","CLJ 2002 1 730.pdf"
,"CLJ_2002_1_736","CLJ 2002 1 736.pdf"
,"CLJ_2002_1_743","CLJ 2002 1 743.pdf"
,"CLJ_2002_1_761","CLJ 2002 1 761.pdf"
,"CLJ_2002_1_772","CLJ 2002 1 772.pdf"
,"CLJ_2002_1_86","CLJ 2002 1 86.pdf"
clj_2002_2,"CLJ_2002_2_1","CLJ 2002 2 1.pdf","Current Law Journal, 2002, Volume 2",[2002],texts,opensource
,"CLJ_2002_2_11","CLJ 2002 2 11.pdf"
,"CLJ_2002_2_112","CLJ 2002 2 112.pdf"
,"CLJ_2002_2_121","CLJ 2002 2 121.pdf"
,"CLJ_2002_2_133","CLJ 2002 2 133.pdf"
,"CLJ_2002_2_14","CLJ 2002 2 14.pdf"
,"CLJ_2002_2_142","CLJ 2002 2 142.pdf"
,"CLJ_2002_2_147","CLJ 2002 2 147.pdf"
,"CLJ_2002_2_157","CLJ 2002 2 157.pdf"
,"CLJ_2002_2_173","CLJ 2002 2 173.pdf"
,"CLJ_2002_2_184","CLJ 2002 2 184.pdf"
,"CLJ_2002_2_198","CLJ 2002 2 198.pdf"
,"CLJ_2002_2_205","CLJ 2002 2 205.pdf"
,"CLJ_2002_2_209","CLJ 2002 2 209.pdf"
,"CLJ_2002_2_21","CLJ 2002 2 21.pdf"
,"CLJ_2002_2_223","CLJ 2002 2 223.pdf"
,"CLJ_2002_2_231","CLJ 2002 2 231.pdf"
,"CLJ_2002_2_237","CLJ 2002 2 237.pdf"
,"CLJ_2002_2_245","CLJ 2002 2 245.pdf"
,"CLJ_2002_2_250","CLJ 2002 2 250.pdf"
,"CLJ_2002_2_259","CLJ 2002 2 259.pdf"
,"CLJ_2002_2_267","CLJ 2002 2 267.pdf"
,"CLJ_2002_2_281","CLJ 2002 2 281.pdf"
,"CLJ_2002_2_288","CLJ 2002 2 288.pdf"
,"CLJ_2002_2_307","CLJ 2002 2 307.pdf"
,"CLJ_2002_2_315","CLJ 2002 2 315.pdf"
,"CLJ_2002_2_321","CLJ 2002 2 321.pdf"
,"CLJ_2002_2_329","CLJ 2002 2 329.pdf"
,"CLJ_2002_2_345","CLJ 2002 2 345.pdf"
,"CLJ_2002_2_359","CLJ 2002 2 359.pdf"
,"CLJ_2002_2_364","CLJ 2002 2 364.pdf"
,"CLJ_2002_2_379","CLJ 2002 2 379.pdf"
,"CLJ_2002_2_387","CLJ 2002 2 387.pdf"
,"CLJ_2002_2_413","CLJ 2002 2 413.pdf"
,"CLJ_2002_2_429","CLJ 2002 2 429.pdf"
,"CLJ_2002_2_44","CLJ 2002 2 44.pdf"
,"CLJ_2002_2_448","CLJ 2002 2 448.pdf"
,"CLJ_2002_2_471","CLJ 2002 2 471.pdf"
,"CLJ_2002_2_481","CLJ 2002 2 481.pdf"
,"CLJ_2002_2_493","CLJ 2002 2 493.pdf"
,"CLJ_2002_2_504","CLJ 2002 2 504.pdf"
,"CLJ_2002_2_509","CLJ 2002 2 509.pdf"
,"CLJ_2002_2_514","CLJ 2002 2 514.pdf"
,"CLJ_2002_2_53","CLJ 2002 2 53.pdf"
,"CLJ_2002_2_537","CLJ 2002 2 537.pdf"
,"CLJ_2002_2_543","CLJ 2002 2 543.pdf"
,"CLJ_2002_2_57","CLJ 2002 2 57.pdf"
,"CLJ_2002_2_581","CLJ 2002 2 581.pdf"
,"CLJ_2002_2_621","CLJ 2002 2 621.pdf"
,"CLJ_2002_2_642","CLJ 2002 2 642.pdf"
,"CLJ_2002_2_659","CLJ 2002 2 659.pdf"
,"CLJ_2002_2_664","CLJ 2002 2 664.pdf"
,"CLJ_2002_2_680","CLJ 2002 2 680.pdf"
,"CLJ_2002_2_684","CLJ 2002 2 684.pdf"
,"CLJ_2002_2_697","CLJ 2002 2 697.pdf"
,"CLJ_2002_2_710","CLJ 2002 2 710.pdf"
,"CLJ_2002_2_741","CLJ 2002 2 741.pdf"
,"CLJ_2002_2_745","CLJ 2002 2 745.pdf"
,"CLJ_2002_2_750","CLJ 2002 2 750.pdf"
,"CLJ_2002_2_758","CLJ 2002 2 758.pdf"
,"CLJ_2002_2_77","CLJ 2002 2 77.pdf"
,"CLJ_2002_2_81","CLJ 2002 2 81.pdf"
clj_2002_3,"CLJ_2002_3_1","CLJ 2002 3 1.pdf","Current Law Journal, 2002, Volume 3",[2002],texts,opensource
,"CLJ_2002_3_10","CLJ 2002 3 10.pdf"
,"CLJ_2002_3_108","CLJ 2002 3 108.pdf"
,"CLJ_2002_3_114","CLJ 2002 3 114.pdf"
,"CLJ_2002_3_133","CLJ 2002 3 133.pdf"
,"CLJ_2002_3_139","CLJ 2002 3 139.pdf"
,"CLJ_2002_3_151","CLJ 2002 3 151.pdf"
,"CLJ_2002_3_165","CLJ 2002 3 165.pdf"
,"CLJ_2002_3_177","CLJ 2002 3 177.pdf"
,"CLJ_2002_3_187","CLJ 2002 3 187.pdf"
,"CLJ_2002_3_213","CLJ 2002 3 213.pdf"
,"CLJ_2002_3_231","CLJ 2002 3 231.pdf"
,"CLJ_2002_3_242","CLJ 2002 3 242.pdf"
,"CLJ_2002_3_251","CLJ 2002 3 251.pdf"
,"CLJ_2002_3_258","CLJ 2002 3 258.pdf"
,"CLJ_2002_3_275","CLJ 2002 3 275.pdf"
,"CLJ_2002_3_293","CLJ 2002 3 293.pdf"
,"CLJ_2002_3_300","CLJ 2002 3 300.pdf"
,"CLJ_2002_3_314","CLJ 2002 3 314.pdf"
,"CLJ_2002_3_329","CLJ 2002 3 329.pdf"
,"CLJ_2002_3_344","CLJ 2002 3 344.pdf"
,"CLJ_2002_3_357","CLJ 2002 3 357.pdf"
,"CLJ_2002_3_365","CLJ 2002 3 365.pdf"
,"CLJ_2002_3_370","CLJ 2002 3 370.pdf"
,"CLJ_2002_3_380","CLJ 2002 3 380.pdf"
,"CLJ_2002_3_39","CLJ 2002 3 39.pdf"
,"CLJ_2002_3_409","CLJ 2002 3 409.pdf"
,"CLJ_2002_3_422","CLJ 2002 3 422.pdf"
,"CLJ_2002_3_457","CLJ 2002 3 457.pdf"
,"CLJ_2002_3_495","CLJ 2002 3 495.pdf"
,"CLJ_2002_3_521","CLJ 2002 3 521.pdf"
,"CLJ_2002_3_530","CLJ 2002 3 530.pdf"
,"CLJ_2002_3_534","CLJ 2002 3 534.pdf"
,"CLJ_2002_3_538","CLJ 2002 3 538.pdf"
,"CLJ_2002_3_544","CLJ 2002 3 544.pdf"
,"CLJ_2002_3_552","CLJ 2002 3 552.pdf"
,"CLJ_2002_3_562","CLJ 2002 3 562.pdf"
,"CLJ_2002_3_577","CLJ 2002 3 577.pdf"
,"CLJ_2002_3_61","CLJ 2002 3 61.pdf"
,"CLJ_2002_3_615","CLJ 2002 3 615.pdf"
,"CLJ_2002_3_624","CLJ 2002 3 624.pdf"
,"CLJ_2002_3_638","CLJ 2002 3 638.pdf"
,"CLJ_2002_3_653","CLJ 2002 3 653.pdf"
,"CLJ_2002_3_664","CLJ 2002 3 664.pdf"
,"CLJ_2002_3_672","CLJ 2002 3 672.pdf"
,"CLJ_2002_3_680","CLJ 2002 3 680.pdf"
,"CLJ_2002_3_686","CLJ 2002 3 686.pdf"
,"CLJ_2002_3_69","CLJ 2002 3 69.pdf"
,"CLJ_2002_3_693","CLJ 2002 3 693.pdf"
,"CLJ_2002_3_706","CLJ 2002 3 706.pdf"
,"CLJ_2002_3_719","CLJ 2002 3 719.pdf"
,"CLJ_2002_3_741","CLJ 2002 3 741.pdf"
,"CLJ_2002_3_751","CLJ 2002 3 751.pdf"
,"CLJ_2002_3_761","CLJ 2002 3 761.pdf"
,"CLJ_2002_3_766","CLJ 2002 3 766.pdf"
,"CLJ_2002_3_784","CLJ 2002 3 784.pdf"
,"CLJ_2002_3_794","CLJ 2002 3 794.pdf"
,"CLJ_2002_3_818","CLJ 2002 3 818.pdf"
,"CLJ_2002_3_83","CLJ 2002 3 83.pdf"
,"CLJ_2002_3_95","CLJ 2002 3 95.pdf"
clj_2002_4,"CLJ_2002_4_1","CLJ 2002 4 1.pdf","Current Law Journal, 2002, Volume 4",[2002],texts,opensource
,"CLJ_2002_4_10","CLJ 2002 4 10.pdf"
,"CLJ_2002_4_105","CLJ 2002 4 105.pdf"
,"CLJ_2002_4_144","CLJ 2002 4 144.pdf"
,"CLJ_2002_4_155","CLJ 2002 4 155.pdf"
,"CLJ_2002_4_171","CLJ 2002 4 171.pdf"
,"CLJ_2002_4_177","CLJ 2002 4 177.pdf"
,"CLJ_2002_4_18","CLJ 2002 4 18.pdf"
,"CLJ_2002_4_205","CLJ 2002 4 205.pdf"
,"CLJ_2002_4_210","CLJ 2002 4 210.pdf"
,"CLJ_2002_4_223","CLJ 2002 4 223.pdf"
,"CLJ_2002_4_231","CLJ 2002 4 231.pdf"
,"CLJ_2002_4_239","CLJ 2002 4 239.pdf"
,"CLJ_2002_4_249","CLJ 2002 4 249.pdf"
,"CLJ_2002_4_259","CLJ 2002 4 259.pdf"
,"CLJ_2002_4_268","CLJ 2002 4 268.pdf"
,"CLJ_2002_4_27","CLJ 2002 4 27.pdf"
,"CLJ_2002_4_286","CLJ 2002 4 286.pdf"
,"CLJ_2002_4_301","CLJ 2002 4 301.pdf"
,"CLJ_2002_4_309","CLJ 2002 4 309.pdf"
,"CLJ_2002_4_37","CLJ 2002 4 37.pdf"
,"CLJ_2002_4_391","CLJ 2002 4 391.pdf"
,"CLJ_2002_4_401","CLJ 2002 4 401.pdf"
,"CLJ_2002_4_418","CLJ 2002 4 418.pdf"
,"CLJ_2002_4_425","CLJ 2002 4 425.pdf"
,"CLJ_2002_4_43","CLJ 2002 4 43.pdf"
,"CLJ_2002_4_432","CLJ 2002 4 432.pdf"
,"CLJ_2002_4_442","CLJ 2002 4 442.pdf"
,"CLJ_2002_4_453","CLJ 2002 4 453.pdf"
,"CLJ_2002_4_463","CLJ 2002 4 463.pdf"
,"CLJ_2002_4_469","CLJ 2002 4 469.pdf"
,"CLJ_2002_4_475","CLJ 2002 4 475.pdf"
,"CLJ_2002_4_486","CLJ 2002 4 486.pdf"
,"CLJ_2002_4_49","CLJ 2002 4 49.pdf"
,"CLJ_2002_4_502","CLJ 2002 4 502.pdf"
,"CLJ_2002_4_518","CLJ 2002 4 518.pdf"
,"CLJ_2002_4_523","CLJ 2002 4 523.pdf"
,"CLJ_2002_4_529","CLJ 2002 4 529.pdf"
,"CLJ_2002_4_538","CLJ 2002 4 538.pdf"
,"CLJ_2002_4_547","CLJ 2002 4 547.pdf"
,"CLJ_2002_4_561","CLJ 2002 4 561.pdf"
,"CLJ_2002_4_589","CLJ 2002 4 589.pdf"
,"CLJ_2002_4_605","CLJ 2002 4 605.pdf"
,"CLJ_2002_4_620","CLJ 2002 4 620.pdf"
,"CLJ_2002_4_633","CLJ 2002 4 633.pdf"
,"CLJ_2002_4_649","CLJ 2002 4 649.pdf"
,"CLJ_2002_4_659","CLJ 2002 4 659.pdf"
,"CLJ_2002_4_676","CLJ 2002 4 676.pdf"
,"CLJ_2002_4_689","CLJ 2002 4 689.pdf"
,"CLJ_2002_4_694","CLJ 2002 4 694.pdf"
,"CLJ_2002_4_706","CLJ 2002 4 706.pdf"
,"CLJ_2002_4_715","CLJ 2002 4 715.pdf"
,"CLJ_2002_4_729","CLJ 2002 4 729.pdf"
,"CLJ_2002_4_746","CLJ 2002 4 746.pdf"
,"CLJ_2002_4_753","CLJ 2002 4 753.pdf"
,"CLJ_2002_4_768","CLJ 2002 4 768.pdf"
,"CLJ_2002_4_77","CLJ 2002 4 77.pdf"
,"CLJ_2002_4_773","CLJ 2002 4 773.pdf"
,"CLJ_2002_4_776","CLJ 2002 4 776.pdf"
,"CLJ_2002_4_792","CLJ 2002 4 792.pdf"
,"CLJ_2002_4_796","CLJ 2002 4 796.pdf"
,"CLJ_2002_4_85","CLJ 2002 4 85.pdf"
,"CLJ_2002_4_90","CLJ 2002 4 90.pdf"
,"CLJ_2002_4_99","CLJ 2002 4 99.pdf"
clj_2002_5,"CLJ_2002_5_1","CLJ 2002 5 1.pdf","Current Law Journal, 2002, Volume 5",[2002],texts,opensource
,"CLJ_2002_5_100","CLJ 2002 5 100.pdf"
,"CLJ_2002_5_113","CLJ 2002 5 113.pdf"
,"CLJ_2002_5_127","CLJ 2002 5 127.pdf"
,"CLJ_2002_5_13","CLJ 2002 5 13.pdf"
,"CLJ_2002_5_145","CLJ 2002 5 145.pdf"
,"CLJ_2002_5_149","CLJ 2002 5 149.pdf"
,"CLJ_2002_5_156","CLJ 2002 5 156.pdf"
,"CLJ_2002_5_170","CLJ 2002 5 170.pdf"
,"CLJ_2002_5_174","CLJ 2002 5 174.pdf"
,"CLJ_2002_5_186","CLJ 2002 5 186.pdf"
,"CLJ_2002_5_195","CLJ 2002 5 195.pdf"
,"CLJ_2002_5_20","CLJ 2002 5 20.pdf"
,"CLJ_2002_5_201","CLJ 2002 5 201.pdf"
,"CLJ_2002_5_25","CLJ 2002 5 25.pdf"
,"CLJ_2002_5_279","CLJ 2002 5 279.pdf"
,"CLJ_2002_5_281","CLJ 2002 5 281.pdf"
,"CLJ_2002_5_32","CLJ 2002 5 32.pdf"
,"CLJ_2002_5_369","CLJ 2002 5 369.pdf"
,"CLJ_2002_5_373","CLJ 2002 5 373.pdf"
,"CLJ_2002_5_378","CLJ 2002 5 378.pdf"
,"CLJ_2002_5_383","CLJ 2002 5 383.pdf"
,"CLJ_2002_5_391","CLJ 2002 5 391.pdf"
,"CLJ_2002_5_435","CLJ 2002 5 435.pdf"
,"CLJ_2002_5_442","CLJ 2002 5 442.pdf"
,"CLJ_2002_5_449","CLJ 2002 5 449.pdf"
,"CLJ_2002_5_459","CLJ 2002 5 459.pdf"
,"CLJ_2002_5_466","CLJ 2002 5 466.pdf"
,"CLJ_2002_5_47","CLJ 2002 5 47.pdf"
,"CLJ_2002_5_472","CLJ 2002 5 472.pdf"
,"CLJ_2002_5_478","CLJ 2002 5 478.pdf"
,"CLJ_2002_5_483","CLJ 2002 5 483.pdf"
,"CLJ_2002_5_492","CLJ 2002 5 492.pdf"
,"CLJ_2002_5_510","CLJ 2002 5 510.pdf"
,"CLJ_2002_5_517","CLJ 2002 5 517.pdf"
,"CLJ_2002_5_530","CLJ 2002 5 530.pdf"
,"CLJ_2002_5_535","CLJ 2002 5 535.pdf"
,"CLJ_2002_5_544","CLJ 2002 5 544.pdf"
,"CLJ_2002_5_552","CLJ 2002 5 552.pdf"
,"CLJ_2002_5_556","CLJ 2002 5 556.pdf"
,"CLJ_2002_5_574","CLJ 2002 5 574.pdf"
,"CLJ_2002_5_58","CLJ 2002 5 58.pdf"
,"CLJ_2002_5_69","CLJ 2002 5 69.pdf"
,"CLJ_2002_5_79","CLJ 2002 5 79.pdf"
,"CLJ_2002_5_86","CLJ 2002 5 86.pdf"
clj_2002_6,"CLJ_2002_6_1","CLJ 2002 6 1.pdf","Current Law Journal, 2002, Volume 6",[2002],texts,opensource
,"CLJ_2002_6_100","CLJ 2002 6 100.pdf"
,"CLJ_2002_6_106","CLJ 2002 6 106.pdf"
,"CLJ_2002_6_127","CLJ 2002 6 127.pdf"
,"CLJ_2002_6_133","CLJ 2002 6 133.pdf"
,"CLJ_2002_6_141","CLJ 2002 6 141.pdf"
,"CLJ_2002_6_152","CLJ 2002 6 152.pdf"
,"CLJ_2002_6_162","CLJ 2002 6 162.pdf"
,"CLJ_2002_6_168","CLJ 2002 6 168.pdf"
,"CLJ_2002_6_181","CLJ 2002 6 181.pdf"
,"CLJ_2002_6_185","CLJ 2002 6 185.pdf"
,"CLJ_2002_6_195","CLJ 2002 6 195.pdf"
,"CLJ_2002_6_201","CLJ 2002 6 201.pdf"
,"CLJ_2002_6_211","CLJ 2002 6 211.pdf"
,"CLJ_2002_6_221","CLJ 2002 6 221.pdf"
,"CLJ_2002_6_240","CLJ 2002 6 240.pdf"
,"CLJ_2002_6_250","CLJ 2002 6 250.pdf"
,"CLJ_2002_6_265","CLJ 2002 6 265.pdf"
,"CLJ_2002_6_272","CLJ 2002 6 272.pdf"
,"CLJ_2002_6_277","CLJ 2002 6 277.pdf"
,"CLJ_2002_6_285","CLJ 2002 6 285.pdf"
,"CLJ_2002_6_288","CLJ 2002 6 288.pdf"
,"CLJ_2002_6_295","CLJ 2002 6 295.pdf"
,"CLJ_2002_6_323","CLJ 2002 6 323.pdf"
,"CLJ_2002_6_332","CLJ 2002 6 332.pdf"
,"CLJ_2002_6_34","CLJ 2002 6 34.pdf"
,"CLJ_2002_6_340","CLJ 2002 6 340.pdf"
,"CLJ_2002_6_345","CLJ 2002 6 345.pdf"
,"CLJ_2002_6_352","CLJ 2002 6 352.pdf"
,"CLJ_2002_6_369","CLJ 2002 6 369.pdf"
,"CLJ_2002_6_381","CLJ 2002 6 381.pdf"
,"CLJ_2002_6_390","CLJ 2002 6 390.pdf"
,"CLJ_2002_6_395","CLJ 2002 6 395.pdf"
,"CLJ_2002_6_405","CLJ 2002 6 405.pdf"
,"CLJ_2002_6_418","CLJ 2002 6 418.pdf"
,"CLJ_2002_6_433","CLJ 2002 6 433.pdf"
,"CLJ_2002_6_437","CLJ 2002 6 437.pdf"
,"CLJ_2002_6_442","CLJ 2002 6 442.pdf"
,"CLJ_2002_6_453","CLJ 2002 6 453.pdf"
,"CLJ_2002_6_465","CLJ 2002 6 465.pdf"
,"CLJ_2002_6_475","CLJ 2002 6 475.pdf"
,"CLJ_2002_6_484","CLJ 2002 6 484.pdf"
,"CLJ_2002_6_492","CLJ 2002 6 492.pdf"
,"CLJ_2002_6_512","CLJ 2002 6 512.pdf"
,"CLJ_2002_6_56","CLJ 2002 6 56.pdf"
,"CLJ_2002_6_6","CLJ 2002 6 6.pdf"
,"CLJ_2002_6_63","CLJ 2002 6 63.pdf"
,"CLJ_2002_6_73","CLJ 2002 6 73.pdf"
,"CLJ_2002_6_81","CLJ 2002 6 81.pdf"
,"CLJ_2002_6_85","CLJ 2002 6 85.pdf"
,"CLJ_2002_6_92","CLJ 2002 6 92.pdf"
clj_2002_7,"CLJ_2002_7_1","CLJ 2002 7 1.pdf","Current Law Journal, 2002, Volume 7",[2002],texts,opensource
,"CLJ_2002_7_125","CLJ 2002 7 125.pdf"
,"CLJ_2002_7_132","CLJ 2002 7 132.pdf"
,"CLJ_2002_7_141","CLJ 2002 7 141.pdf"
,"CLJ_2002_7_175","CLJ 2002 7 175.pdf"
,"CLJ_2002_7_181","CLJ 2002 7 181.pdf"
,"CLJ_2002_7_186","CLJ 2002 7 186.pdf"
,"CLJ_2002_7_191","CLJ 2002 7 191.pdf"
,"CLJ_2002_7_200","CLJ 2002 7 200.pdf"
,"CLJ_2002_7_206","CLJ 2002 7 206.pdf"
,"CLJ_2002_7_213","CLJ 2002 7 213.pdf"
,"CLJ_2002_7_221","CLJ 2002 7 221.pdf"
,"CLJ_2002_7_234","CLJ 2002 7 234.pdf"
,"CLJ_2002_7_260","CLJ 2002 7 260.pdf"
,"CLJ_2002_7_273","CLJ 2002 7 273.pdf"
,"CLJ_2002_7_282","CLJ 2002 7 282.pdf"
,"CLJ_2002_7_289","CLJ 2002 7 289.pdf"
,"CLJ_2002_7_301","CLJ 2002 7 301.pdf"
,"CLJ_2002_7_308","CLJ 2002 7 308.pdf"
,"CLJ_2002_7_316","CLJ 2002 7 316.pdf"
,"CLJ_2002_7_32","CLJ 2002 7 32.pdf"
,"CLJ_2002_7_320","CLJ 2002 7 320.pdf"
,"CLJ_2002_7_327","CLJ 2002 7 327.pdf"
,"CLJ_2002_7_357","CLJ 2002 7 357.pdf"
,"CLJ_2002_7_370","CLJ 2002 7 370.pdf"
,"CLJ_2002_7_377","CLJ 2002 7 377.pdf"
,"CLJ_2002_7_400","CLJ 2002 7 400.pdf"
,"CLJ_2002_7_420","CLJ 2002 7 420.pdf"
,"CLJ_2002_7_433","CLJ 2002 7 433.pdf"
,"CLJ_2002_7_449","CLJ 2002 7 449.pdf"
,"CLJ_2002_7_455","CLJ 2002 7 455.pdf"
,"CLJ_2002_7_465","CLJ 2002 7 465.pdf"
,"CLJ_2002_7_472","CLJ 2002 7 472.pdf"
,"CLJ_2002_7_478","CLJ 2002 7 478.pdf"
,"CLJ_2002_7_504","CLJ 2002 7 504.pdf"
,"CLJ_2002_7_531","CLJ 2002 7 531.pdf"
,"CLJ_2002_7_549","CLJ 2002 7 549.pdf"
,"CLJ_2002_7_556","CLJ 2002 7 556.pdf"
,"CLJ_2002_7_564","CLJ 2002 7 564.pdf"
,"CLJ_2002_7_566","CLJ 2002 7 566.pdf"
,"CLJ_2002_7_580","CLJ 2002 7 580.pdf"
,"CLJ_2002_7_59","CLJ 2002 7 59.pdf"
,"CLJ_2002_7_599","CLJ 2002 7 599.pdf"
,"CLJ_2002_7_64","CLJ 2002 7 64.pdf"
,"CLJ_2002_7_71","CLJ 2002 7 71.pdf"
,"CLJ_2002_7_77","CLJ 2002 7 77.pdf"
,"CLJ_2002_7_81","CLJ 2002 7 81.pdf"
clj_2002_8,"CLJ_2002_8_1","CLJ 2002 8 1.pdf","Current Law Journal, 2002, Volume 8",[2002],texts,opensource
,"CLJ_2002_8_100","CLJ 2002 8 100.pdf"
,"CLJ_2002_8_1008","CLJ 2002 8 1008.pdf"
,"CLJ_2002_8_1019","CLJ 2002 8 1019.pdf"
,"CLJ_2002_8_1031","CLJ 2002 8 1031.pdf"
,"CLJ_2002_8_128","CLJ 2002 8 128.pdf"
,"CLJ_2002_8_133","CLJ 2002 8 133.pdf"
,"CLJ_2002_8_136","CLJ 2002 8 136.pdf"
,"CLJ_2002_8_151","CLJ 2002 8 151.pdf"
,"CLJ_2002_8_161","CLJ 2002 8 161.pdf"
,"CLJ_2002_8_17","CLJ 2002 8 17.pdf"
,"CLJ_2002_8_182","CLJ 2002 8 182.pdf"
,"CLJ_2002_8_195","CLJ 2002 8 195.pdf"
,"CLJ_2002_8_203","CLJ 2002 8 203.pdf"
,"CLJ_2002_8_218","CLJ 2002 8 218.pdf"
,"CLJ_2002_8_246","CLJ 2002 8 246.pdf"
,"CLJ_2002_8_253","CLJ 2002 8 253.pdf"
,"CLJ_2002_8_269","CLJ 2002 8 269.pdf"
,"CLJ_2002_8_279","CLJ 2002 8 279.pdf"
,"CLJ_2002_8_29","CLJ 2002 8 29.pdf"
,"CLJ_2002_8_295","CLJ 2002 8 295.pdf"
,"CLJ_2002_8_34","CLJ 2002 8 34.pdf"
,"CLJ_2002_8_40","CLJ 2002 8 40.pdf"
,"CLJ_2002_8_443","CLJ 2002 8 443.pdf"
,"CLJ_2002_8_448","CLJ 2002 8 448.pdf"
,"CLJ_2002_8_476","CLJ 2002 8 476.pdf"
,"CLJ_2002_8_482","CLJ 2002 8 482.pdf"
,"CLJ_2002_8_484","CLJ 2002 8 484.pdf"
,"CLJ_2002_8_497","CLJ 2002 8 497.pdf"
,"CLJ_2002_8_503","CLJ 2002 8 503.pdf"
,"CLJ_2002_8_52","CLJ 2002 8 52.pdf"
,"CLJ_2002_8_540","CLJ 2002 8 540.pdf"
,"CLJ_2002_8_553","CLJ 2002 8 553.pdf"
,"CLJ_2002_8_582","CLJ 2002 8 582.pdf"
,"CLJ_2002_8_591","CLJ 2002 8 591.pdf"
,"CLJ_2002_8_597","CLJ 2002 8 597.pdf"
,"CLJ_2002_8_608","CLJ 2002 8 608.pdf"
,"CLJ_2002_8_619","CLJ 2002 8 619.pdf"
,"CLJ_2002_8_628","CLJ 2002 8 628.pdf"
,"CLJ_2002_8_648","CLJ 2002 8 648.pdf"
,"CLJ_2002_8_65","CLJ 2002 8 65.pdf"
,"CLJ_2002_8_660","CLJ 2002 8 660.pdf"
,"CLJ_2002_8_672","CLJ 2002 8 672.pdf"
,"CLJ_2002_8_682","CLJ 2002 8 682.pdf"
,"CLJ_2002_8_696","CLJ 2002 8 696.pdf"
,"CLJ_2002_8_719","CLJ 2002 8 719.pdf"
,"CLJ_2002_8_725","CLJ 2002 8 725.pdf"
,"CLJ_2002_8_744","CLJ 2002 8 744.pdf"
,"CLJ_2002_8_751","CLJ 2002 8 751.pdf"
,"CLJ_2002_8_771","CLJ 2002 8 771.pdf"
,"CLJ_2002_8_780","CLJ 2002 8 780.pdf"
,"CLJ_2002_8_787","CLJ 2002 8 787.pdf"
,"CLJ_2002_8_807","CLJ 2002 8 807.pdf"
,"CLJ_2002_8_814","CLJ 2002 8 814.pdf"
,"CLJ_2002_8_846","CLJ 2002 8 846.pdf"
,"CLJ_2002_8_86","CLJ 2002 8 86.pdf"
,"CLJ_2002_8_861","CLJ 2002 8 861.pdf"
,"CLJ_2002_8_877","CLJ 2002 8 877.pdf"
,"CLJ_2002_8_898","CLJ 2002 8 898.pdf"
,"CLJ_2002_8_905","CLJ 2002 8 905.pdf"
,"CLJ_2002_8_924","CLJ 2002 8 924.pdf"
,"CLJ_2002_8_945","CLJ 2002 8 945.pdf"
,"CLJ_2002_8_95","CLJ 2002 8 95.pdf"
,"CLJ_2002_8_951","CLJ 2002 8 951.pdf"
,"CLJ_2002_8_961","CLJ 2002 8 961.pdf"
,"CLJ_2002_8_982","CLJ 2002 8 982.pdf"
,"CLJ_2002_8_997","CLJ 2002 8 997.pdf"
clj_2003_1,"CLJ_2003_1_1","CLJ 2003 1 1.pdf","Current Law Journal, 2003, Volume 1",[2003],texts,opensource
,"CLJ_2003_1_103","CLJ 2003 1 103.pdf"
,"CLJ_2003_1_12","CLJ 2003 1 12.pdf"
,"CLJ_2003_1_125","CLJ 2003 1 125.pdf"
,"CLJ_2003_1_142","CLJ 2003 1 142.pdf"
,"CLJ_2003_1_147","CLJ 2003 1 147.pdf"
,"CLJ_2003_1_153","CLJ 2003 1 153.pdf"
,"CLJ_2003_1_171","CLJ 2003 1 171.pdf"
,"CLJ_2003_1_191","CLJ 2003 1 191.pdf"
,"CLJ_2003_1_202","CLJ 2003 1 202.pdf"
,"CLJ_2003_1_210","CLJ 2003 1 210.pdf"
,"CLJ_2003_1_22","CLJ 2003 1 22.pdf"
,"CLJ_2003_1_225","CLJ 2003 1 225.pdf"
,"CLJ_2003_1_253","CLJ 2003 1 253.pdf"
,"CLJ_2003_1_264","CLJ 2003 1 264.pdf"
,"CLJ_2003_1_27","CLJ 2003 1 27.pdf"
,"CLJ_2003_1_276","CLJ 2003 1 276.pdf"
,"CLJ_2003_1_288","CLJ 2003 1 288.pdf"
,"CLJ_2003_1_298","CLJ 2003 1 298.pdf"
,"CLJ_2003_1_309","CLJ 2003 1 309.pdf"
,"CLJ_2003_1_317","CLJ 2003 1 317.pdf"
,"CLJ_2003_1_325","CLJ 2003 1 325.pdf"
,"CLJ_2003_1_333","CLJ 2003 1 333.pdf"
,"CLJ_2003_1_345","CLJ 2003 1 345.pdf"
,"CLJ_2003_1_353","CLJ 2003 1 353.pdf"
,"CLJ_2003_1_365","CLJ 2003 1 365.pdf"
,"CLJ_2003_1_366","CLJ 2003 1 366.pdf"
,"CLJ_2003_1_37","CLJ 2003 1 37.pdf"
,"CLJ_2003_1_370","CLJ 2003 1 370.pdf"
,"CLJ_2003_1_383","CLJ 2003 1 383.pdf"
,"CLJ_2003_1_388","CLJ 2003 1 388.pdf"
,"CLJ_2003_1_410","CLJ 2003 1 410.pdf"
,"CLJ_2003_1_422","CLJ 2003 1 422.pdf"
,"CLJ_2003_1_429","CLJ 2003 1 429.pdf"
,"CLJ_2003_1_434","CLJ 2003 1 434.pdf"
,"CLJ_2003_1_446","CLJ 2003 1 446.pdf"
,"CLJ_2003_1_450","CLJ 2003 1 450.pdf"
,"CLJ_2003_1_458","CLJ 2003 1 458.pdf"
,"CLJ_2003_1_465","CLJ 2003 1 465.pdf"
,"CLJ_2003_1_472","CLJ 2003 1 472.pdf"
,"CLJ_2003_1_482","CLJ 2003 1 482.pdf"
,"CLJ_2003_1_501","CLJ 2003 1 501.pdf"
,"CLJ_2003_1_510","CLJ 2003 1 510.pdf"
,"CLJ_2003_1_527","CLJ 2003 1 527.pdf"
,"CLJ_2003_1_548","CLJ 2003 1 548.pdf"
,"CLJ_2003_1_557","CLJ 2003 1 557.pdf"
,"CLJ_2003_1_578","CLJ 2003 1 578.pdf"
,"CLJ_2003_1_585","CLJ 2003 1 585.pdf"
,"CLJ_2003_1_6","CLJ 2003 1 6.pdf"
,"CLJ_2003_1_61","CLJ 2003 1 61.pdf"
,"CLJ_2003_1_625","CLJ 2003 1 625.pdf"
,"CLJ_2003_1_634","CLJ 2003 1 634.pdf"
,"CLJ_2003_1_655","CLJ 2003 1 655.pdf"
,"CLJ_2003_1_665","CLJ 2003 1 665.pdf"
,"CLJ_2003_1_674","CLJ 2003 1 674.pdf"
,"CLJ_2003_1_685","CLJ 2003 1 685.pdf"
,"CLJ_2003_1_690","CLJ 2003 1 690.pdf"
,"CLJ_2003_1_699","CLJ 2003 1 699.pdf"
,"CLJ_2003_1_719","CLJ 2003 1 719.pdf"
,"CLJ_2003_1_726","CLJ 2003 1 726.pdf"
,"CLJ_2003_1_733","CLJ 2003 1 733.pdf"
,"CLJ_2003_1_734","CLJ 2003 1 734.pdf"
,"CLJ_2003_1_758","CLJ 2003 1 758.pdf"
,"CLJ_2003_1_762","CLJ 2003 1 762.pdf"
,"CLJ_2003_1_767","CLJ 2003 1 767.pdf"
,"CLJ_2003_1_777","CLJ 2003 1 777.pdf"
,"CLJ_2003_1_790","CLJ 2003 1 790.pdf"
,"CLJ_2003_1_801","CLJ 2003 1 801.pdf"
,"CLJ_2003_1_819","CLJ 2003 1 819.pdf"
,"CLJ_2003_1_826","CLJ 2003 1 826.pdf"
,"CLJ_2003_1_831","CLJ 2003 1 831.pdf"
,"CLJ_2003_1_846","CLJ 2003 1 846.pdf"
,"CLJ_2003_1_854","CLJ 2003 1 854.pdf"
,"CLJ_2003_1_863","CLJ 2003 1 863.pdf"
clj_2003_2,"CLJ_2003_2_1","CLJ 2003 2 1.pdf","Current Law Journal, 2003, Volume 2",[2003],texts,opensource
,"CLJ_2003_2_106","CLJ 2003 2 106.pdf"
,"CLJ_2003_2_115","CLJ 2003 2 115.pdf"
,"CLJ_2003_2_122","CLJ 2003 2 122.pdf"
,"CLJ_2003_2_129","CLJ 2003 2 129.pdf"
,"CLJ_2003_2_137","CLJ 2003 2 137.pdf"
,"CLJ_2003_2_142","CLJ 2003 2 142.pdf"
,"CLJ_2003_2_156","CLJ 2003 2 156.pdf"
,"CLJ_2003_2_168","CLJ 2003 2 168.pdf"
,"CLJ_2003_2_171","CLJ 2003 2 171.pdf"
,"CLJ_2003_2_177","CLJ 2003 2 177.pdf"
,"CLJ_2003_2_186","CLJ 2003 2 186.pdf"
,"CLJ_2003_2_19","CLJ 2003 2 19.pdf"
,"CLJ_2003_2_191","CLJ 2003 2 191.pdf"
,"CLJ_2003_2_221","CLJ 2003 2 221.pdf"
,"CLJ_2003_2_228","CLJ 2003 2 228.pdf"
,"CLJ_2003_2_233","CLJ 2003 2 233.pdf"
,"CLJ_2003_2_246","CLJ 2003 2 246.pdf"
,"CLJ_2003_2_260","CLJ 2003 2 260.pdf"
,"CLJ_2003_2_268","CLJ 2003 2 268.pdf"
,"CLJ_2003_2_280","CLJ 2003 2 280.pdf"
,"CLJ_2003_2_288","CLJ 2003 2 288.pdf"
,"CLJ_2003_2_297","CLJ 2003 2 297.pdf"
,"CLJ_2003_2_310","CLJ 2003 2 310.pdf"
,"CLJ_2003_2_320","CLJ 2003 2 320.pdf"
,"CLJ_2003_2_365","CLJ 2003 2 365.pdf"
,"CLJ_2003_2_372","CLJ 2003 2 372.pdf"
,"CLJ_2003_2_377","CLJ 2003 2 377.pdf"
,"CLJ_2003_2_381","CLJ 2003 2 381.pdf"
,"CLJ_2003_2_391","CLJ 2003 2 391.pdf"
,"CLJ_2003_2_402","CLJ 2003 2 402.pdf"
,"CLJ_2003_2_422","CLJ 2003 2 422.pdf"
,"CLJ_2003_2_427","CLJ 2003 2 427.pdf"
,"CLJ_2003_2_434","CLJ 2003 2 434.pdf"
,"CLJ_2003_2_445","CLJ 2003 2 445.pdf"
,"CLJ_2003_2_459","CLJ 2003 2 459.pdf"
,"CLJ_2003_2_473","CLJ 2003 2 473.pdf"
,"CLJ_2003_2_481","CLJ 2003 2 481.pdf"
,"CLJ_2003_2_490","CLJ 2003 2 490.pdf"
,"CLJ_2003_2_496","CLJ 2003 2 496.pdf"
,"CLJ_2003_2_505","CLJ 2003 2 505.pdf"
,"CLJ_2003_2_514","CLJ 2003 2 514.pdf"
,"CLJ_2003_2_520","CLJ 2003 2 520.pdf"
,"CLJ_2003_2_527","CLJ 2003 2 527.pdf"
,"CLJ_2003_2_542","CLJ 2003 2 542.pdf"
,"CLJ_2003_2_549","CLJ 2003 2 549.pdf"
,"CLJ_2003_2_565","CLJ 2003 2 565.pdf"
,"CLJ_2003_2_575","CLJ 2003 2 575.pdf"
,"CLJ_2003_2_585","CLJ 2003 2 585.pdf"
,"CLJ_2003_2_593","CLJ 2003 2 593.pdf"
,"CLJ_2003_2_597","CLJ 2003 2 597.pdf"
,"CLJ_2003_2_605","CLJ 2003 2 605.pdf"
,"CLJ_2003_2_613","CLJ 2003 2 613.pdf"
,"CLJ_2003_2_632","CLJ 2003 2 632.pdf"
,"CLJ_2003_2_639","CLJ 2003 2 639.pdf"
,"CLJ_2003_2_648","CLJ 2003 2 648.pdf"
,"CLJ_2003_2_65","CLJ 2003 2 65.pdf"
,"CLJ_2003_2_658","CLJ 2003 2 658.pdf"
,"CLJ_2003_2_671","CLJ 2003 2 671.pdf"
,"CLJ_2003_2_685","CLJ 2003 2 685.pdf"
,"CLJ_2003_2_691","CLJ 2003 2 691.pdf"
,"CLJ_2003_2_698","CLJ 2003 2 698.pdf"
,"CLJ_2003_2_701","CLJ 2003 2 701.pdf"
,"CLJ_2003_2_712","CLJ 2003 2 712.pdf"
,"CLJ_2003_2_722","CLJ 2003 2 722.pdf"
,"CLJ_2003_2_736","CLJ 2003 2 736.pdf"
,"CLJ_2003_2_752","CLJ 2003 2 752.pdf"
,"CLJ_2003_2_77","CLJ 2003 2 77.pdf"
,"CLJ_2003_2_8","CLJ 2003 2 8.pdf"
,"CLJ_2003_2_86","CLJ 2003 2 86.pdf"
,"CLJ_2003_2_96","CLJ 2003 2 96.pdf"
clj_2003_3,"CLJ_2003_3_1","CLJ 2003 3 1.pdf","Current Law Journal, 2003, Volume 3",[2003],texts,opensource
,"CLJ_2003_3_10","CLJ 2003 3 10.pdf"
,"CLJ_2003_3_105","CLJ 2003 3 105.pdf"
,"CLJ_2003_3_112","CLJ 2003 3 112.pdf"
,"CLJ_2003_3_118","CLJ 2003 3 118.pdf"
,"CLJ_2003_3_126","CLJ 2003 3 126.pdf"
,"CLJ_2003_3_129","CLJ 2003 3 129.pdf"
,"CLJ_2003_3_137","CLJ 2003 3 137.pdf"
,"CLJ_2003_3_144","CLJ 2003 3 144.pdf"
,"CLJ_2003_3_156","CLJ 2003 3 156.pdf"
,"CLJ_2003_3_161","CLJ 2003 3 161.pdf"
,"CLJ_2003_3_166","CLJ 2003 3 166.pdf"
,"CLJ_2003_3_172","CLJ 2003 3 172.pdf"
,"CLJ_2003_3_177","CLJ 2003 3 177.pdf"
,"CLJ_2003_3_195","CLJ 2003 3 195.pdf"
,"CLJ_2003_3_201","CLJ 2003 3 201.pdf"
,"CLJ_2003_3_214","CLJ 2003 3 214.pdf"
,"CLJ_2003_3_22","CLJ 2003 3 22.pdf"
,"CLJ_2003_3_227","CLJ 2003 3 227.pdf"
,"CLJ_2003_3_244","CLJ 2003 3 244.pdf"
,"CLJ_2003_3_269","CLJ 2003 3 269.pdf"
,"CLJ_2003_3_289","CLJ 2003 3 289.pdf"
,"CLJ_2003_3_29","CLJ 2003 3 29.pdf"
,"CLJ_2003_3_310","CLJ 2003 3 310.pdf"
,"CLJ_2003_3_315","CLJ 2003 3 315.pdf"
,"CLJ_2003_3_320","CLJ 2003 3 320.pdf"
,"CLJ_2003_3_330","CLJ 2003 3 330.pdf"
,"CLJ_2003_3_339","CLJ 2003 3 339.pdf"
,"CLJ_2003_3_345","CLJ 2003 3 345.pdf"
,"CLJ_2003_3_349","CLJ 2003 3 349.pdf"
,"CLJ_2003_3_370","CLJ 2003 3 370.pdf"
,"CLJ_2003_3_378","CLJ 2003 3 378.pdf"
,"CLJ_2003_3_39","CLJ 2003 3 39.pdf"
,"CLJ_2003_3_404","CLJ 2003 3 404.pdf"
,"CLJ_2003_3_415","CLJ 2003 3 415.pdf"
,"CLJ_2003_3_425","CLJ 2003 3 425.pdf"
,"CLJ_2003_3_463","CLJ 2003 3 463.pdf"
,"CLJ_2003_3_473","CLJ 2003 3 473.pdf"
,"CLJ_2003_3_482","CLJ 2003 3 482.pdf"
,"CLJ_2003_3_489","CLJ 2003 3 489.pdf"
,"CLJ_2003_3_49","CLJ 2003 3 49.pdf"
,"CLJ_2003_3_497","CLJ 2003 3 497.pdf"
,"CLJ_2003_3_505","CLJ 2003 3 505.pdf"
,"CLJ_2003_3_512","CLJ 2003 3 512.pdf"
,"CLJ_2003_3_532","CLJ 2003 3 532.pdf"
,"CLJ_2003_3_543","CLJ 2003 3 543.pdf"
,"CLJ_2003_3_553","CLJ 2003 3 553.pdf"
,"CLJ_2003_3_563","CLJ 2003 3 563.pdf"
,"CLJ_2003_3_569","CLJ 2003 3 569.pdf"
,"CLJ_2003_3_58","CLJ 2003 3 58.pdf"
,"CLJ_2003_3_584","CLJ 2003 3 584.pdf"
,"CLJ_2003_3_593","CLJ 2003 3 593.pdf"
,"CLJ_2003_3_598","CLJ 2003 3 598.pdf"
,"CLJ_2003_3_608","CLJ 2003 3 608.pdf"
,"CLJ_2003_3_624","CLJ 2003 3 624.pdf"
,"CLJ_2003_3_641","CLJ 2003 3 641.pdf"
,"CLJ_2003_3_651","CLJ 2003 3 651.pdf"
,"CLJ_2003_3_662","CLJ 2003 3 662.pdf"
,"CLJ_2003_3_666","CLJ 2003 3 666.pdf"
,"CLJ_2003_3_679","CLJ 2003 3 679.pdf"
,"CLJ_2003_3_690","CLJ 2003 3 690.pdf"
,"CLJ_2003_3_696","CLJ 2003 3 696.pdf"
,"CLJ_2003_3_705","CLJ 2003 3 705.pdf"
,"CLJ_2003_3_722","CLJ 2003 3 722.pdf"
,"CLJ_2003_3_739","CLJ 2003 3 739.pdf"
,"CLJ_2003_3_760","CLJ 2003 3 760.pdf"
,"CLJ_2003_3_770","CLJ 2003 3 770.pdf"
,"CLJ_2003_3_781","CLJ 2003 3 781.pdf"
,"CLJ_2003_3_791","CLJ 2003 3 791.pdf"
,"CLJ_2003_3_81","CLJ 2003 3 81.pdf"
,"CLJ_2003_3_816","CLJ 2003 3 816.pdf"
,"CLJ_2003_3_833","CLJ 2003 3 833.pdf"
,"CLJ_2003_3_843","CLJ 2003 3 843.pdf"
,"CLJ_2003_3_85","CLJ 2003 3 85.pdf"
,"CLJ_2003_3_864","CLJ 2003 3 864.pdf"
,"CLJ_2003_3_91","CLJ 2003 3 91.pdf"
clj_2003_4,"CLJ_2003_4_1","CLJ 2003 4 1.pdf","Current Law Journal, 2003, Volume 4",[2003],texts,opensource
,"CLJ_2003_4_111","CLJ 2003 4 111.pdf"
,"CLJ_2003_4_116","CLJ 2003 4 116.pdf"
,"CLJ_2003_4_123","CLJ 2003 4 123.pdf"
,"CLJ_2003_4_142","CLJ 2003 4 142.pdf"
,"CLJ_2003_4_153","CLJ 2003 4 153.pdf"
,"CLJ_2003_4_158","CLJ 2003 4 158.pdf"
,"CLJ_2003_4_165","CLJ 2003 4 165.pdf"
,"CLJ_2003_4_171","CLJ 2003 4 171.pdf"
,"CLJ_2003_4_182","CLJ 2003 4 182.pdf"
,"CLJ_2003_4_20","CLJ 2003 4 20.pdf"
,"CLJ_2003_4_201","CLJ 2003 4 201.pdf"
,"CLJ_2003_4_213","CLJ 2003 4 213.pdf"
,"CLJ_2003_4_228","CLJ 2003 4 228.pdf"
,"CLJ_2003_4_237","CLJ 2003 4 237.pdf"
,"CLJ_2003_4_243","CLJ 2003 4 243.pdf"
,"CLJ_2003_4_260","CLJ 2003 4 260.pdf"
,"CLJ_2003_4_270","CLJ 2003 4 270.pdf"
,"CLJ_2003_4_281","CLJ 2003 4 281.pdf"
,"CLJ_2003_4_288","CLJ 2003 4 288.pdf"
,"CLJ_2003_4_294","CLJ 2003 4 294.pdf"
,"CLJ_2003_4_303","CLJ 2003 4 303.pdf"
,"CLJ_2003_4_337","CLJ 2003 4 337.pdf"
,"CLJ_2003_4_34","CLJ 2003 4 34.pdf"
,"CLJ_2003_4_377","CLJ 2003 4 377.pdf"
,"CLJ_2003_4_381","CLJ 2003 4 381.pdf"
,"CLJ_2003_4_395","CLJ 2003 4 395.pdf"
,"CLJ_2003_4_409","CLJ 2003 4 409.pdf"
,"CLJ_2003_4_44","CLJ 2003 4 44.pdf"
,"CLJ_2003_4_501","CLJ 2003 4 501.pdf"
,"CLJ_2003_4_505","CLJ 2003 4 505.pdf"
,"CLJ_2003_4_51","CLJ 2003 4 51.pdf"
,"CLJ_2003_4_520","CLJ 2003 4 520.pdf"
,"CLJ_2003_4_526","CLJ 2003 4 526.pdf"
,"CLJ_2003_4_533","CLJ 2003 4 533.pdf"
,"CLJ_2003_4_539","CLJ 2003 4 539.pdf"
,"CLJ_2003_4_551","CLJ 2003 4 551.pdf"
,"CLJ_2003_4_561","CLJ 2003 4 561.pdf"
,"CLJ_2003_4_572","CLJ 2003 4 572.pdf"
,"CLJ_2003_4_587","CLJ 2003 4 587.pdf"
,"CLJ_2003_4_595","CLJ 2003 4 595.pdf"
,"CLJ_2003_4_603","CLJ 2003 4 603.pdf"
,"CLJ_2003_4_609","CLJ 2003 4 609.pdf"
,"CLJ_2003_4_625","CLJ 2003 4 625.pdf"
,"CLJ_2003_4_639","CLJ 2003 4 639.pdf"
,"CLJ_2003_4_647","CLJ 2003 4 647.pdf"
,"CLJ_2003_4_667","CLJ 2003 4 667.pdf"
,"CLJ_2003_4_68","CLJ 2003 4 68.pdf"
,"CLJ_2003_4_709","CLJ 2003 4 709.pdf"
,"CLJ_2003_4_725","CLJ 2003 4 725.pdf"
,"CLJ_2003_4_743","CLJ 2003 4 743.pdf"
,"CLJ_2003_4_752","CLJ 2003 4 752.pdf"
,"CLJ_2003_4_763","CLJ 2003 4 763.pdf"
,"CLJ_2003_4_774","CLJ 2003 4 774.pdf"
,"CLJ_2003_4_785","CLJ 2003 4 785.pdf"
,"CLJ_2003_4_803","CLJ 2003 4 803.pdf"
,"CLJ_2003_4_823","CLJ 2003 4 823.pdf"
,"CLJ_2003_4_834","CLJ 2003 4 834.pdf"
,"CLJ_2003_4_848","CLJ 2003 4 848.pdf"
,"CLJ_2003_4_85","CLJ 2003 4 85.pdf"
,"CLJ_2003_4_859","CLJ 2003 4 859.pdf"
,"CLJ_2003_4_95","CLJ 2003 4 95.pdf"
clj_2003_5,"CLJ_2003_5_1","CLJ 2003 5 1.pdf","Current Law Journal, 2003, Volume 5",[2003],texts,opensource
,"CLJ_2003_5_103","CLJ 2003 5 103.pdf"
,"CLJ_2003_5_118","CLJ 2003 5 118.pdf"
,"CLJ_2003_5_12","CLJ 2003 5 12.pdf"
,"CLJ_2003_5_134","CLJ 2003 5 134.pdf"
,"CLJ_2003_5_139","CLJ 2003 5 139.pdf"
,"CLJ_2003_5_145","CLJ 2003 5 145.pdf"
,"CLJ_2003_5_150","CLJ 2003 5 150.pdf"
,"CLJ_2003_5_167","CLJ 2003 5 167.pdf"
,"CLJ_2003_5_171","CLJ 2003 5 171.pdf"
,"CLJ_2003_5_18","CLJ 2003 5 18.pdf"
,"CLJ_2003_5_181","CLJ 2003 5 181.pdf"
,"CLJ_2003_5_195","CLJ 2003 5 195.pdf"
,"CLJ_2003_5_205","CLJ 2003 5 205.pdf"
,"CLJ_2003_5_217","CLJ 2003 5 217.pdf"
,"CLJ_2003_5_221","CLJ 2003 5 221.pdf"
,"CLJ_2003_5_235","CLJ 2003 5 235.pdf"
,"CLJ_2003_5_245","CLJ 2003 5 245.pdf"
,"CLJ_2003_5_251","CLJ 2003 5 251.pdf"
,"CLJ_2003_5_263","CLJ 2003 5 263.pdf"
,"CLJ_2003_5_268","CLJ 2003 5 268.pdf"
,"CLJ_2003_5_277","CLJ 2003 5 277.pdf"
,"CLJ_2003_5_286","CLJ 2003 5 286.pdf"
,"CLJ_2003_5_298","CLJ 2003 5 298.pdf"
,"CLJ_2003_5_30","CLJ 2003 5 30.pdf"
,"CLJ_2003_5_305","CLJ 2003 5 305.pdf"
,"CLJ_2003_5_310","CLJ 2003 5 310.pdf"
,"CLJ_2003_5_321","CLJ 2003 5 321.pdf"
,"CLJ_2003_5_335","CLJ 2003 5 335.pdf"
,"CLJ_2003_5_345","CLJ 2003 5 345.pdf"
,"CLJ_2003_5_355","CLJ 2003 5 355.pdf"
,"CLJ_2003_5_362","CLJ 2003 5 362.pdf"
,"CLJ_2003_5_371","CLJ 2003 5 371.pdf"
,"CLJ_2003_5_38","CLJ 2003 5 38.pdf"
,"CLJ_2003_5_384","CLJ 2003 5 384.pdf"
,"CLJ_2003_5_400","CLJ 2003 5 400.pdf"
,"CLJ_2003_5_409","CLJ 2003 5 409.pdf"
,"CLJ_2003_5_422","CLJ 2003 5 422.pdf"
,"CLJ_2003_5_436","CLJ 2003 5 436.pdf"
,"CLJ_2003_5_448","CLJ 2003 5 448.pdf"
,"CLJ_2003_5_459","CLJ 2003 5 459.pdf"
,"CLJ_2003_5_468","CLJ 2003 5 468.pdf"
,"CLJ_2003_5_476","CLJ 2003 5 476.pdf"
,"CLJ_2003_5_481","CLJ 2003 5 481.pdf"
,"CLJ_2003_5_498","CLJ 2003 5 498.pdf"
,"CLJ_2003_5_526","CLJ 2003 5 526.pdf"
,"CLJ_2003_5_532","CLJ 2003 5 532.pdf"
,"CLJ_2003_5_536","CLJ 2003 5 536.pdf"
,"CLJ_2003_5_554","CLJ 2003 5 554.pdf"
,"CLJ_2003_5_63","CLJ 2003 5 63.pdf"
,"CLJ_2003_5_78","CLJ 2003 5 78.pdf"
,"CLJ_2003_5_85","CLJ 2003 5 85.pdf"
clj_2003_6,"CLJ_2003_6_1","CLJ 2003 6 1.pdf","Current Law Journal, 2003, Volume 6",[2003],texts,opensource
,"CLJ_2003_6_120","CLJ 2003 6 120.pdf"
,"CLJ_2003_6_133","CLJ 2003 6 133.pdf"
,"CLJ_2003_6_144","CLJ 2003 6 144.pdf"
,"CLJ_2003_6_152","CLJ 2003 6 152.pdf"
,"CLJ_2003_6_170","CLJ 2003 6 170.pdf"
,"CLJ_2003_6_175","CLJ 2003 6 175.pdf"
,"CLJ_2003_6_18","CLJ 2003 6 18.pdf"
,"CLJ_2003_6_229","CLJ 2003 6 229.pdf"
,"CLJ_2003_6_234","CLJ 2003 6 234.pdf"
,"CLJ_2003_6_251","CLJ 2003 6 251.pdf"
,"CLJ_2003_6_262","CLJ 2003 6 262.pdf"
,"CLJ_2003_6_273","CLJ 2003 6 273.pdf"
,"CLJ_2003_6_28","CLJ 2003 6 28.pdf"
,"CLJ_2003_6_295","CLJ 2003 6 295.pdf"
,"CLJ_2003_6_301","CLJ 2003 6 301.pdf"
,"CLJ_2003_6_306","CLJ 2003 6 306.pdf"
,"CLJ_2003_6_314","CLJ 2003 6 314.pdf"
,"CLJ_2003_6_319","CLJ 2003 6 319.pdf"
,"CLJ_2003_6_326","CLJ 2003 6 326.pdf"
,"CLJ_2003_6_332","CLJ 2003 6 332.pdf"
,"CLJ_2003_6_344","CLJ 2003 6 344.pdf"
,"CLJ_2003_6_369","CLJ 2003 6 369.pdf"
,"CLJ_2003_6_381","CLJ 2003 6 381.pdf"
,"CLJ_2003_6_392","CLJ 2003 6 392.pdf"
,"CLJ_2003_6_401","CLJ 2003 6 401.pdf"
,"CLJ_2003_6_412","CLJ 2003 6 412.pdf"
,"CLJ_2003_6_422","CLJ 2003 6 422.pdf"
,"CLJ_2003_6_433","CLJ 2003 6 433.pdf"
,"CLJ_2003_6_439","CLJ 2003 6 439.pdf"
,"CLJ_2003_6_448","CLJ 2003 6 448.pdf"
,"CLJ_2003_6_459","CLJ 2003 6 459.pdf"
,"CLJ_2003_6_478","CLJ 2003 6 478.pdf"
,"CLJ_2003_6_505","CLJ 2003 6 505.pdf"
,"CLJ_2003_6_548","CLJ 2003 6 548.pdf"
,"CLJ_2003_6_559","CLJ 2003 6 559.pdf"
,"CLJ_2003_6_60","CLJ 2003 6 60.pdf"
,"CLJ_2003_6_65","CLJ 2003 6 65.pdf"
,"CLJ_2003_6_72","CLJ 2003 6 72.pdf"
,"CLJ_2003_6_87","CLJ 2003 6 87.pdf"
,"CLJ_2003_6_97","CLJ 2003 6 97.pdf"
clj_2003_7,"CLJ_2003_7_1","CLJ 2003 7 1.pdf","Current Law Journal, 2003, Volume 7",[2003],texts,opensource
,"CLJ_2003_7_100","CLJ 2003 7 100.pdf"
,"CLJ_2003_7_108","CLJ 2003 7 108.pdf"
,"CLJ_2003_7_11","CLJ 2003 7 11.pdf"
,"CLJ_2003_7_124","CLJ 2003 7 124.pdf"
,"CLJ_2003_7_132","CLJ 2003 7 132.pdf"
,"CLJ_2003_7_149","CLJ 2003 7 149.pdf"
,"CLJ_2003_7_157","CLJ 2003 7 157.pdf"
,"CLJ_2003_7_180","CLJ 2003 7 180.pdf"
,"CLJ_2003_7_186","CLJ 2003 7 186.pdf"
,"CLJ_2003_7_19","CLJ 2003 7 19.pdf"
,"CLJ_2003_7_196","CLJ 2003 7 196.pdf"
,"CLJ_2003_7_205","CLJ 2003 7 205.pdf"
,"CLJ_2003_7_217","CLJ 2003 7 217.pdf"
,"CLJ_2003_7_225","CLJ 2003 7 225.pdf"
,"CLJ_2003_7_235","CLJ 2003 7 235.pdf"
,"CLJ_2003_7_24","CLJ 2003 7 24.pdf"
,"CLJ_2003_7_252","CLJ 2003 7 252.pdf"
,"CLJ_2003_7_259","CLJ 2003 7 259.pdf"
,"CLJ_2003_7_266","CLJ 2003 7 266.pdf"
,"CLJ_2003_7_273","CLJ 2003 7 273.pdf"
,"CLJ_2003_7_285","CLJ 2003 7 285.pdf"
,"CLJ_2003_7_350","CLJ 2003 7 350.pdf"
,"CLJ_2003_7_357","CLJ 2003 7 357.pdf"
,"CLJ_2003_7_365","CLJ 2003 7 365.pdf"
,"CLJ_2003_7_374","CLJ 2003 7 374.pdf"
,"CLJ_2003_7_394","CLJ 2003 7 394.pdf"
,"CLJ_2003_7_405","CLJ 2003 7 405.pdf"
,"CLJ_2003_7_414","CLJ 2003 7 414.pdf"
,"CLJ_2003_7_433","CLJ 2003 7 433.pdf"
,"CLJ_2003_7_447","CLJ 2003 7 447.pdf"
,"CLJ_2003_7_457","CLJ 2003 7 457.pdf"
,"CLJ_2003_7_471","CLJ 2003 7 471.pdf"
,"CLJ_2003_7_482","CLJ 2003 7 482.pdf"
,"CLJ_2003_7_50","CLJ 2003 7 50.pdf"
,"CLJ_2003_7_509","CLJ 2003 7 509.pdf"
,"CLJ_2003_7_515","CLJ 2003 7 515.pdf"
,"CLJ_2003_7_523","CLJ 2003 7 523.pdf"
,"CLJ_2003_7_530","CLJ 2003 7 530.pdf"
,"CLJ_2003_7_561","CLJ 2003 7 561.pdf"
,"CLJ_2003_7_569","CLJ 2003 7 569.pdf"
,"CLJ_2003_7_81","CLJ 2003 7 81.pdf"
clj_2003_8,"CLJ_2003_8_1","CLJ 2003 8 1.pdf","Current Law Journal, 2003, Volume 8",[2003],texts,opensource
,"CLJ_2003_8_110","CLJ 2003 8 110.pdf"
,"CLJ_2003_8_124","CLJ 2003 8 124.pdf"
,"CLJ_2003_8_137","CLJ 2003 8 137.pdf"
,"CLJ_2003_8_144","CLJ 2003 8 144.pdf"
,"CLJ_2003_8_149","CLJ 2003 8 149.pdf"
,"CLJ_2003_8_16","CLJ 2003 8 16.pdf"
,"CLJ_2003_8_175","CLJ 2003 8 175.pdf"
,"CLJ_2003_8_181","CLJ 2003 8 181.pdf"
,"CLJ_2003_8_187","CLJ 2003 8 187.pdf"
,"CLJ_2003_8_194","CLJ 2003 8 194.pdf"
,"CLJ_2003_8_199","CLJ 2003 8 199.pdf"
,"CLJ_2003_8_204","CLJ 2003 8 204.pdf"
,"CLJ_2003_8_209","CLJ 2003 8 209.pdf"
,"CLJ_2003_8_22","CLJ 2003 8 22.pdf"
,"CLJ_2003_8_223","CLJ 2003 8 223.pdf"
,"CLJ_2003_8_228","CLJ 2003 8 228.pdf"
,"CLJ_2003_8_237","CLJ 2003 8 237.pdf"
,"CLJ_2003_8_254","CLJ 2003 8 254.pdf"
,"CLJ_2003_8_265","CLJ 2003 8 265.pdf"
,"CLJ_2003_8_32","CLJ 2003 8 32.pdf"
,"CLJ_2003_8_329","CLJ 2003 8 329.pdf"
,"CLJ_2003_8_351","CLJ 2003 8 351.pdf"
,"CLJ_2003_8_360","CLJ 2003 8 360.pdf"
,"CLJ_2003_8_376","CLJ 2003 8 376.pdf"
,"CLJ_2003_8_383","CLJ 2003 8 383.pdf"
,"CLJ_2003_8_390","CLJ 2003 8 390.pdf"
,"CLJ_2003_8_399","CLJ 2003 8 399.pdf"
,"CLJ_2003_8_403","CLJ 2003 8 403.pdf"
,"CLJ_2003_8_408","CLJ 2003 8 408.pdf"
,"CLJ_2003_8_419","CLJ 2003 8 419.pdf"
,"CLJ_2003_8_446","CLJ 2003 8 446.pdf"
,"CLJ_2003_8_457","CLJ 2003 8 457.pdf"
,"CLJ_2003_8_538","CLJ 2003 8 538.pdf"
,"CLJ_2003_8_555","CLJ 2003 8 555.pdf"
,"CLJ_2003_8_572","CLJ 2003 8 572.pdf"
,"CLJ_2003_8_581","CLJ 2003 8 581.pdf"
,"CLJ_2003_8_589","CLJ 2003 8 589.pdf"
,"CLJ_2003_8_641","CLJ 2003 8 641.pdf"
,"CLJ_2003_8_655","CLJ 2003 8 655.pdf"
,"CLJ_2003_8_663","CLJ 2003 8 663.pdf"
,"CLJ_2003_8_668","CLJ 2003 8 668.pdf"
,"CLJ_2003_8_69","CLJ 2003 8 69.pdf"
,"CLJ_2003_8_697","CLJ 2003 8 697.pdf"
,"CLJ_2003_8_704","CLJ 2003 8 704.pdf"
,"CLJ_2003_8_711","CLJ 2003 8 711.pdf"
,"CLJ_2003_8_720","CLJ 2003 8 720.pdf"
,"CLJ_2003_8_729","CLJ 2003 8 729.pdf"
,"CLJ_2003_8_733","CLJ 2003 8 733.pdf"
,"CLJ_2003_8_741","CLJ 2003 8 741.pdf"
,"CLJ_2003_8_751","CLJ 2003 8 751.pdf"
,"CLJ_2003_8_762","CLJ 2003 8 762.pdf"
,"CLJ_2003_8_77","CLJ 2003 8 77.pdf"
,"CLJ_2003_8_8","CLJ 2003 8 8.pdf"
,"CLJ_2003_8_806","CLJ 2003 8 806.pdf"
,"CLJ_2003_8_813","CLJ 2003 8 813.pdf"
,"CLJ_2003_8_824","CLJ 2003 8 824.pdf"
,"CLJ_2003_8_840","CLJ 2003 8 840.pdf"
,"CLJ_2003_8_849","CLJ 2003 8 849.pdf"
,"CLJ_2003_8_86","CLJ 2003 8 86.pdf"
clj_2004_1,"CLJ_2004_1_1","CLJ 2004 1 1.pdf","Current Law Journal, 2004, Volume 1",[2004],texts,opensource
,"CLJ_2004_1_101","CLJ 2004 1 101.pdf"
,"CLJ_2004_1_129","CLJ 2004 1 129.pdf"
,"CLJ_2004_1_139","CLJ 2004 1 139.pdf"
,"CLJ_2004_1_146","CLJ 2004 1 146.pdf"
,"CLJ_2004_1_165","CLJ 2004 1 165.pdf"
,"CLJ_2004_1_189","CLJ 2004 1 189.pdf"
,"CLJ_2004_1_211","CLJ 2004 1 211.pdf"
,"CLJ_2004_1_219","CLJ 2004 1 219.pdf"
,"CLJ_2004_1_22","CLJ 2004 1 22.pdf"
,"CLJ_2004_1_232","CLJ 2004 1 232.pdf"
,"CLJ_2004_1_239","CLJ 2004 1 239.pdf"
,"CLJ_2004_1_250","CLJ 2004 1 250.pdf"
,"CLJ_2004_1_265","CLJ 2004 1 265.pdf"
,"CLJ_2004_1_274","CLJ 2004 1 274.pdf"
,"CLJ_2004_1_296","CLJ 2004 1 296.pdf"
,"CLJ_2004_1_317","CLJ 2004 1 317.pdf"
,"CLJ_2004_1_330","CLJ 2004 1 330.pdf"
,"CLJ_2004_1_334","CLJ 2004 1 334.pdf"
,"CLJ_2004_1_347","CLJ 2004 1 347.pdf"
,"CLJ_2004_1_357","CLJ 2004 1 357.pdf"
,"CLJ_2004_1_378","CLJ 2004 1 378.pdf"
,"CLJ_2004_1_393","CLJ 2004 1 393.pdf"
,"CLJ_2004_1_403","CLJ 2004 1 403.pdf"
,"CLJ_2004_1_409","CLJ 2004 1 409.pdf"
,"CLJ_2004_1_417","CLJ 2004 1 417.pdf"
,"CLJ_2004_1_437","CLJ 2004 1 437.pdf"
,"CLJ_2004_1_451","CLJ 2004 1 451.pdf"
,"CLJ_2004_1_473","CLJ 2004 1 473.pdf"
,"CLJ_2004_1_491","CLJ 2004 1 491.pdf"
,"CLJ_2004_1_505","CLJ 2004 1 505.pdf"
,"CLJ_2004_1_51","CLJ 2004 1 51.pdf"
,"CLJ_2004_1_521","CLJ 2004 1 521.pdf"
,"CLJ_2004_1_532","CLJ 2004 1 532.pdf"
,"CLJ_2004_1_540","CLJ 2004 1 540.pdf"
,"CLJ_2004_1_550","CLJ 2004 1 550.pdf"
,"CLJ_2004_1_565","CLJ 2004 1 565.pdf"
,"CLJ_2004_1_57","CLJ 2004 1 57.pdf"
,"CLJ_2004_1_574","CLJ 2004 1 574.pdf"
,"CLJ_2004_1_581","CLJ 2004 1 581.pdf"
,"CLJ_2004_1_592","CLJ 2004 1 592.pdf"
,"CLJ_2004_1_608","CLJ 2004 1 608.pdf"
,"CLJ_2004_1_614","CLJ 2004 1 614.pdf"
,"CLJ_2004_1_624","CLJ 2004 1 624.pdf"
,"CLJ_2004_1_634","CLJ 2004 1 634.pdf"
,"CLJ_2004_1_642","CLJ 2004 1 642.pdf"
,"CLJ_2004_1_645","CLJ 2004 1 645.pdf"
,"CLJ_2004_1_654","CLJ 2004 1 654.pdf"
,"CLJ_2004_1_661","CLJ 2004 1 661.pdf"
,"CLJ_2004_1_674","CLJ 2004 1 674.pdf"
,"CLJ_2004_1_684","CLJ 2004 1 684.pdf"
,"CLJ_2004_1_691","CLJ 2004 1 691.pdf"
,"CLJ_2004_1_701","CLJ 2004 1 701.pdf"
,"CLJ_2004_1_743","CLJ 2004 1 743.pdf"
,"CLJ_2004_1_752","CLJ 2004 1 752.pdf"
,"CLJ_2004_1_759","CLJ 2004 1 759.pdf"
,"CLJ_2004_1_769","CLJ 2004 1 769.pdf"
,"CLJ_2004_1_773","CLJ 2004 1 773.pdf"
,"CLJ_2004_1_781","CLJ 2004 1 781.pdf"
,"CLJ_2004_1_797","CLJ 2004 1 797.pdf"
,"CLJ_2004_1_8","CLJ 2004 1 8.pdf"
,"CLJ_2004_1_81","CLJ 2004 1 81.pdf"
,"CLJ_2004_1_810","CLJ 2004 1 810.pdf"
,"CLJ_2004_1_835","CLJ 2004 1 835.pdf"
,"CLJ_2004_1_844","CLJ 2004 1 844.pdf"
,"CLJ_2004_1_849","CLJ 2004 1 849.pdf"
,"CLJ_2004_1_865","CLJ 2004 1 865.pdf"
,"CLJ_2004_1_869","CLJ 2004 1 869.pdf"
,"CLJ_2004_1_889","CLJ 2004 1 889.pdf"
clj_2004_2,"CLJ_2004_2_1","CLJ 2004 2 1.pdf","Current Law Journal, 2004, Volume 2",[2004],texts,opensource
,"CLJ_2004_2_108","CLJ 2004 2 108.pdf"
,"CLJ_2004_2_121","CLJ 2004 2 121.pdf"
,"CLJ_2004_2_152","CLJ 2004 2 152.pdf"
,"CLJ_2004_2_164","CLJ 2004 2 164.pdf"
,"CLJ_2004_2_169","CLJ 2004 2 169.pdf"
,"CLJ_2004_2_176","CLJ 2004 2 176.pdf"
,"CLJ_2004_2_186","CLJ 2004 2 186.pdf"
,"CLJ_2004_2_19","CLJ 2004 2 19.pdf"
,"CLJ_2004_2_199","CLJ 2004 2 199.pdf"
,"CLJ_2004_2_204","CLJ 2004 2 204.pdf"
,"CLJ_2004_2_231","CLJ 2004 2 231.pdf"
,"CLJ_2004_2_241","CLJ 2004 2 241.pdf"
,"CLJ_2004_2_265","CLJ 2004 2 265.pdf"
,"CLJ_2004_2_301","CLJ 2004 2 301.pdf"
,"CLJ_2004_2_316","CLJ 2004 2 316.pdf"
,"CLJ_2004_2_32","CLJ 2004 2 32.pdf"
,"CLJ_2004_2_321","CLJ 2004 2 321.pdf"
,"CLJ_2004_2_365","CLJ 2004 2 365.pdf"
,"CLJ_2004_2_383","CLJ 2004 2 383.pdf"
,"CLJ_2004_2_392","CLJ 2004 2 392.pdf"
,"CLJ_2004_2_407","CLJ 2004 2 407.pdf"
,"CLJ_2004_2_416","CLJ 2004 2 416.pdf"
,"CLJ_2004_2_429","CLJ 2004 2 429.pdf"
,"CLJ_2004_2_434","CLJ 2004 2 434.pdf"
,"CLJ_2004_2_439","CLJ 2004 2 439.pdf"
,"CLJ_2004_2_458","CLJ 2004 2 458.pdf"
,"CLJ_2004_2_482","CLJ 2004 2 482.pdf"
,"CLJ_2004_2_486","CLJ 2004 2 486.pdf"
,"CLJ_2004_2_489","CLJ 2004 2 489.pdf"
,"CLJ_2004_2_497","CLJ 2004 2 497.pdf"
,"CLJ_2004_2_503","CLJ 2004 2 503.pdf"
,"CLJ_2004_2_516","CLJ 2004 2 516.pdf"
,"CLJ_2004_2_525","CLJ 2004 2 525.pdf"
,"CLJ_2004_2_531","CLJ 2004 2 531.pdf"
,"CLJ_2004_2_541","CLJ 2004 2 541.pdf"
,"CLJ_2004_2_553","CLJ 2004 2 553.pdf"
,"CLJ_2004_2_57","CLJ 2004 2 57.pdf"
,"CLJ_2004_2_572","CLJ 2004 2 572.pdf"
,"CLJ_2004_2_586","CLJ 2004 2 586.pdf"
,"CLJ_2004_2_595","CLJ 2004 2 595.pdf"
,"CLJ_2004_2_604","CLJ 2004 2 604.pdf"
,"CLJ_2004_2_610","CLJ 2004 2 610.pdf"
,"CLJ_2004_2_617","CLJ 2004 2 617.pdf"
,"CLJ_2004_2_631","CLJ 2004 2 631.pdf"
,"CLJ_2004_2_64","CLJ 2004 2 64.pdf"
,"CLJ_2004_2_643","CLJ 2004 2 643.pdf"
,"CLJ_2004_2_689","CLJ 2004 2 689.pdf"
,"CLJ_2004_2_697","CLJ 2004 2 697.pdf"
,"CLJ_2004_2_707","CLJ 2004 2 707.pdf"
,"CLJ_2004_2_757","CLJ 2004 2 757.pdf"
,"CLJ_2004_2_76","CLJ 2004 2 76.pdf"
,"CLJ_2004_2_763","CLJ 2004 2 763.pdf"
,"CLJ_2004_2_772","CLJ 2004 2 772.pdf"
,"CLJ_2004_2_777","CLJ 2004 2 777.pdf"
,"CLJ_2004_2_787","CLJ 2004 2 787.pdf"
,"CLJ_2004_2_807","CLJ 2004 2 807.pdf"
,"CLJ_2004_2_816","CLJ 2004 2 816.pdf"
,"CLJ_2004_2_832","CLJ 2004 2 832.pdf"
,"CLJ_2004_2_841","CLJ 2004 2 841.pdf"
,"CLJ_2004_2_85","CLJ 2004 2 85.pdf"
,"CLJ_2004_2_857","CLJ 2004 2 857.pdf"
,"CLJ_2004_2_877","CLJ 2004 2 877.pdf"
,"CLJ_2004_2_882","CLJ 2004 2 882.pdf"
,"CLJ_2004_2_891","CLJ 2004 2 891.pdf"
,"CLJ_2004_2_898","CLJ 2004 2 898.pdf"
,"CLJ_2004_2_917","CLJ 2004 2 917.pdf"
,"CLJ_2004_2_99","CLJ 2004 2 99.pdf"
clj_2004_3,"CLJ_2004_3_1","CLJ 2004 3 1.pdf","Current Law Journal, 2004, Volume 3",[2004],texts,opensource
,"CLJ_2004_3_108","CLJ 2004 3 108.pdf"
,"CLJ_2004_3_113","CLJ 2004 3 113.pdf"
,"CLJ_2004_3_121","CLJ 2004 3 121.pdf"
,"CLJ_2004_3_131","CLJ 2004 3 131.pdf"
,"CLJ_2004_3_16","CLJ 2004 3 16.pdf"
,"CLJ_2004_3_172","CLJ 2004 3 172.pdf"
,"CLJ_2004_3_180","CLJ 2004 3 180.pdf"
,"CLJ_2004_3_189","CLJ 2004 3 189.pdf"
,"CLJ_2004_3_207","CLJ 2004 3 207.pdf"
,"CLJ_2004_3_22","CLJ 2004 3 22.pdf"
,"CLJ_2004_3_222","CLJ 2004 3 222.pdf"
,"CLJ_2004_3_234","CLJ 2004 3 234.pdf"
,"CLJ_2004_3_243","CLJ 2004 3 243.pdf"
,"CLJ_2004_3_257","CLJ 2004 3 257.pdf"
,"CLJ_2004_3_272","CLJ 2004 3 272.pdf"
,"CLJ_2004_3_285","CLJ 2004 3 285.pdf"
,"CLJ_2004_3_297","CLJ 2004 3 297.pdf"
,"CLJ_2004_3_303","CLJ 2004 3 303.pdf"
,"CLJ_2004_3_310","CLJ 2004 3 310.pdf"
,"CLJ_2004_3_32","CLJ 2004 3 32.pdf"
,"CLJ_2004_3_321","CLJ 2004 3 321.pdf"
,"CLJ_2004_3_338","CLJ 2004 3 338.pdf"
,"CLJ_2004_3_350","CLJ 2004 3 350.pdf"
,"CLJ_2004_3_362","CLJ 2004 3 362.pdf"
,"CLJ_2004_3_375","CLJ 2004 3 375.pdf"
,"CLJ_2004_3_401","CLJ 2004 3 401.pdf"
,"CLJ_2004_3_409","CLJ 2004 3 409.pdf"
,"CLJ_2004_3_424","CLJ 2004 3 424.pdf"
,"CLJ_2004_3_436","CLJ 2004 3 436.pdf"
,"CLJ_2004_3_44","CLJ 2004 3 44.pdf"
,"CLJ_2004_3_449","CLJ 2004 3 449.pdf"
,"CLJ_2004_3_458","CLJ 2004 3 458.pdf"
,"CLJ_2004_3_466","CLJ 2004 3 466.pdf"
,"CLJ_2004_3_481","CLJ 2004 3 481.pdf"
,"CLJ_2004_3_489","CLJ 2004 3 489.pdf"
,"CLJ_2004_3_504","CLJ 2004 3 504.pdf"
,"CLJ_2004_3_516","CLJ 2004 3 516.pdf"
,"CLJ_2004_3_53","CLJ 2004 3 53.pdf"
,"CLJ_2004_3_535","CLJ 2004 3 535.pdf"
,"CLJ_2004_3_553","CLJ 2004 3 553.pdf"
,"CLJ_2004_3_59","CLJ 2004 3 59.pdf"
,"CLJ_2004_3_591","CLJ 2004 3 591.pdf"
,"CLJ_2004_3_601","CLJ 2004 3 601.pdf"
,"CLJ_2004_3_615","CLJ 2004 3 615.pdf"
,"CLJ_2004_3_623","CLJ 2004 3 623.pdf"
,"CLJ_2004_3_646","CLJ 2004 3 646.pdf"
,"CLJ_2004_3_669","CLJ 2004 3 669.pdf"
,"CLJ_2004_3_67","CLJ 2004 3 67.pdf"
,"CLJ_2004_3_675","CLJ 2004 3 675.pdf"
,"CLJ_2004_3_679","CLJ 2004 3 679.pdf"
,"CLJ_2004_3_695","CLJ 2004 3 695.pdf"
,"CLJ_2004_3_700","CLJ 2004 3 700.pdf"
,"CLJ_2004_3_73","CLJ 2004 3 73.pdf"
,"CLJ_2004_3_737","CLJ 2004 3 737.pdf"
,"CLJ_2004_3_79","CLJ 2004 3 79.pdf"
,"CLJ_2004_3_809","CLJ 2004 3 809.pdf"
,"CLJ_2004_3_815","CLJ 2004 3 815.pdf"
,"CLJ_2004_3_88","CLJ 2004 3 88.pdf"
,"CLJ_2004_3_9","CLJ 2004 3 9.pdf"
,"CLJ_2004_3_96","CLJ 2004 3 96.pdf"
clj_2004_4,"CLJ_2004_4_1","CLJ 2004 4 1.pdf","Current Law Journal, 2004, Volume 4",[2004],texts,opensource
,"CLJ_2004_4_104","CLJ 2004 4 104.pdf"
,"CLJ_2004_4_112","CLJ 2004 4 112.pdf"
,"CLJ_2004_4_118","CLJ 2004 4 118.pdf"
,"CLJ_2004_4_127","CLJ 2004 4 127.pdf"
,"CLJ_2004_4_151","CLJ 2004 4 151.pdf"
,"CLJ_2004_4_157","CLJ 2004 4 157.pdf"
,"CLJ_2004_4_18","CLJ 2004 4 18.pdf"
,"CLJ_2004_4_194","CLJ 2004 4 194.pdf"
,"CLJ_2004_4_203","CLJ 2004 4 203.pdf"
,"CLJ_2004_4_220","CLJ 2004 4 220.pdf"
,"CLJ_2004_4_229","CLJ 2004 4 229.pdf"
,"CLJ_2004_4_232","CLJ 2004 4 232.pdf"
,"CLJ_2004_4_239","CLJ 2004 4 239.pdf"
,"CLJ_2004_4_282","CLJ 2004 4 282.pdf"
,"CLJ_2004_4_298","CLJ 2004 4 298.pdf"
,"CLJ_2004_4_309","CLJ 2004 4 309.pdf"
,"CLJ_2004_4_337","CLJ 2004 4 337.pdf"
,"CLJ_2004_4_35","CLJ 2004 4 35.pdf"
,"CLJ_2004_4_350","CLJ 2004 4 350.pdf"
,"CLJ_2004_4_367","CLJ 2004 4 367.pdf"
,"CLJ_2004_4_385","CLJ 2004 4 385.pdf"
,"CLJ_2004_4_389","CLJ 2004 4 389.pdf"
,"CLJ_2004_4_403","CLJ 2004 4 403.pdf"
,"CLJ_2004_4_410","CLJ 2004 4 410.pdf"
,"CLJ_2004_4_426","CLJ 2004 4 426.pdf"
,"CLJ_2004_4_443","CLJ 2004 4 443.pdf"
,"CLJ_2004_4_453","CLJ 2004 4 453.pdf"
,"CLJ_2004_4_466","CLJ 2004 4 466.pdf"
,"CLJ_2004_4_492","CLJ 2004 4 492.pdf"
,"CLJ_2004_4_514","CLJ 2004 4 514.pdf"
,"CLJ_2004_4_520","CLJ 2004 4 520.pdf"
,"CLJ_2004_4_528","CLJ 2004 4 528.pdf"
,"CLJ_2004_4_533","CLJ 2004 4 533.pdf"
,"CLJ_2004_4_551","CLJ 2004 4 551.pdf"
,"CLJ_2004_4_596","CLJ 2004 4 596.pdf"
,"CLJ_2004_4_613","CLJ 2004 4 613.pdf"
,"CLJ_2004_4_617","CLJ 2004 4 617.pdf"
,"CLJ_2004_4_624","CLJ 2004 4 624.pdf"
,"CLJ_2004_4_629","CLJ 2004 4 629.pdf"
,"CLJ_2004_4_636","CLJ 2004 4 636.pdf"
,"CLJ_2004_4_646","CLJ 2004 4 646.pdf"
,"CLJ_2004_4_657","CLJ 2004 4 657.pdf"
,"CLJ_2004_4_674","CLJ 2004 4 674.pdf"
,"CLJ_2004_4_699","CLJ 2004 4 699.pdf"
,"CLJ_2004_4_712","CLJ 2004 4 712.pdf"
,"CLJ_2004_4_721","CLJ 2004 4 721.pdf"
,"CLJ_2004_4_729","CLJ 2004 4 729.pdf"
,"CLJ_2004_4_747","CLJ 2004 4 747.pdf"
,"CLJ_2004_4_769","CLJ 2004 4 769.pdf"
,"CLJ_2004_4_77","CLJ 2004 4 77.pdf"
,"CLJ_2004_4_775","CLJ 2004 4 775.pdf"
,"CLJ_2004_4_793","CLJ 2004 4 793.pdf"
,"CLJ_2004_4_804","CLJ 2004 4 804.pdf"
,"CLJ_2004_4_818","CLJ 2004 4 818.pdf"
,"CLJ_2004_4_825","CLJ 2004 4 825.pdf"
,"CLJ_2004_4_838","CLJ 2004 4 838.pdf"
,"CLJ_2004_4_852","CLJ 2004 4 852.pdf"
,"CLJ_2004_4_89","CLJ 2004 4 89.pdf"
clj_2004_5,"CLJ_2004_5_1","CLJ 2004 5 1.pdf","Current Law Journal, 2004, Volume 5",[2004],texts,opensource
,"CLJ_2004_5_11","CLJ 2004 5 11.pdf"
,"CLJ_2004_5_127","CLJ 2004 5 127.pdf"
,"CLJ_2004_5_145","CLJ 2004 5 145.pdf"
,"CLJ_2004_5_153","CLJ 2004 5 153.pdf"
,"CLJ_2004_5_167","CLJ 2004 5 167.pdf"
,"CLJ_2004_5_175","CLJ 2004 5 175.pdf"
,"CLJ_2004_5_181","CLJ 2004 5 181.pdf"
,"CLJ_2004_5_187","CLJ 2004 5 187.pdf"
,"CLJ_2004_5_19","CLJ 2004 5 19.pdf"
,"CLJ_2004_5_239","CLJ 2004 5 239.pdf"
,"CLJ_2004_5_249","CLJ 2004 5 249.pdf"
,"CLJ_2004_5_25","CLJ 2004 5 25.pdf"
,"CLJ_2004_5_256","CLJ 2004 5 256.pdf"
,"CLJ_2004_5_272","CLJ 2004 5 272.pdf"
,"CLJ_2004_5_278","CLJ 2004 5 278.pdf"
,"CLJ_2004_5_285","CLJ 2004 5 285.pdf"
,"CLJ_2004_5_296","CLJ 2004 5 296.pdf"
,"CLJ_2004_5_317","CLJ 2004 5 317.pdf"
,"CLJ_2004_5_321","CLJ 2004 5 321.pdf"
,"CLJ_2004_5_328","CLJ 2004 5 328.pdf"
,"CLJ_2004_5_34","CLJ 2004 5 34.pdf"
,"CLJ_2004_5_343","CLJ 2004 5 343.pdf"
,"CLJ_2004_5_355","CLJ 2004 5 355.pdf"
,"CLJ_2004_5_375","CLJ 2004 5 375.pdf"
,"CLJ_2004_5_381","CLJ 2004 5 381.pdf"
,"CLJ_2004_5_391","CLJ 2004 5 391.pdf"
,"CLJ_2004_5_404","CLJ 2004 5 404.pdf"
,"CLJ_2004_5_415","CLJ 2004 5 415.pdf"
,"CLJ_2004_5_423","CLJ 2004 5 423.pdf"
,"CLJ_2004_5_430","CLJ 2004 5 430.pdf"
,"CLJ_2004_5_445","CLJ 2004 5 445.pdf"
,"CLJ_2004_5_46","CLJ 2004 5 46.pdf"
,"CLJ_2004_5_460","CLJ 2004 5 460.pdf"
,"CLJ_2004_5_467","CLJ 2004 5 467.pdf"
,"CLJ_2004_5_474","CLJ 2004 5 474.pdf"
,"CLJ_2004_5_479","CLJ 2004 5 479.pdf"
,"CLJ_2004_5_484","CLJ 2004 5 484.pdf"
,"CLJ_2004_5_493","CLJ 2004 5 493.pdf"
,"CLJ_2004_5_505","CLJ 2004 5 505.pdf"
,"CLJ_2004_5_515","CLJ 2004 5 515.pdf"
,"CLJ_2004_5_520","CLJ 2004 5 520.pdf"
,"CLJ_2004_5_527","CLJ 2004 5 527.pdf"
,"CLJ_2004_5_549","CLJ 2004 5 549.pdf"
,"CLJ_2004_5_561","CLJ 2004 5 561.pdf"
,"CLJ_2004_5_65","CLJ 2004 5 65.pdf"
,"CLJ_2004_5_73","CLJ 2004 5 73.pdf"
,"CLJ_2004_5_77","CLJ 2004 5 77.pdf"
,"CLJ_2004_5_82","CLJ 2004 5 82.pdf"
clj_2004_6,"CLJ_2004_6_1","CLJ 2004 6 1.pdf","Current Law Journal, 2004, Volume 6",[2004],texts,opensource
,"CLJ_2004_6_101","CLJ 2004 6 101.pdf"
,"CLJ_2004_6_113","CLJ 2004 6 113.pdf"
,"CLJ_2004_6_131","CLJ 2004 6 131.pdf"
,"CLJ_2004_6_141","CLJ 2004 6 141.pdf"
,"CLJ_2004_6_145","CLJ 2004 6 145.pdf"
,"CLJ_2004_6_157","CLJ 2004 6 157.pdf"
,"CLJ_2004_6_174","CLJ 2004 6 174.pdf"
,"CLJ_2004_6_18","CLJ 2004 6 18.pdf"
,"CLJ_2004_6_201","CLJ 2004 6 201.pdf"
,"CLJ_2004_6_226","CLJ 2004 6 226.pdf"
,"CLJ_2004_6_232","CLJ 2004 6 232.pdf"
,"CLJ_2004_6_235","CLJ 2004 6 235.pdf"
,"CLJ_2004_6_242","CLJ 2004 6 242.pdf"
,"CLJ_2004_6_25","CLJ 2004 6 25.pdf"
,"CLJ_2004_6_273","CLJ 2004 6 273.pdf"
,"CLJ_2004_6_282","CLJ 2004 6 282.pdf"
,"CLJ_2004_6_290","CLJ 2004 6 290.pdf"
,"CLJ_2004_6_302","CLJ 2004 6 302.pdf"
,"CLJ_2004_6_312","CLJ 2004 6 312.pdf"
,"CLJ_2004_6_320","CLJ 2004 6 320.pdf"
,"CLJ_2004_6_338","CLJ 2004 6 338.pdf"
,"CLJ_2004_6_345","CLJ 2004 6 345.pdf"
,"CLJ_2004_6_353","CLJ 2004 6 353.pdf"
,"CLJ_2004_6_398","CLJ 2004 6 398.pdf"
,"CLJ_2004_6_406","CLJ 2004 6 406.pdf"
,"CLJ_2004_6_437","CLJ 2004 6 437.pdf"
,"CLJ_2004_6_447","CLJ 2004 6 447.pdf"
,"CLJ_2004_6_465","CLJ 2004 6 465.pdf"
,"CLJ_2004_6_473","CLJ 2004 6 473.pdf"
,"CLJ_2004_6_484","CLJ 2004 6 484.pdf"
,"CLJ_2004_6_497","CLJ 2004 6 497.pdf"
,"CLJ_2004_6_515","CLJ 2004 6 515.pdf"
,"CLJ_2004_6_521","CLJ 2004 6 521.pdf"
,"CLJ_2004_6_531","CLJ 2004 6 531.pdf"
,"CLJ_2004_6_536","CLJ 2004 6 536.pdf"
,"CLJ_2004_6_550","CLJ 2004 6 550.pdf"
,"CLJ_2004_6_64","CLJ 2004 6 64.pdf"
,"CLJ_2004_6_76","CLJ 2004 6 76.pdf"
,"CLJ_2004_6_81","CLJ 2004 6 81.pdf"
,"CLJ_2004_6_85","CLJ 2004 6 85.pdf"
clj_2004_7,"CLJ_2004_7_1","CLJ 2004 7 1.pdf","Current Law Journal, 2004, Volume 7",[2004],texts,opensource
,"CLJ_2004_7_102","CLJ 2004 7 102.pdf"
,"CLJ_2004_7_118","CLJ 2004 7 118.pdf"
,"CLJ_2004_7_12","CLJ 2004 7 12.pdf"
,"CLJ_2004_7_127","CLJ 2004 7 127.pdf"
,"CLJ_2004_7_137","CLJ 2004 7 137.pdf"
,"CLJ_2004_7_145","CLJ 2004 7 145.pdf"
,"CLJ_2004_7_165","CLJ 2004 7 165.pdf"
,"CLJ_2004_7_175","CLJ 2004 7 175.pdf"
,"CLJ_2004_7_189","CLJ 2004 7 189.pdf"
,"CLJ_2004_7_208","CLJ 2004 7 208.pdf"
,"CLJ_2004_7_217","CLJ 2004 7 217.pdf"
,"CLJ_2004_7_226","CLJ 2004 7 226.pdf"
,"CLJ_2004_7_249","CLJ 2004 7 249.pdf"
,"CLJ_2004_7_270","CLJ 2004 7 270.pdf"
,"CLJ_2004_7_279","CLJ 2004 7 279.pdf"
,"CLJ_2004_7_289","CLJ 2004 7 289.pdf"
,"CLJ_2004_7_293","CLJ 2004 7 293.pdf"
,"CLJ_2004_7_306","CLJ 2004 7 306.pdf"
,"CLJ_2004_7_314","CLJ 2004 7 314.pdf"
,"CLJ_2004_7_335","CLJ 2004 7 335.pdf"
,"CLJ_2004_7_344","CLJ 2004 7 344.pdf"
,"CLJ_2004_7_353","CLJ 2004 7 353.pdf"
,"CLJ_2004_7_368","CLJ 2004 7 368.pdf"
,"CLJ_2004_7_391","CLJ 2004 7 391.pdf"
,"CLJ_2004_7_400","CLJ 2004 7 400.pdf"
,"CLJ_2004_7_409","CLJ 2004 7 409.pdf"
,"CLJ_2004_7_422","CLJ 2004 7 422.pdf"
,"CLJ_2004_7_43","CLJ 2004 7 43.pdf"
,"CLJ_2004_7_431","CLJ 2004 7 431.pdf"
,"CLJ_2004_7_443","CLJ 2004 7 443.pdf"
,"CLJ_2004_7_458","CLJ 2004 7 458.pdf"
,"CLJ_2004_7_465","CLJ 2004 7 465.pdf"
,"CLJ_2004_7_54","CLJ 2004 7 54.pdf"
,"CLJ_2004_7_568","CLJ 2004 7 568.pdf"
,"CLJ_2004_7_61","CLJ 2004 7 61.pdf"
,"CLJ_2004_7_77","CLJ 2004 7 77.pdf"
,"CLJ_2004_7_86","CLJ 2004 7 86.pdf"
clj_2004_8,"CLJ_2004_8_1","CLJ 2004 8 1.pdf","Current Law Journal, 2004, Volume 8",[2004],texts,opensource
,"CLJ_2004_8_105","CLJ 2004 8 105.pdf"
,"CLJ_2004_8_117","CLJ 2004 8 117.pdf"
,"CLJ_2004_8_135","CLJ 2004 8 135.pdf"
,"CLJ_2004_8_14","CLJ 2004 8 14.pdf"
,"CLJ_2004_8_149","CLJ 2004 8 149.pdf"
,"CLJ_2004_8_156","CLJ 2004 8 156.pdf"
,"CLJ_2004_8_166","CLJ 2004 8 166.pdf"
,"CLJ_2004_8_175","CLJ 2004 8 175.pdf"
,"CLJ_2004_8_182","CLJ 2004 8 182.pdf"
,"CLJ_2004_8_194","CLJ 2004 8 194.pdf"
,"CLJ_2004_8_20","CLJ 2004 8 20.pdf"
,"CLJ_2004_8_207","CLJ 2004 8 207.pdf"
,"CLJ_2004_8_225","CLJ 2004 8 225.pdf"
,"CLJ_2004_8_247","CLJ 2004 8 247.pdf"
,"CLJ_2004_8_252","CLJ 2004 8 252.pdf"
,"CLJ_2004_8_26","CLJ 2004 8 26.pdf"
,"CLJ_2004_8_263","CLJ 2004 8 263.pdf"
,"CLJ_2004_8_276","CLJ 2004 8 276.pdf"
,"CLJ_2004_8_302","CLJ 2004 8 302.pdf"
,"CLJ_2004_8_308","CLJ 2004 8 308.pdf"
,"CLJ_2004_8_324","CLJ 2004 8 324.pdf"
,"CLJ_2004_8_34","CLJ 2004 8 34.pdf"
,"CLJ_2004_8_369","CLJ 2004 8 369.pdf"
,"CLJ_2004_8_382","CLJ 2004 8 382.pdf"
,"CLJ_2004_8_391","CLJ 2004 8 391.pdf"
,"CLJ_2004_8_402","CLJ 2004 8 402.pdf"
,"CLJ_2004_8_423","CLJ 2004 8 423.pdf"
,"CLJ_2004_8_430","CLJ 2004 8 430.pdf"
,"CLJ_2004_8_440","CLJ 2004 8 440.pdf"
,"CLJ_2004_8_444","CLJ 2004 8 444.pdf"
,"CLJ_2004_8_459","CLJ 2004 8 459.pdf"
,"CLJ_2004_8_468","CLJ 2004 8 468.pdf"
,"CLJ_2004_8_473","CLJ 2004 8 473.pdf"
,"CLJ_2004_8_478","CLJ 2004 8 478.pdf"
,"CLJ_2004_8_483","CLJ 2004 8 483.pdf"
,"CLJ_2004_8_496","CLJ 2004 8 496.pdf"
,"CLJ_2004_8_50","CLJ 2004 8 50.pdf"
,"CLJ_2004_8_513","CLJ 2004 8 513.pdf"
,"CLJ_2004_8_528","CLJ 2004 8 528.pdf"
,"CLJ_2004_8_538","CLJ 2004 8 538.pdf"
,"CLJ_2004_8_55","CLJ 2004 8 55.pdf"
,"CLJ_2004_8_563","CLJ 2004 8 563.pdf"
,"CLJ_2004_8_577","CLJ 2004 8 577.pdf"
,"CLJ_2004_8_584","CLJ 2004 8 584.pdf"
,"CLJ_2004_8_609","CLJ 2004 8 609.pdf"
,"CLJ_2004_8_613","CLJ 2004 8 613.pdf"
,"CLJ_2004_8_62","CLJ 2004 8 62.pdf"
,"CLJ_2004_8_621","CLJ 2004 8 621.pdf"
,"CLJ_2004_8_633","CLJ 2004 8 633.pdf"
,"CLJ_2004_8_639","CLJ 2004 8 639.pdf"
,"CLJ_2004_8_645","CLJ 2004 8 645.pdf"
,"CLJ_2004_8_655","CLJ 2004 8 655.pdf"
,"CLJ_2004_8_659","CLJ 2004 8 659.pdf"
,"CLJ_2004_8_664","CLJ 2004 8 664.pdf"
,"CLJ_2004_8_668","CLJ 2004 8 668.pdf"
,"CLJ_2004_8_674","CLJ 2004 8 674.pdf"
,"CLJ_2004_8_685","CLJ 2004 8 685.pdf"
,"CLJ_2004_8_7","CLJ 2004 8 7.pdf"
,"CLJ_2004_8_702","CLJ 2004 8 702.pdf"
,"CLJ_2004_8_82","CLJ 2004 8 82.pdf"
clj_2005_1,"CLJ_2005_1_1","CLJ 2005 1 1.pdf","Current Law Journal, 2005, Volume 1",[2005],texts,opensource
,"CLJ_2005_1_103","CLJ 2005 1 103.pdf"
,"CLJ_2005_1_11","CLJ 2005 1 11.pdf"
,"CLJ_2005_1_120","CLJ 2005 1 120.pdf"
,"CLJ_2005_1_128","CLJ 2005 1 128.pdf"
,"CLJ_2005_1_133","CLJ 2005 1 133.pdf"
,"CLJ_2005_1_143","CLJ 2005 1 143.pdf"
,"CLJ_2005_1_173","CLJ 2005 1 173.pdf"
,"CLJ_2005_1_186","CLJ 2005 1 186.pdf"
,"CLJ_2005_1_193","CLJ 2005 1 193.pdf"
,"CLJ_2005_1_200","CLJ 2005 1 200.pdf"
,"CLJ_2005_1_226","CLJ 2005 1 226.pdf"
,"CLJ_2005_1_23","CLJ 2005 1 23.pdf"
,"CLJ_2005_1_234","CLJ 2005 1 234.pdf"
,"CLJ_2005_1_241","CLJ 2005 1 241.pdf"
,"CLJ_2005_1_247","CLJ 2005 1 247.pdf"
,"CLJ_2005_1_271","CLJ 2005 1 271.pdf"
,"CLJ_2005_1_281","CLJ 2005 1 281.pdf"
,"CLJ_2005_1_289","CLJ 2005 1 289.pdf"
,"CLJ_2005_1_297","CLJ 2005 1 297.pdf"
,"CLJ_2005_1_305","CLJ 2005 1 305.pdf"
,"CLJ_2005_1_319","CLJ 2005 1 319.pdf"
,"CLJ_2005_1_323","CLJ 2005 1 323.pdf"
,"CLJ_2005_1_336","CLJ 2005 1 336.pdf"
,"CLJ_2005_1_345","CLJ 2005 1 345.pdf"
,"CLJ_2005_1_365","CLJ 2005 1 365.pdf"
,"CLJ_2005_1_374","CLJ 2005 1 374.pdf"
,"CLJ_2005_1_389","CLJ 2005 1 389.pdf"
,"CLJ_2005_1_398","CLJ 2005 1 398.pdf"
,"CLJ_2005_1_416","CLJ 2005 1 416.pdf"
,"CLJ_2005_1_421","CLJ 2005 1 421.pdf"
,"CLJ_2005_1_442","CLJ 2005 1 442.pdf"
,"CLJ_2005_1_466","CLJ 2005 1 466.pdf"
,"CLJ_2005_1_487","CLJ 2005 1 487.pdf"
,"CLJ_2005_1_501","CLJ 2005 1 501.pdf"
,"CLJ_2005_1_513","CLJ 2005 1 513.pdf"
,"CLJ_2005_1_521","CLJ 2005 1 521.pdf"
,"CLJ_2005_1_537","CLJ 2005 1 537.pdf"
,"CLJ_2005_1_546","CLJ 2005 1 546.pdf"
,"CLJ_2005_1_554","CLJ 2005 1 554.pdf"
,"CLJ_2005_1_565","CLJ 2005 1 565.pdf"
,"CLJ_2005_1_573","CLJ 2005 1 573.pdf"
,"CLJ_2005_1_589","CLJ 2005 1 589.pdf"
,"CLJ_2005_1_599","CLJ 2005 1 599.pdf"
,"CLJ_2005_1_622","CLJ 2005 1 622.pdf"
,"CLJ_2005_1_649","CLJ 2005 1 649.pdf"
,"CLJ_2005_1_658","CLJ 2005 1 658.pdf"
,"CLJ_2005_1_666","CLJ 2005 1 666.pdf"
,"CLJ_2005_1_685","CLJ 2005 1 685.pdf"
,"CLJ_2005_1_694","CLJ 2005 1 694.pdf"
,"CLJ_2005_1_700","CLJ 2005 1 700.pdf"
,"CLJ_2005_1_71","CLJ 2005 1 71.pdf"
,"CLJ_2005_1_713","CLJ 2005 1 713.pdf"
,"CLJ_2005_1_784","CLJ 2005 1 784.pdf"
,"CLJ_2005_1_793","CLJ 2005 1 793.pdf"
,"CLJ_2005_1_819","CLJ 2005 1 819.pdf"
,"CLJ_2005_1_826","CLJ 2005 1 826.pdf"
,"CLJ_2005_1_833","CLJ 2005 1 833.pdf"
,"CLJ_2005_1_85","CLJ 2005 1 85.pdf"
,"CLJ_2005_1_858","CLJ 2005 1 858.pdf"
,"CLJ_2005_1_865","CLJ 2005 1 865.pdf"
clj_2005_2,"CLJ_2005_2_1","CLJ 2005 2 1.pdf","Current Law Journal, 2005, Volume 2",[2005],texts,opensource
,"CLJ_2005_2_108","CLJ 2005 2 108.pdf"
,"CLJ_2005_2_122","CLJ 2005 2 122.pdf"
,"CLJ_2005_2_137","CLJ 2005 2 137.pdf"
,"CLJ_2005_2_147","CLJ 2005 2 147.pdf"
,"CLJ_2005_2_157","CLJ 2005 2 157.pdf"
,"CLJ_2005_2_167","CLJ 2005 2 167.pdf"
,"CLJ_2005_2_186","CLJ 2005 2 186.pdf"
,"CLJ_2005_2_195","CLJ 2005 2 195.pdf"
,"CLJ_2005_2_20","CLJ 2005 2 20.pdf"
,"CLJ_2005_2_201","CLJ 2005 2 201.pdf"
,"CLJ_2005_2_213","CLJ 2005 2 213.pdf"
,"CLJ_2005_2_237","CLJ 2005 2 237.pdf"
,"CLJ_2005_2_255","CLJ 2005 2 255.pdf"
,"CLJ_2005_2_264","CLJ 2005 2 264.pdf"
,"CLJ_2005_2_273","CLJ 2005 2 273.pdf"
,"CLJ_2005_2_285","CLJ 2005 2 285.pdf"
,"CLJ_2005_2_306","CLJ 2005 2 306.pdf"
,"CLJ_2005_2_317","CLJ 2005 2 317.pdf"
,"CLJ_2005_2_323","CLJ 2005 2 323.pdf"
,"CLJ_2005_2_350","CLJ 2005 2 350.pdf"
,"CLJ_2005_2_357","CLJ 2005 2 357.pdf"
,"CLJ_2005_2_371","CLJ 2005 2 371.pdf"
,"CLJ_2005_2_385","CLJ 2005 2 385.pdf"
,"CLJ_2005_2_393","CLJ 2005 2 393.pdf"
,"CLJ_2005_2_405","CLJ 2005 2 405.pdf"
,"CLJ_2005_2_429","CLJ 2005 2 429.pdf"
,"CLJ_2005_2_449","CLJ 2005 2 449.pdf"
,"CLJ_2005_2_465","CLJ 2005 2 465.pdf"
,"CLJ_2005_2_472","CLJ 2005 2 472.pdf"
,"CLJ_2005_2_481","CLJ 2005 2 481.pdf"
,"CLJ_2005_2_51","CLJ 2005 2 51.pdf"
,"CLJ_2005_2_510","CLJ 2005 2 510.pdf"
,"CLJ_2005_2_521","CLJ 2005 2 521.pdf"
,"CLJ_2005_2_537","CLJ 2005 2 537.pdf"
,"CLJ_2005_2_544","CLJ 2005 2 544.pdf"
,"CLJ_2005_2_550","CLJ 2005 2 550.pdf"
,"CLJ_2005_2_569","CLJ 2005 2 569.pdf"
,"CLJ_2005_2_578","CLJ 2005 2 578.pdf"
,"CLJ_2005_2_596","CLJ 2005 2 596.pdf"
,"CLJ_2005_2_614","CLJ 2005 2 614.pdf"
,"CLJ_2005_2_620","CLJ 2005 2 620.pdf"
,"CLJ_2005_2_636","CLJ 2005 2 636.pdf"
,"CLJ_2005_2_645","CLJ 2005 2 645.pdf"
,"CLJ_2005_2_655","CLJ 2005 2 655.pdf"
,"CLJ_2005_2_669","CLJ 2005 2 669.pdf"
,"CLJ_2005_2_676","CLJ 2005 2 676.pdf"
,"CLJ_2005_2_688","CLJ 2005 2 688.pdf"
,"CLJ_2005_2_70","CLJ 2005 2 70.pdf"
,"CLJ_2005_2_708","CLJ 2005 2 708.pdf"
,"CLJ_2005_2_713","CLJ 2005 2 713.pdf"
,"CLJ_2005_2_726","CLJ 2005 2 726.pdf"
,"CLJ_2005_2_734","CLJ 2005 2 734.pdf"
,"CLJ_2005_2_766","CLJ 2005 2 766.pdf"
,"CLJ_2005_2_78","CLJ 2005 2 78.pdf"
,"CLJ_2005_2_783","CLJ 2005 2 783.pdf"
,"CLJ_2005_2_797","CLJ 2005 2 797.pdf"
,"CLJ_2005_2_809","CLJ 2005 2 809.pdf"
,"CLJ_2005_2_826","CLJ 2005 2 826.pdf"
,"CLJ_2005_2_839","CLJ 2005 2 839.pdf"
,"CLJ_2005_2_85","CLJ 2005 2 85.pdf"
,"CLJ_2005_2_853","CLJ 2005 2 853.pdf"
,"CLJ_2005_2_863","CLJ 2005 2 863.pdf"
,"CLJ_2005_2_883","CLJ 2005 2 883.pdf"
,"CLJ_2005_2_889","CLJ 2005 2 889.pdf"
,"CLJ_2005_2_910","CLJ 2005 2 910.pdf"
,"CLJ_2005_2_914","CLJ 2005 2 914.pdf"
,"CLJ_2005_2_928","CLJ 2005 2 928.pdf"
,"CLJ_2005_2_936","CLJ 2005 2 936.pdf"
,"CLJ_2005_2_953","CLJ 2005 2 953.pdf"
,"CLJ_2005_2_97","CLJ 2005 2 97.pdf"
clj_2005_3,"CLJ_2005_3_1","CLJ 2005 3 1.pdf","Current Law Journal, 2005, Volume 3",[2005],texts,opensource
,"CLJ_2005_3_102","CLJ 2005 3 102.pdf"
,"CLJ_2005_3_113","CLJ 2005 3 113.pdf"
,"CLJ_2005_3_139","CLJ 2005 3 139.pdf"
,"CLJ_2005_3_15","CLJ 2005 3 15.pdf"
,"CLJ_2005_3_150","CLJ 2005 3 150.pdf"
,"CLJ_2005_3_158","CLJ 2005 3 158.pdf"
,"CLJ_2005_3_165","CLJ 2005 3 165.pdf"
,"CLJ_2005_3_180","CLJ 2005 3 180.pdf"
,"CLJ_2005_3_188","CLJ 2005 3 188.pdf"
,"CLJ_2005_3_204","CLJ 2005 3 204.pdf"
,"CLJ_2005_3_217","CLJ 2005 3 217.pdf"
,"CLJ_2005_3_229","CLJ 2005 3 229.pdf"
,"CLJ_2005_3_238","CLJ 2005 3 238.pdf"
,"CLJ_2005_3_24","CLJ 2005 3 24.pdf"
,"CLJ_2005_3_259","CLJ 2005 3 259.pdf"
,"CLJ_2005_3_302","CLJ 2005 3 302.pdf"
,"CLJ_2005_3_327","CLJ 2005 3 327.pdf"
,"CLJ_2005_3_341","CLJ 2005 3 341.pdf"
,"CLJ_2005_3_350","CLJ 2005 3 350.pdf"
,"CLJ_2005_3_355","CLJ 2005 3 355.pdf"
,"CLJ_2005_3_365","CLJ 2005 3 365.pdf"
,"CLJ_2005_3_370","CLJ 2005 3 370.pdf"
,"CLJ_2005_3_379","CLJ 2005 3 379.pdf"
,"CLJ_2005_3_390","CLJ 2005 3 390.pdf"
,"CLJ_2005_3_397","CLJ 2005 3 397.pdf"
,"CLJ_2005_3_431","CLJ 2005 3 431.pdf"
,"CLJ_2005_3_440","CLJ 2005 3 440.pdf"
,"CLJ_2005_3_47","CLJ 2005 3 47.pdf"
,"CLJ_2005_3_493","CLJ 2005 3 493.pdf"
,"CLJ_2005_3_517","CLJ 2005 3 517.pdf"
,"CLJ_2005_3_539","CLJ 2005 3 539.pdf"
,"CLJ_2005_3_555","CLJ 2005 3 555.pdf"
,"CLJ_2005_3_576","CLJ 2005 3 576.pdf"
,"CLJ_2005_3_582","CLJ 2005 3 582.pdf"
,"CLJ_2005_3_592","CLJ 2005 3 592.pdf"
,"CLJ_2005_3_613","CLJ 2005 3 613.pdf"
,"CLJ_2005_3_636","CLJ 2005 3 636.pdf"
,"CLJ_2005_3_644","CLJ 2005 3 644.pdf"
,"CLJ_2005_3_649","CLJ 2005 3 649.pdf"
,"CLJ_2005_3_654","CLJ 2005 3 654.pdf"
,"CLJ_2005_3_668","CLJ 2005 3 668.pdf"
,"CLJ_2005_3_685","CLJ 2005 3 685.pdf"
,"CLJ_2005_3_697","CLJ 2005 3 697.pdf"
,"CLJ_2005_3_728","CLJ 2005 3 728.pdf"
,"CLJ_2005_3_73","CLJ 2005 3 73.pdf"
,"CLJ_2005_3_734","CLJ 2005 3 734.pdf"
,"CLJ_2005_3_740","CLJ 2005 3 740.pdf"
,"CLJ_2005_3_747","CLJ 2005 3 747.pdf"
,"CLJ_2005_3_753","CLJ 2005 3 753.pdf"
,"CLJ_2005_3_770","CLJ 2005 3 770.pdf"
,"CLJ_2005_3_778","CLJ 2005 3 778.pdf"
,"CLJ_2005_3_793","CLJ 2005 3 793.pdf"
,"CLJ_2005_3_810","CLJ 2005 3 810.pdf"
,"CLJ_2005_3_818","CLJ 2005 3 818.pdf"
,"CLJ_2005_3_825","CLJ 2005 3 825.pdf"
,"CLJ_2005_3_83","CLJ 2005 3 83.pdf"
,"CLJ_2005_3_843","CLJ 2005 3 843.pdf"
,"CLJ_2005_3_851","CLJ 2005 3 851.pdf"
,"CLJ_2005_3_860","CLJ 2005 3 860.pdf"
,"CLJ_2005_3_870","CLJ 2005 3 870.pdf"
,"CLJ_2005_3_875","CLJ 2005 3 875.pdf"
,"CLJ_2005_3_901","CLJ 2005 3 901.pdf"
,"CLJ_2005_3_914","CLJ 2005 3 914.pdf"
,"CLJ_2005_3_93","CLJ 2005 3 93.pdf"
,"CLJ_2005_3_936","CLJ 2005 3 936.pdf"
,"CLJ_2005_3_999","CLJ 2005 3 999.pdf"
clj_2005_4,"CLJ_2005_4_1","CLJ 2005 4 1.pdf","Current Law Journal, 2005, Volume 4",[2005],texts,opensource
,"CLJ_2005_4_101","CLJ 2005 4 101.pdf"
,"CLJ_2005_4_119","CLJ 2005 4 119.pdf"
,"CLJ_2005_4_137","CLJ 2005 4 137.pdf"
,"CLJ_2005_4_148","CLJ 2005 4 148.pdf"
,"CLJ_2005_4_158","CLJ 2005 4 158.pdf"
,"CLJ_2005_4_169","CLJ 2005 4 169.pdf"
,"CLJ_2005_4_202","CLJ 2005 4 202.pdf"
,"CLJ_2005_4_210","CLJ 2005 4 210.pdf"
,"CLJ_2005_4_223","CLJ 2005 4 223.pdf"
,"CLJ_2005_4_233","CLJ 2005 4 233.pdf"
,"CLJ_2005_4_241","CLJ 2005 4 241.pdf"
,"CLJ_2005_4_257","CLJ 2005 4 257.pdf"
,"CLJ_2005_4_264","CLJ 2005 4 264.pdf"
,"CLJ_2005_4_277","CLJ 2005 4 277.pdf"
,"CLJ_2005_4_29","CLJ 2005 4 29.pdf"
,"CLJ_2005_4_305","CLJ 2005 4 305.pdf"
,"CLJ_2005_4_328","CLJ 2005 4 328.pdf"
,"CLJ_2005_4_345","CLJ 2005 4 345.pdf"
,"CLJ_2005_4_394","CLJ 2005 4 394.pdf"
,"CLJ_2005_4_415","CLJ 2005 4 415.pdf"
,"CLJ_2005_4_420","CLJ 2005 4 420.pdf"
,"CLJ_2005_4_430","CLJ 2005 4 430.pdf"
,"CLJ_2005_4_445","CLJ 2005 4 445.pdf"
,"CLJ_2005_4_460","CLJ 2005 4 460.pdf"
,"CLJ_2005_4_469","CLJ 2005 4 469.pdf"
,"CLJ_2005_4_47","CLJ 2005 4 47.pdf"
,"CLJ_2005_4_521","CLJ 2005 4 521.pdf"
,"CLJ_2005_4_537","CLJ 2005 4 537.pdf"
,"CLJ_2005_4_552","CLJ 2005 4 552.pdf"
,"CLJ_2005_4_557","CLJ 2005 4 557.pdf"
,"CLJ_2005_4_581","CLJ 2005 4 581.pdf"
,"CLJ_2005_4_592","CLJ 2005 4 592.pdf"
,"CLJ_2005_4_605","CLJ 2005 4 605.pdf"
,"CLJ_2005_4_613","CLJ 2005 4 613.pdf"
,"CLJ_2005_4_630","CLJ 2005 4 630.pdf"
,"CLJ_2005_4_653","CLJ 2005 4 653.pdf"
,"CLJ_2005_4_66","CLJ 2005 4 66.pdf"
,"CLJ_2005_4_666","CLJ 2005 4 666.pdf"
,"CLJ_2005_4_700","CLJ 2005 4 700.pdf"
,"CLJ_2005_4_710","CLJ 2005 4 710.pdf"
,"CLJ_2005_4_717","CLJ 2005 4 717.pdf"
,"CLJ_2005_4_727","CLJ 2005 4 727.pdf"
,"CLJ_2005_4_750","CLJ 2005 4 750.pdf"
,"CLJ_2005_4_767","CLJ 2005 4 767.pdf"
,"CLJ_2005_4_77","CLJ 2005 4 77.pdf"
,"CLJ_2005_4_797","CLJ 2005 4 797.pdf"
,"CLJ_2005_4_805","CLJ 2005 4 805.pdf"
,"CLJ_2005_4_810","CLJ 2005 4 810.pdf"
,"CLJ_2005_4_819","CLJ 2005 4 819.pdf"
,"CLJ_2005_4_827","CLJ 2005 4 827.pdf"
,"CLJ_2005_4_838","CLJ 2005 4 838.pdf"
,"CLJ_2005_4_853","CLJ 2005 4 853.pdf"
,"CLJ_2005_4_86","CLJ 2005 4 86.pdf"
,"CLJ_2005_4_865","CLJ 2005 4 865.pdf"
,"CLJ_2005_4_871","CLJ 2005 4 871.pdf"
,"CLJ_2005_4_885","CLJ 2005 4 885.pdf"
,"CLJ_2005_4_892","CLJ 2005 4 892.pdf"
,"CLJ_2005_4_902","CLJ 2005 4 902.pdf"
,"CLJ_2005_4_914","CLJ 2005 4 914.pdf"
,"CLJ_2005_4_925","CLJ 2005 4 925.pdf"
,"CLJ_2005_4_93","CLJ 2005 4 93.pdf"
,"CLJ_2005_4_962","CLJ 2005 4 962.pdf"
clj_2005_5,"CLJ_2005_5_1","CLJ 2005 5 1.pdf","Current Law Journal, 2005, Volume 5",[2005],texts,opensource
,"CLJ_2005_5_11","CLJ 2005 5 11.pdf"
,"CLJ_2005_5_111","CLJ 2005 5 111.pdf"
,"CLJ_2005_5_119","CLJ 2005 5 119.pdf"
,"CLJ_2005_5_132","CLJ 2005 5 132.pdf"
,"CLJ_2005_5_140","CLJ 2005 5 140.pdf"
,"CLJ_2005_5_149","CLJ 2005 5 149.pdf"
,"CLJ_2005_5_15","CLJ 2005 5 15.pdf"
,"CLJ_2005_5_171","CLJ 2005 5 171.pdf"
,"CLJ_2005_5_179","CLJ 2005 5 179.pdf"
,"CLJ_2005_5_191","CLJ 2005 5 191.pdf"
,"CLJ_2005_5_199","CLJ 2005 5 199.pdf"
,"CLJ_2005_5_20","CLJ 2005 5 20.pdf"
,"CLJ_2005_5_212","CLJ 2005 5 212.pdf"
,"CLJ_2005_5_221","CLJ 2005 5 221.pdf"
,"CLJ_2005_5_253","CLJ 2005 5 253.pdf"
,"CLJ_2005_5_267","CLJ 2005 5 267.pdf"
,"CLJ_2005_5_274","CLJ 2005 5 274.pdf"
,"CLJ_2005_5_289","CLJ 2005 5 289.pdf"
,"CLJ_2005_5_304","CLJ 2005 5 304.pdf"
,"CLJ_2005_5_329","CLJ 2005 5 329.pdf"
,"CLJ_2005_5_335","CLJ 2005 5 335.pdf"
,"CLJ_2005_5_349","CLJ 2005 5 349.pdf"
,"CLJ_2005_5_387","CLJ 2005 5 387.pdf"
,"CLJ_2005_5_392","CLJ 2005 5 392.pdf"
,"CLJ_2005_5_398","CLJ 2005 5 398.pdf"
,"CLJ_2005_5_408","CLJ 2005 5 408.pdf"
,"CLJ_2005_5_417","CLJ 2005 5 417.pdf"
,"CLJ_2005_5_422","CLJ 2005 5 422.pdf"
,"CLJ_2005_5_439","CLJ 2005 5 439.pdf"
,"CLJ_2005_5_450","CLJ 2005 5 450.pdf"
,"CLJ_2005_5_461","CLJ 2005 5 461.pdf"
,"CLJ_2005_5_470","CLJ 2005 5 470.pdf"
,"CLJ_2005_5_477","CLJ 2005 5 477.pdf"
,"CLJ_2005_5_493","CLJ 2005 5 493.pdf"
,"CLJ_2005_5_50","CLJ 2005 5 50.pdf"
,"CLJ_2005_5_504","CLJ 2005 5 504.pdf"
,"CLJ_2005_5_515","CLJ 2005 5 515.pdf"
,"CLJ_2005_5_67","CLJ 2005 5 67.pdf"
,"CLJ_2005_5_77","CLJ 2005 5 77.pdf"
,"CLJ_2005_5_83","CLJ 2005 5 83.pdf"
clj_2005_6,"CLJ_2005_6_1","CLJ 2005 6 1.pdf","Current Law Journal, 2005, Volume 6",[2005],texts,opensource
,"CLJ_2005_6_114","CLJ 2005 6 114.pdf"
,"CLJ_2005_6_125","CLJ 2005 6 125.pdf"
,"CLJ_2005_6_134","CLJ 2005 6 134.pdf"
,"CLJ_2005_6_14","CLJ 2005 6 14.pdf"
,"CLJ_2005_6_141","CLJ 2005 6 141.pdf"
,"CLJ_2005_6_153","CLJ 2005 6 153.pdf"
,"CLJ_2005_6_163","CLJ 2005 6 163.pdf"
,"CLJ_2005_6_174","CLJ 2005 6 174.pdf"
,"CLJ_2005_6_194","CLJ 2005 6 194.pdf"
,"CLJ_2005_6_213","CLJ 2005 6 213.pdf"
,"CLJ_2005_6_226","CLJ 2005 6 226.pdf"
,"CLJ_2005_6_237","CLJ 2005 6 237.pdf"
,"CLJ_2005_6_24","CLJ 2005 6 24.pdf"
,"CLJ_2005_6_250","CLJ 2005 6 250.pdf"
,"CLJ_2005_6_260","CLJ 2005 6 260.pdf"
,"CLJ_2005_6_272","CLJ 2005 6 272.pdf"
,"CLJ_2005_6_289","CLJ 2005 6 289.pdf"
,"CLJ_2005_6_298","CLJ 2005 6 298.pdf"
,"CLJ_2005_6_304","CLJ 2005 6 304.pdf"
,"CLJ_2005_6_309","CLJ 2005 6 309.pdf"
,"CLJ_2005_6_336","CLJ 2005 6 336.pdf"
,"CLJ_2005_6_34","CLJ 2005 6 34.pdf"
,"CLJ_2005_6_355","CLJ 2005 6 355.pdf"

,"CLJ_2005_6_379","CLJ 2005 6 379.pdf"
,"CLJ_2005_6_389","CLJ 2005 6 389.pdf"
,"CLJ_2005_6_401","CLJ 2005 6 401.pdf"
,"CLJ_2005_6_407","CLJ 2005 6 407.pdf"
,"CLJ_2005_6_413","CLJ 2005 6 413.pdf"
,"CLJ_2005_6_434","CLJ 2005 6 434.pdf"
,"CLJ_2005_6_443","CLJ 2005 6 443.pdf"
,"CLJ_2005_6_454","CLJ 2005 6 454.pdf"
,"CLJ_2005_6_457","CLJ 2005 6 457.pdf"
,"CLJ_2005_6_464","CLJ 2005 6 464.pdf"
,"CLJ_2005_6_471","CLJ 2005 6 471.pdf"
,"CLJ_2005_6_479","CLJ 2005 6 479.pdf"
,"CLJ_2005_6_487","CLJ 2005 6 487.pdf"
,"CLJ_2005_6_495","CLJ 2005 6 495.pdf"
,"CLJ_2005_6_505","CLJ 2005 6 505.pdf"
,"CLJ_2005_6_511","CLJ 2005 6 511.pdf"
,"CLJ_2005_6_521","CLJ 2005 6 521.pdf"
,"CLJ_2005_6_538","CLJ 2005 6 538.pdf"
,"CLJ_2005_6_550","CLJ 2005 6 550.pdf"
,"CLJ_2005_6_61","CLJ 2005 6 61.pdf"
,"CLJ_2005_6_65","CLJ 2005 6 65.pdf"
,"CLJ_2005_6_80","CLJ 2005 6 80.pdf"
clj_2005_7,"CLJ_2005_7_1","CLJ 2005 7 1.pdf","Current Law Journal, 2005, Volume 7",[2005],texts,opensource
,"CLJ_2005_7_101","CLJ 2005 7 101.pdf"
,"CLJ_2005_7_11","CLJ 2005 7 11.pdf"
,"CLJ_2005_7_133","CLJ 2005 7 133.pdf"
,"CLJ_2005_7_148","CLJ 2005 7 148.pdf"
,"CLJ_2005_7_157","CLJ 2005 7 157.pdf"
,"CLJ_2005_7_17","CLJ 2005 7 17.pdf"
,"CLJ_2005_7_172","CLJ 2005 7 172.pdf"
,"CLJ_2005_7_179","CLJ 2005 7 179.pdf"
,"CLJ_2005_7_193","CLJ 2005 7 193.pdf"
,"CLJ_2005_7_201","CLJ 2005 7 201.pdf"
,"CLJ_2005_7_208","CLJ 2005 7 208.pdf"
,"CLJ_2005_7_213","CLJ 2005 7 213.pdf"
,"CLJ_2005_7_218","CLJ 2005 7 218.pdf"
,"CLJ_2005_7_23","CLJ 2005 7 23.pdf"
,"CLJ_2005_7_236","CLJ 2005 7 236.pdf"
,"CLJ_2005_7_250","CLJ 2005 7 250.pdf"
,"CLJ_2005_7_273","CLJ 2005 7 273.pdf"
,"CLJ_2005_7_289","CLJ 2005 7 289.pdf"
,"CLJ_2005_7_296","CLJ 2005 7 296.pdf"
,"CLJ_2005_7_326","CLJ 2005 7 326.pdf"
,"CLJ_2005_7_33","CLJ 2005 7 33.pdf"
,"CLJ_2005_7_336","CLJ 2005 7 336.pdf"
,"CLJ_2005_7_340","CLJ 2005 7 340.pdf"
,"CLJ_2005_7_345","CLJ 2005 7 345.pdf"
,"CLJ_2005_7_352","CLJ 2005 7 352.pdf"
,"CLJ_2005_7_358","CLJ 2005 7 358.pdf"
,"CLJ_2005_7_370","CLJ 2005 7 370.pdf"
,"CLJ_2005_7_382","CLJ 2005 7 382.pdf"
,"CLJ_2005_7_385","CLJ 2005 7 385.pdf"
,"CLJ_2005_7_401","CLJ 2005 7 401.pdf"
,"CLJ_2005_7_41","CLJ 2005 7 41.pdf"
,"CLJ_2005_7_422","CLJ 2005 7 422.pdf"
,"CLJ_2005_7_429","CLJ 2005 7 429.pdf"
,"CLJ_2005_7_440","CLJ 2005 7 440.pdf"
,"CLJ_2005_7_457","CLJ 2005 7 457.pdf"
,"CLJ_2005_7_466","CLJ 2005 7 466.pdf"
,"CLJ_2005_7_473","CLJ 2005 7 473.pdf"
,"CLJ_2005_7_495","CLJ 2005 7 495.pdf"
,"CLJ_2005_7_505","CLJ 2005 7 505.pdf"
,"CLJ_2005_7_511","CLJ 2005 7 511.pdf"
,"CLJ_2005_7_522","CLJ 2005 7 522.pdf"
,"CLJ_2005_7_53","CLJ 2005 7 53.pdf"
,"CLJ_2005_7_531","CLJ 2005 7 531.pdf"
,"CLJ_2005_7_62","CLJ 2005 7 62.pdf"
,"CLJ_2005_7_70","CLJ 2005 7 70.pdf"
,"CLJ_2005_7_86","CLJ 2005 7 86.pdf"
,"CLJ_2005_7_93","CLJ 2005 7 93.pdf"
clj_2005_8,"CLJ_2005_8_1","CLJ 2005 8 1.pdf","Current Law Journal, 2005, Volume 8",[2005],texts,opensource
,"CLJ_2005_8_107","CLJ 2005 8 107.pdf"
,"CLJ_2005_8_113","CLJ 2005 8 113.pdf"
,"CLJ_2005_8_127","CLJ 2005 8 127.pdf"
,"CLJ_2005_8_135","CLJ 2005 8 135.pdf"
,"CLJ_2005_8_144","CLJ 2005 8 144.pdf"
,"CLJ_2005_8_171","CLJ 2005 8 171.pdf"
,"CLJ_2005_8_176","CLJ 2005 8 176.pdf"
,"CLJ_2005_8_19","CLJ 2005 8 19.pdf"
,"CLJ_2005_8_194","CLJ 2005 8 194.pdf"
,"CLJ_2005_8_216","CLJ 2005 8 216.pdf"
,"CLJ_2005_8_230","CLJ 2005 8 230.pdf"
,"CLJ_2005_8_239","CLJ 2005 8 239.pdf"
,"CLJ_2005_8_249","CLJ 2005 8 249.pdf"
,"CLJ_2005_8_268","CLJ 2005 8 268.pdf"
,"CLJ_2005_8_279","CLJ 2005 8 279.pdf"
,"CLJ_2005_8_295","CLJ 2005 8 295.pdf"
,"CLJ_2005_8_30","CLJ 2005 8 30.pdf"
,"CLJ_2005_8_303","CLJ 2005 8 303.pdf"
,"CLJ_2005_8_308","CLJ 2005 8 308.pdf"
,"CLJ_2005_8_311","CLJ 2005 8 311.pdf"
,"CLJ_2005_8_322","CLJ 2005 8 322.pdf"
,"CLJ_2005_8_328","CLJ 2005 8 328.pdf"
,"CLJ_2005_8_334","CLJ 2005 8 334.pdf"
,"CLJ_2005_8_346","CLJ 2005 8 346.pdf"
,"CLJ_2005_8_352","CLJ 2005 8 352.pdf"
,"CLJ_2005_8_36","CLJ 2005 8 36.pdf"
,"CLJ_2005_8_361","CLJ 2005 8 361.pdf"
,"CLJ_2005_8_388","CLJ 2005 8 388.pdf"
,"CLJ_2005_8_398","CLJ 2005 8 398.pdf"
,"CLJ_2005_8_404","CLJ 2005 8 404.pdf"
,"CLJ_2005_8_410","CLJ 2005 8 410.pdf"
,"CLJ_2005_8_418","CLJ 2005 8 418.pdf"
,"CLJ_2005_8_423","CLJ 2005 8 423.pdf"
,"CLJ_2005_8_43","CLJ 2005 8 43.pdf"
,"CLJ_2005_8_431","CLJ 2005 8 431.pdf"
,"CLJ_2005_8_445","CLJ 2005 8 445.pdf"
,"CLJ_2005_8_455","CLJ 2005 8 455.pdf"
,"CLJ_2005_8_49","CLJ 2005 8 49.pdf"
,"CLJ_2005_8_493","CLJ 2005 8 493.pdf"
,"CLJ_2005_8_501","CLJ 2005 8 501.pdf"
,"CLJ_2005_8_509","CLJ 2005 8 509.pdf"
,"CLJ_2005_8_534","CLJ 2005 8 534.pdf"
,"CLJ_2005_8_547","CLJ 2005 8 547.pdf"
,"CLJ_2005_8_559","CLJ 2005 8 559.pdf"
,"CLJ_2005_8_566","CLJ 2005 8 566.pdf"
,"CLJ_2005_8_573","CLJ 2005 8 573.pdf"
,"CLJ_2005_8_613","CLJ 2005 8 613.pdf"
,"CLJ_2005_8_624","CLJ 2005 8 624.pdf"
,"CLJ_2005_8_65","CLJ 2005 8 65.pdf"
,"CLJ_2005_8_652","CLJ 2005 8 652.pdf"
,"CLJ_2005_8_663","CLJ 2005 8 663.pdf"
,"CLJ_2005_8_676","CLJ 2005 8 676.pdf"
,"CLJ_2005_8_686","CLJ 2005 8 686.pdf"
,"CLJ_2005_8_697","CLJ 2005 8 697.pdf"
,"CLJ_2005_8_70","CLJ 2005 8 70.pdf"
,"CLJ_2005_8_705","CLJ 2005 8 705.pdf"
,"CLJ_2005_8_726","CLJ 2005 8 726.pdf"
,"CLJ_2005_8_745","CLJ 2005 8 745.pdf"
,"CLJ_2005_8_77","CLJ 2005 8 77.pdf"
clj_2006_1,"CLJ_2006_1_1","CLJ 2006 1 1.pdf","Current Law Journal, 2006, Volume 1",[2006],texts,opensource
,"CLJ_2006_1_103","CLJ 2006 1 103.pdf"
,"CLJ_2006_1_1043","CLJ 2006 1 1043.pdf"
,"CLJ_2006_1_1067","CLJ 2006 1 1067.pdf"
,"CLJ_2006_1_1085","CLJ 2006 1 1085.pdf"
,"CLJ_2006_1_1097","CLJ 2006 1 1097.pdf"
,"CLJ_2006_1_1111","CLJ 2006 1 1111.pdf"
,"CLJ_2006_1_1121","CLJ 2006 1 1121.pdf"
,"CLJ_2006_1_1163","CLJ 2006 1 1163.pdf"
,"CLJ_2006_1_1199","CLJ 2006 1 1199.pdf"
,"CLJ_2006_1_121","CLJ 2006 1 121.pdf"
,"CLJ_2006_1_126","CLJ 2006 1 126.pdf"
,"CLJ_2006_1_139","CLJ 2006 1 139.pdf"
,"CLJ_2006_1_165","CLJ 2006 1 165.pdf"
,"CLJ_2006_1_185","CLJ 2006 1 185.pdf"
,"CLJ_2006_1_197","CLJ 2006 1 197.pdf"
,"CLJ_2006_1_210","CLJ 2006 1 210.pdf"
,"CLJ_2006_1_217","CLJ 2006 1 217.pdf"
,"CLJ_2006_1_224","CLJ 2006 1 224.pdf"
,"CLJ_2006_1_249","CLJ 2006 1 249.pdf"
,"CLJ_2006_1_259","CLJ 2006 1 259.pdf"
,"CLJ_2006_1_273","CLJ 2006 1 273.pdf"
,"CLJ_2006_1_289","CLJ 2006 1 289.pdf"
,"CLJ_2006_1_30","CLJ 2006 1 30.pdf"
,"CLJ_2006_1_303","CLJ 2006 1 303.pdf"
,"CLJ_2006_1_314","CLJ 2006 1 314.pdf"
,"CLJ_2006_1_357","CLJ 2006 1 357.pdf"
,"CLJ_2006_1_370","CLJ 2006 1 370.pdf"
,"CLJ_2006_1_391","CLJ 2006 1 391.pdf"
,"CLJ_2006_1_41","CLJ 2006 1 41.pdf"
,"CLJ_2006_1_423","CLJ 2006 1 423.pdf"
,"CLJ_2006_1_430","CLJ 2006 1 430.pdf"
,"CLJ_2006_1_438","CLJ 2006 1 438.pdf"
,"CLJ_2006_1_457","CLJ 2006 1 457.pdf"
,"CLJ_2006_1_478","CLJ 2006 1 478.pdf"
,"CLJ_2006_1_499","CLJ 2006 1 499.pdf"
,"CLJ_2006_1_557","CLJ 2006 1 557.pdf"
,"CLJ_2006_1_570","CLJ 2006 1 570.pdf"
,"CLJ_2006_1_577","CLJ 2006 1 577.pdf"
,"CLJ_2006_1_593","CLJ 2006 1 593.pdf"
,"CLJ_2006_1_60","CLJ 2006 1 60.pdf"
,"CLJ_2006_1_608","CLJ 2006 1 608.pdf"
,"CLJ_2006_1_630","CLJ 2006 1 630.pdf"
,"CLJ_2006_1_644","CLJ 2006 1 644.pdf"
,"CLJ_2006_1_653","CLJ 2006 1 653.pdf"
,"CLJ_2006_1_660","CLJ 2006 1 660.pdf"
,"CLJ_2006_1_753","CLJ 2006 1 753.pdf"
,"CLJ_2006_1_765","CLJ 2006 1 765.pdf"
,"CLJ_2006_1_784","CLJ 2006 1 784.pdf"
,"CLJ_2006_1_793","CLJ 2006 1 793.pdf"
,"CLJ_2006_1_805","CLJ 2006 1 805.pdf"
,"CLJ_2006_1_842","CLJ 2006 1 842.pdf"
,"CLJ_2006_1_857","CLJ 2006 1 857.pdf"
,"CLJ_2006_1_873","CLJ 2006 1 873.pdf"
,"CLJ_2006_1_88","CLJ 2006 1 88.pdf"
,"CLJ_2006_1_895","CLJ 2006 1 895.pdf"
,"CLJ_2006_1_914","CLJ 2006 1 914.pdf"
,"CLJ_2006_1_927","CLJ 2006 1 927.pdf"
,"CLJ_2006_1_977","CLJ 2006 1 977.pdf"
,"CLJ_2006_1_983","CLJ 2006 1 983.pdf"
,"CLJ_2006_1_996","CLJ 2006 1 996.pdf"
clj_2006_2,"CLJ_2006_2_1","CLJ 2006 2 1.pdf","Current Law Journal, 2006, Volume 2",[2006],texts,opensource
,"CLJ_2006_2_1021","CLJ 2006 2 1021.pdf"
,"CLJ_2006_2_1029","CLJ 2006 2 1029.pdf"
,"CLJ_2006_2_1040","CLJ 2006 2 1040.pdf"
,"CLJ_2006_2_1078","CLJ 2006 2 1078.pdf"
,"CLJ_2006_2_1117","CLJ 2006 2 1117.pdf"
,"CLJ_2006_2_1129","CLJ 2006 2 1129.pdf"
,"CLJ_2006_2_1151","CLJ 2006 2 1151.pdf"
,"CLJ_2006_2_1179","CLJ 2006 2 1179.pdf"
,"CLJ_2006_2_1201","CLJ 2006 2 1201.pdf"
,"CLJ_2006_2_1218","CLJ 2006 2 1218.pdf"
,"CLJ_2006_2_129","CLJ 2006 2 129.pdf"
,"CLJ_2006_2_150","CLJ 2006 2 150.pdf"
,"CLJ_2006_2_168","CLJ 2006 2 168.pdf"
,"CLJ_2006_2_188","CLJ 2006 2 188.pdf"
,"CLJ_2006_2_196","CLJ 2006 2 196.pdf"
,"CLJ_2006_2_229","CLJ 2006 2 229.pdf"
,"CLJ_2006_2_251","CLJ 2006 2 251.pdf"
,"CLJ_2006_2_272","CLJ 2006 2 272.pdf"
,"CLJ_2006_2_292","CLJ 2006 2 292.pdf"
,"CLJ_2006_2_316","CLJ 2006 2 316.pdf"
,"CLJ_2006_2_325","CLJ 2006 2 325.pdf"
,"CLJ_2006_2_337","CLJ 2006 2 337.pdf"
,"CLJ_2006_2_349","CLJ 2006 2 349.pdf"
,"CLJ_2006_2_358","CLJ 2006 2 358.pdf"
,"CLJ_2006_2_378","CLJ 2006 2 378.pdf"
,"CLJ_2006_2_394","CLJ 2006 2 394.pdf"
,"CLJ_2006_2_409","CLJ 2006 2 409.pdf"
,"CLJ_2006_2_46","CLJ 2006 2 46.pdf"
,"CLJ_2006_2_470","CLJ 2006 2 470.pdf"
,"CLJ_2006_2_480","CLJ 2006 2 480.pdf"
,"CLJ_2006_2_489","CLJ 2006 2 489.pdf"
,"CLJ_2006_2_501","CLJ 2006 2 501.pdf"
,"CLJ_2006_2_532","CLJ 2006 2 532.pdf"
,"CLJ_2006_2_544","CLJ 2006 2 544.pdf"
,"CLJ_2006_2_589","CLJ 2006 2 589.pdf"
,"CLJ_2006_2_605","CLJ 2006 2 605.pdf"
,"CLJ_2006_2_644","CLJ 2006 2 644.pdf"
,"CLJ_2006_2_66","CLJ 2006 2 66.pdf"
,"CLJ_2006_2_662","CLJ 2006 2 662.pdf"
,"CLJ_2006_2_676","CLJ 2006 2 676.pdf"
,"CLJ_2006_2_684","CLJ 2006 2 684.pdf"
,"CLJ_2006_2_701","CLJ 2006 2 701.pdf"
,"CLJ_2006_2_723","CLJ 2006 2 723.pdf"
,"CLJ_2006_2_743","CLJ 2006 2 743.pdf"
,"CLJ_2006_2_757","CLJ 2006 2 757.pdf"
,"CLJ_2006_2_79","CLJ 2006 2 79.pdf"
,"CLJ_2006_2_800","CLJ 2006 2 800.pdf"
,"CLJ_2006_2_821","CLJ 2006 2 821.pdf"
,"CLJ_2006_2_835","CLJ 2006 2 835.pdf"
,"CLJ_2006_2_856","CLJ 2006 2 856.pdf"
,"CLJ_2006_2_880","CLJ 2006 2 880.pdf"
,"CLJ_2006_2_897","CLJ 2006 2 897.pdf"
,"CLJ_2006_2_91","CLJ 2006 2 91.pdf"
,"CLJ_2006_2_933","CLJ 2006 2 933.pdf"
,"CLJ_2006_2_941","CLJ 2006 2 941.pdf"
,"CLJ_2006_2_957","CLJ 2006 2 957.pdf"
,"CLJ_2006_2_986","CLJ 2006 2 986.pdf"
,"CLJ_2006_2_998","CLJ 2006 2 998.pdf"
clj_2006_3,"CLJ_2006_3_1","CLJ 2006 3 1.pdf","Current Law Journal, 2006, Volume 3",[2006],texts,opensource
,"CLJ_2006_3_1003","CLJ 2006 3 1003.pdf"
,"CLJ_2006_3_106","CLJ 2006 3 106.pdf"
,"CLJ_2006_3_123","CLJ 2006 3 123.pdf"
,"CLJ_2006_3_136","CLJ 2006 3 136.pdf"
,"CLJ_2006_3_161","CLJ 2006 3 161.pdf"
,"CLJ_2006_3_177","CLJ 2006 3 177.pdf"
,"CLJ_2006_3_207","CLJ 2006 3 207.pdf"
,"CLJ_2006_3_239","CLJ 2006 3 239.pdf"
,"CLJ_2006_3_245","CLJ 2006 3 245.pdf"
,"CLJ_2006_3_252","CLJ 2006 3 252.pdf"
,"CLJ_2006_3_269","CLJ 2006 3 269.pdf"
,"CLJ_2006_3_27","CLJ 2006 3 27.pdf"
,"CLJ_2006_3_334","CLJ 2006 3 334.pdf"
,"CLJ_2006_3_360","CLJ 2006 3 360.pdf"
,"CLJ_2006_3_372","CLJ 2006 3 372.pdf"
,"CLJ_2006_3_393","CLJ 2006 3 393.pdf"
,"CLJ_2006_3_416","CLJ 2006 3 416.pdf"
,"CLJ_2006_3_433","CLJ 2006 3 433.pdf"
,"CLJ_2006_3_448","CLJ 2006 3 448.pdf"
,"CLJ_2006_3_46","CLJ 2006 3 46.pdf"
,"CLJ_2006_3_460","CLJ 2006 3 460.pdf"
,"CLJ_2006_3_481","CLJ 2006 3 481.pdf"
,"CLJ_2006_3_490","CLJ 2006 3 490.pdf"
,"CLJ_2006_3_498","CLJ 2006 3 498.pdf"
,"CLJ_2006_3_506","CLJ 2006 3 506.pdf"
,"CLJ_2006_3_526","CLJ 2006 3 526.pdf"
,"CLJ_2006_3_533","CLJ 2006 3 533.pdf"
,"CLJ_2006_3_544","CLJ 2006 3 544.pdf"
,"CLJ_2006_3_556","CLJ 2006 3 556.pdf"
,"CLJ_2006_3_566","CLJ 2006 3 566.pdf"
,"CLJ_2006_3_579","CLJ 2006 3 579.pdf"
,"CLJ_2006_3_592","CLJ 2006 3 592.pdf"
,"CLJ_2006_3_597","CLJ 2006 3 597.pdf"
,"CLJ_2006_3_607","CLJ 2006 3 607.pdf"
,"CLJ_2006_3_616","CLJ 2006 3 616.pdf"
,"CLJ_2006_3_628","CLJ 2006 3 628.pdf"
,"CLJ_2006_3_63","CLJ 2006 3 63.pdf"
,"CLJ_2006_3_649","CLJ 2006 3 649.pdf"
,"CLJ_2006_3_705","CLJ 2006 3 705.pdf"
,"CLJ_2006_3_711","CLJ 2006 3 711.pdf"
,"CLJ_2006_3_717","CLJ 2006 3 717.pdf"
,"CLJ_2006_3_72","CLJ 2006 3 72.pdf"
,"CLJ_2006_3_724","CLJ 2006 3 724.pdf"
,"CLJ_2006_3_735","CLJ 2006 3 735.pdf"
,"CLJ_2006_3_742","CLJ 2006 3 742.pdf"
,"CLJ_2006_3_753","CLJ 2006 3 753.pdf"
,"CLJ_2006_3_766","CLJ 2006 3 766.pdf"
,"CLJ_2006_3_770","CLJ 2006 3 770.pdf"
,"CLJ_2006_3_787","CLJ 2006 3 787.pdf"
,"CLJ_2006_3_79","CLJ 2006 3 79.pdf"
,"CLJ_2006_3_796","CLJ 2006 3 796.pdf"
,"CLJ_2006_3_825","CLJ 2006 3 825.pdf"
,"CLJ_2006_3_837","CLJ 2006 3 837.pdf"
,"CLJ_2006_3_853","CLJ 2006 3 853.pdf"
,"CLJ_2006_3_860","CLJ 2006 3 860.pdf"
,"CLJ_2006_3_880","CLJ 2006 3 880.pdf"
,"CLJ_2006_3_889","CLJ 2006 3 889.pdf"
,"CLJ_2006_3_902","CLJ 2006 3 902.pdf"
,"CLJ_2006_3_909","CLJ 2006 3 909.pdf"
,"CLJ_2006_3_93","CLJ 2006 3 93.pdf"
,"CLJ_2006_3_939","CLJ 2006 3 939.pdf"
,"CLJ_2006_3_987","CLJ 2006 3 987.pdf"
clj_2006_4,"CLJ_2006_4_1","CLJ 2006 4 1.pdf","Current Law Journal, 2006, Volume 4",[2006],texts,opensource
,"CLJ_2006_4_1019","CLJ 2006 4 1019.pdf"
,"CLJ_2006_4_103","CLJ 2006 4 103.pdf"
,"CLJ_2006_4_113","CLJ 2006 4 113.pdf"
,"CLJ_2006_4_1150i","CLJ 2006 4 1150i.pdf"
,"CLJ_2006_4_129","CLJ 2006 4 129.pdf"
,"CLJ_2006_4_17","CLJ 2006 4 17.pdf"
,"CLJ_2006_4_195","CLJ 2006 4 195.pdf"
,"CLJ_2006_4_224","CLJ 2006 4 224.pdf"
,"CLJ_2006_4_235","CLJ 2006 4 235.pdf"
,"CLJ_2006_4_241","CLJ 2006 4 241.pdf"
,"CLJ_2006_4_255","CLJ 2006 4 255.pdf"
,"CLJ_2006_4_262","CLJ 2006 4 262.pdf"
,"CLJ_2006_4_267","CLJ 2006 4 267.pdf"
,"CLJ_2006_4_291","CLJ 2006 4 291.pdf"
,"CLJ_2006_4_300","CLJ 2006 4 300.pdf"
,"CLJ_2006_4_31","CLJ 2006 4 31.pdf"
,"CLJ_2006_4_311","CLJ 2006 4 311.pdf"
,"CLJ_2006_4_334","CLJ 2006 4 334.pdf"
,"CLJ_2006_4_348","CLJ 2006 4 348.pdf"
,"CLJ_2006_4_359","CLJ 2006 4 359.pdf"
,"CLJ_2006_4_396","CLJ 2006 4 396.pdf"
,"CLJ_2006_4_404","CLJ 2006 4 404.pdf"
,"CLJ_2006_4_423","CLJ 2006 4 423.pdf"
,"CLJ_2006_4_432","CLJ 2006 4 432.pdf"
,"CLJ_2006_4_443","CLJ 2006 4 443.pdf"
,"CLJ_2006_4_458","CLJ 2006 4 458.pdf"
,"CLJ_2006_4_472","CLJ 2006 4 472.pdf"
,"CLJ_2006_4_492","CLJ 2006 4 492.pdf"
,"CLJ_2006_4_50","CLJ 2006 4 50.pdf"
,"CLJ_2006_4_513","CLJ 2006 4 513.pdf"
,"CLJ_2006_4_527","CLJ 2006 4 527.pdf"
,"CLJ_2006_4_563","CLJ 2006 4 563.pdf"
,"CLJ_2006_4_573","CLJ 2006 4 573.pdf"
,"CLJ_2006_4_583","CLJ 2006 4 583.pdf"
,"CLJ_2006_4_595","CLJ 2006 4 595.pdf"
,"CLJ_2006_4_603","CLJ 2006 4 603.pdf"
,"CLJ_2006_4_615","CLJ 2006 4 615.pdf"
,"CLJ_2006_4_634","CLJ 2006 4 634.pdf"
,"CLJ_2006_4_669","CLJ 2006 4 669.pdf"
,"CLJ_2006_4_67","CLJ 2006 4 67.pdf"
,"CLJ_2006_4_675","CLJ 2006 4 675.pdf"
,"CLJ_2006_4_687","CLJ 2006 4 687.pdf"
,"CLJ_2006_4_703","CLJ 2006 4 703.pdf"
,"CLJ_2006_4_715","CLJ 2006 4 715.pdf"
,"CLJ_2006_4_733","CLJ 2006 4 733.pdf"
,"CLJ_2006_4_744","CLJ 2006 4 744.pdf"
,"CLJ_2006_4_752","CLJ 2006 4 752.pdf"
,"CLJ_2006_4_759","CLJ 2006 4 759.pdf"
,"CLJ_2006_4_767","CLJ 2006 4 767.pdf"
,"CLJ_2006_4_775","CLJ 2006 4 775.pdf"
,"CLJ_2006_4_79","CLJ 2006 4 79.pdf"
,"CLJ_2006_4_792","CLJ 2006 4 792.pdf"
,"CLJ_2006_4_847","CLJ 2006 4 847.pdf"
,"CLJ_2006_4_862","CLJ 2006 4 862.pdf"
,"CLJ_2006_4_878","CLJ 2006 4 878.pdf"
,"CLJ_2006_4_892","CLJ 2006 4 892.pdf"
,"CLJ_2006_4_901","CLJ 2006 4 901.pdf"
,"CLJ_2006_4_907","CLJ 2006 4 907.pdf"
,"CLJ_2006_4_920","CLJ 2006 4 920.pdf"
,"CLJ_2006_4_931","CLJ 2006 4 931.pdf"
,"CLJ_2006_4_953","CLJ 2006 4 953.pdf"
,"CLJ_2006_4_964","CLJ 2006 4 964.pdf"
,"CLJ_2006_4_981","CLJ 2006 4 981.pdf"
clj_2006_5,"CLJ_2006_5_1","CLJ 2006 5 1.pdf","Current Law Journal, 2006, Volume 5",[2006],texts,opensource
,"CLJ_2006_5_109","CLJ 2006 5 109.pdf"
,"CLJ_2006_5_114","CLJ 2006 5 114.pdf"
,"CLJ_2006_5_121","CLJ 2006 5 121.pdf"
,"CLJ_2006_5_129","CLJ 2006 5 129.pdf"
,"CLJ_2006_5_144","CLJ 2006 5 144.pdf"
,"CLJ_2006_5_161","CLJ 2006 5 161.pdf"
,"CLJ_2006_5_169","CLJ 2006 5 169.pdf"
,"CLJ_2006_5_17","CLJ 2006 5 17.pdf"
,"CLJ_2006_5_175","CLJ 2006 5 175.pdf"
,"CLJ_2006_5_196","CLJ 2006 5 196.pdf"
,"CLJ_2006_5_209","CLJ 2006 5 209.pdf"
,"CLJ_2006_5_217","CLJ 2006 5 217.pdf"
,"CLJ_2006_5_230","CLJ 2006 5 230.pdf"
,"CLJ_2006_5_240","CLJ 2006 5 240.pdf"
,"CLJ_2006_5_248","CLJ 2006 5 248.pdf"
,"CLJ_2006_5_265","CLJ 2006 5 265.pdf"
,"CLJ_2006_5_277","CLJ 2006 5 277.pdf"
,"CLJ_2006_5_297","CLJ 2006 5 297.pdf"
,"CLJ_2006_5_30","CLJ 2006 5 30.pdf"
,"CLJ_2006_5_307","CLJ 2006 5 307.pdf"
,"CLJ_2006_5_318","CLJ 2006 5 318.pdf"
,"CLJ_2006_5_330","CLJ 2006 5 330.pdf"
,"CLJ_2006_5_345","CLJ 2006 5 345.pdf"
,"CLJ_2006_5_381","CLJ 2006 5 381.pdf"
,"CLJ_2006_5_398","CLJ 2006 5 398.pdf"
,"CLJ_2006_5_427","CLJ 2006 5 427.pdf"
,"CLJ_2006_5_43","CLJ 2006 5 43.pdf"
,"CLJ_2006_5_436","CLJ 2006 5 436.pdf"
,"CLJ_2006_5_459","CLJ 2006 5 459.pdf"
,"CLJ_2006_5_49","CLJ 2006 5 49.pdf"
,"CLJ_2006_5_490","CLJ 2006 5 490.pdf"
,"CLJ_2006_5_505","CLJ 2006 5 505.pdf"
,"CLJ_2006_5_521","CLJ 2006 5 521.pdf"
,"CLJ_2006_5_563","CLJ 2006 5 563.pdf"
,"CLJ_2006_5_575","CLJ 2006 5 575.pdf"
,"CLJ_2006_5_583","CLJ 2006 5 583.pdf"
,"CLJ_2006_5_595","CLJ 2006 5 595.pdf"
,"CLJ_2006_5_606","CLJ 2006 5 606.pdf"
,"CLJ_2006_5_617","CLJ 2006 5 617.pdf"
,"CLJ_2006_5_62","CLJ 2006 5 62.pdf"
,"CLJ_2006_5_634","CLJ 2006 5 634.pdf"
,"CLJ_2006_5_652","CLJ 2006 5 652.pdf"
,"CLJ_2006_5_663","CLJ 2006 5 663.pdf"
,"CLJ_2006_5_678","CLJ 2006 5 678.pdf"
,"CLJ_2006_5_719","CLJ 2006 5 719.pdf"
,"CLJ_2006_5_73","CLJ 2006 5 73.pdf"
,"CLJ_2006_5_732","CLJ 2006 5 732.pdf"
,"CLJ_2006_5_82","CLJ 2006 5 82.pdf"
,"CLJ_2006_5_92","CLJ 2006 5 92.pdf"
clj_2006_6,"CLJ_2006_6_1","CLJ 2006 6 1.pdf","Current Law Journal, 2006, Volume 6",[2006],texts,opensource
,"CLJ_2006_6_103","CLJ 2006 6 103.pdf"
,"CLJ_2006_6_111","CLJ 2006 6 111.pdf"
,"CLJ_2006_6_125","CLJ 2006 6 125.pdf"
,"CLJ_2006_6_142","CLJ 2006 6 142.pdf"
,"CLJ_2006_6_148","CLJ 2006 6 148.pdf"
,"CLJ_2006_6_162","CLJ 2006 6 162.pdf"
,"CLJ_2006_6_197","CLJ 2006 6 197.pdf"
,"CLJ_2006_6_205","CLJ 2006 6 205.pdf"
,"CLJ_2006_6_232","CLJ 2006 6 232.pdf"
,"CLJ_2006_6_243","CLJ 2006 6 243.pdf"
,"CLJ_2006_6_25","CLJ 2006 6 25.pdf"
,"CLJ_2006_6_253","CLJ 2006 6 253.pdf"
,"CLJ_2006_6_258","CLJ 2006 6 258.pdf"
,"CLJ_2006_6_269","CLJ 2006 6 269.pdf"
,"CLJ_2006_6_288","CLJ 2006 6 288.pdf"
,"CLJ_2006_6_303","CLJ 2006 6 303.pdf"
,"CLJ_2006_6_308","CLJ 2006 6 308.pdf"
,"CLJ_2006_6_329","CLJ 2006 6 329.pdf"
,"CLJ_2006_6_340","CLJ 2006 6 340.pdf"
,"CLJ_2006_6_349","CLJ 2006 6 349.pdf"
,"CLJ_2006_6_359","CLJ 2006 6 359.pdf"
,"CLJ_2006_6_366","CLJ 2006 6 366.pdf"
,"CLJ_2006_6_379","CLJ 2006 6 379.pdf"
,"CLJ_2006_6_39","CLJ 2006 6 39.pdf"
,"CLJ_2006_6_392","CLJ 2006 6 392.pdf"
,"CLJ_2006_6_404","CLJ 2006 6 404.pdf"
,"CLJ_2006_6_421","CLJ 2006 6 421.pdf"
,"CLJ_2006_6_438","CLJ 2006 6 438.pdf"
,"CLJ_2006_6_474","CLJ 2006 6 474.pdf"
,"CLJ_2006_6_503","CLJ 2006 6 503.pdf"
,"CLJ_2006_6_512","CLJ 2006 6 512.pdf"
,"CLJ_2006_6_525","CLJ 2006 6 525.pdf"
,"CLJ_2006_6_543","CLJ 2006 6 543.pdf"
,"CLJ_2006_6_555","CLJ 2006 6 555.pdf"
,"CLJ_2006_6_579","CLJ 2006 6 579.pdf"
,"CLJ_2006_6_586","CLJ 2006 6 586.pdf"
,"CLJ_2006_6_596","CLJ 2006 6 596.pdf"
,"CLJ_2006_6_601","CLJ 2006 6 601.pdf"
,"CLJ_2006_6_608","CLJ 2006 6 608.pdf"
,"CLJ_2006_6_618","CLJ 2006 6 618.pdf"
,"CLJ_2006_6_633","CLJ 2006 6 633.pdf"
,"CLJ_2006_6_647","CLJ 2006 6 647.pdf"
,"CLJ_2006_6_65","CLJ 2006 6 65.pdf"
,"CLJ_2006_6_654","CLJ 2006 6 654.pdf"
,"CLJ_2006_6_75","CLJ 2006 6 75.pdf"
,"CLJ_2006_6_81","CLJ 2006 6 81.pdf"
,"CLJ_2006_6_88","CLJ 2006 6 88.pdf"
,"CLJ_2006_6_97","CLJ 2006 6 97.pdf"
clj_2006_7,"CLJ_2006_7_1","CLJ 2006 7 1.pdf","Current Law Journal, 2006, Volume 7",[2006],texts,opensource
,"CLJ_2006_7_111","CLJ 2006 7 111.pdf"
,"CLJ_2006_7_120","CLJ 2006 7 120.pdf"
,"CLJ_2006_7_130","CLJ 2006 7 130.pdf"
,"CLJ_2006_7_135","CLJ 2006 7 135.pdf"
,"CLJ_2006_7_143","CLJ 2006 7 143.pdf"
,"CLJ_2006_7_153","CLJ 2006 7 153.pdf"
,"CLJ_2006_7_164","CLJ 2006 7 164.pdf"
,"CLJ_2006_7_169","CLJ 2006 7 169.pdf"
,"CLJ_2006_7_187","CLJ 2006 7 187.pdf"
,"CLJ_2006_7_195","CLJ 2006 7 195.pdf"
,"CLJ_2006_7_20","CLJ 2006 7 20.pdf"
,"CLJ_2006_7_214","CLJ 2006 7 214.pdf"
,"CLJ_2006_7_229","CLJ 2006 7 229.pdf"
,"CLJ_2006_7_239","CLJ 2006 7 239.pdf"
,"CLJ_2006_7_247","CLJ 2006 7 247.pdf"
,"CLJ_2006_7_27","CLJ 2006 7 27.pdf"
,"CLJ_2006_7_281","CLJ 2006 7 281.pdf"
,"CLJ_2006_7_288","CLJ 2006 7 288.pdf"
,"CLJ_2006_7_296","CLJ 2006 7 296.pdf"
,"CLJ_2006_7_309","CLJ 2006 7 309.pdf"
,"CLJ_2006_7_321","CLJ 2006 7 321.pdf"
,"CLJ_2006_7_330","CLJ 2006 7 330.pdf"
,"CLJ_2006_7_353","CLJ 2006 7 353.pdf"
,"CLJ_2006_7_364","CLJ 2006 7 364.pdf"
,"CLJ_2006_7_375","CLJ 2006 7 375.pdf"
,"CLJ_2006_7_397","CLJ 2006 7 397.pdf"
,"CLJ_2006_7_417","CLJ 2006 7 417.pdf"
,"CLJ_2006_7_42","CLJ 2006 7 42.pdf"
,"CLJ_2006_7_426","CLJ 2006 7 426.pdf"
,"CLJ_2006_7_433","CLJ 2006 7 433.pdf"
,"CLJ_2006_7_453","CLJ 2006 7 453.pdf"
,"CLJ_2006_7_464","CLJ 2006 7 464.pdf"
,"CLJ_2006_7_485","CLJ 2006 7 485.pdf"
,"CLJ_2006_7_511","CLJ 2006 7 511.pdf"
,"CLJ_2006_7_519","CLJ 2006 7 519.pdf"
,"CLJ_2006_7_530","CLJ 2006 7 530.pdf"
,"CLJ_2006_7_541","CLJ 2006 7 541.pdf"
,"CLJ_2006_7_549","CLJ 2006 7 549.pdf"
,"CLJ_2006_7_557","CLJ 2006 7 557.pdf"
,"CLJ_2006_7_589","CLJ 2006 7 589.pdf"
,"CLJ_2006_7_602","CLJ 2006 7 602.pdf"
,"CLJ_2006_7_609","CLJ 2006 7 609.pdf"
,"CLJ_2006_7_627","CLJ 2006 7 627.pdf"
,"CLJ_2006_7_642","CLJ 2006 7 642.pdf"
,"CLJ_2006_7_66","CLJ 2006 7 66.pdf"
,"CLJ_2006_7_73","CLJ 2006 7 73.pdf"
,"CLJ_2006_7_81","CLJ 2006 7 81.pdf"
,"CLJ_2006_7_96","CLJ 2006 7 96.pdf"
clj_2006_8,"CLJ_2006_8_1","CLJ 2006 8 1.pdf","Current Law Journal, 2006, Volume 8",[2006],texts,opensource
,"CLJ_2006_8_106","CLJ 2006 8 106.pdf"
,"CLJ_2006_8_114","CLJ 2006 8 114.pdf"
,"CLJ_2006_8_143","CLJ 2006 8 143.pdf"
,"CLJ_2006_8_152","CLJ 2006 8 152.pdf"
,"CLJ_2006_8_159","CLJ 2006 8 159.pdf"
,"CLJ_2006_8_164","CLJ 2006 8 164.pdf"
,"CLJ_2006_8_205","CLJ 2006 8 205.pdf"
,"CLJ_2006_8_213","CLJ 2006 8 213.pdf"
,"CLJ_2006_8_219","CLJ 2006 8 219.pdf"
,"CLJ_2006_8_224","CLJ 2006 8 224.pdf"
,"CLJ_2006_8_232","CLJ 2006 8 232.pdf"
,"CLJ_2006_8_240","CLJ 2006 8 240.pdf"
,"CLJ_2006_8_248","CLJ 2006 8 248.pdf"
,"CLJ_2006_8_259","CLJ 2006 8 259.pdf"
,"CLJ_2006_8_274","CLJ 2006 8 274.pdf"
,"CLJ_2006_8_282","CLJ 2006 8 282.pdf"
,"CLJ_2006_8_287","CLJ 2006 8 287.pdf"
,"CLJ_2006_8_29","CLJ 2006 8 29.pdf"
,"CLJ_2006_8_296","CLJ 2006 8 296.pdf"
,"CLJ_2006_8_307","CLJ 2006 8 307.pdf"
,"CLJ_2006_8_313","CLJ 2006 8 313.pdf"
,"CLJ_2006_8_328","CLJ 2006 8 328.pdf"
,"CLJ_2006_8_337","CLJ 2006 8 337.pdf"
,"CLJ_2006_8_345","CLJ 2006 8 345.pdf"
,"CLJ_2006_8_355","CLJ 2006 8 355.pdf"
,"CLJ_2006_8_364","CLJ 2006 8 364.pdf"
,"CLJ_2006_8_38","CLJ 2006 8 38.pdf"
,"CLJ_2006_8_409","CLJ 2006 8 409.pdf"
,"CLJ_2006_8_416","CLJ 2006 8 416.pdf"
,"CLJ_2006_8_428","CLJ 2006 8 428.pdf"
,"CLJ_2006_8_436","CLJ 2006 8 436.pdf"
,"CLJ_2006_8_444","CLJ 2006 8 444.pdf"
,"CLJ_2006_8_462","CLJ 2006 8 462.pdf"
,"CLJ_2006_8_482","CLJ 2006 8 482.pdf"
,"CLJ_2006_8_49","CLJ 2006 8 49.pdf"
,"CLJ_2006_8_501","CLJ 2006 8 501.pdf"
,"CLJ_2006_8_512","CLJ 2006 8 512.pdf"
,"CLJ_2006_8_528","CLJ 2006 8 528.pdf"
,"CLJ_2006_8_534","CLJ 2006 8 534.pdf"
,"CLJ_2006_8_538","CLJ 2006 8 538.pdf"
,"CLJ_2006_8_543","CLJ 2006 8 543.pdf"
,"CLJ_2006_8_558","CLJ 2006 8 558.pdf"
,"CLJ_2006_8_567","CLJ 2006 8 567.pdf"
,"CLJ_2006_8_585","CLJ 2006 8 585.pdf"
,"CLJ_2006_8_611","CLJ 2006 8 611.pdf"
,"CLJ_2006_8_622","CLJ 2006 8 622.pdf"
,"CLJ_2006_8_629","CLJ 2006 8 629.pdf"
,"CLJ_2006_8_644","CLJ 2006 8 644.pdf"
,"CLJ_2006_8_651","CLJ 2006 8 651.pdf"
,"CLJ_2006_8_657","CLJ 2006 8 657.pdf"
,"CLJ_2006_8_671","CLJ 2006 8 671.pdf"
,"CLJ_2006_8_677","CLJ 2006 8 677.pdf"
,"CLJ_2006_8_69","CLJ 2006 8 69.pdf"
,"CLJ_2006_8_690","CLJ 2006 8 690.pdf"
,"CLJ_2006_8_703","CLJ 2006 8 703.pdf"
,"CLJ_2006_8_84","CLJ 2006 8 84.pdf"
,"CLJ_2006_8_9","CLJ 2006 8 9.pdf"
,"CLJ_2006_8_93","CLJ 2006 8 93.pdf"
,"CLJ_2006_8_99","CLJ 2006 8 99.pdf"
clj_2007_1,"CLJ_2007_1_1","CLJ 2007 1 1.pdf","Current Law Journal, 2007, Volume 1",[2007],texts,opensource
,"CLJ_2007_1_107","CLJ 2007 1 107.pdf"
,"CLJ_2007_1_12","CLJ 2007 1 12.pdf"
,"CLJ_2007_1_121","CLJ 2007 1 121.pdf"
,"CLJ_2007_1_151","CLJ 2007 1 151.pdf"
,"CLJ_2007_1_157","CLJ 2007 1 157.pdf"
,"CLJ_2007_1_159","CLJ 2007 1 159.pdf"
,"CLJ_2007_1_175","CLJ 2007 1 175.pdf"
,"CLJ_2007_1_188","CLJ 2007 1 188.pdf"
,"CLJ_2007_1_19","CLJ 2007 1 19.pdf"
,"CLJ_2007_1_210","CLJ 2007 1 210.pdf"
,"CLJ_2007_1_214","CLJ 2007 1 214.pdf"
,"CLJ_2007_1_222","CLJ 2007 1 222.pdf"
,"CLJ_2007_1_229","CLJ 2007 1 229.pdf"
,"CLJ_2007_1_259","CLJ 2007 1 259.pdf"
,"CLJ_2007_1_272","CLJ 2007 1 272.pdf"
,"CLJ_2007_1_285","CLJ 2007 1 285.pdf"
,"CLJ_2007_1_300","CLJ 2007 1 300.pdf"
,"CLJ_2007_1_309","CLJ 2007 1 309.pdf"
,"CLJ_2007_1_326","CLJ 2007 1 326.pdf"
,"CLJ_2007_1_347","CLJ 2007 1 347.pdf"
,"CLJ_2007_1_366","CLJ 2007 1 366.pdf"
,"CLJ_2007_1_394","CLJ 2007 1 394.pdf"
,"CLJ_2007_1_401","CLJ 2007 1 401.pdf"
,"CLJ_2007_1_41","CLJ 2007 1 41.pdf"
,"CLJ_2007_1_421","CLJ 2007 1 421.pdf"
,"CLJ_2007_1_436","CLJ 2007 1 436.pdf"
,"CLJ_2007_1_470","CLJ 2007 1 470.pdf"
,"CLJ_2007_1_481","CLJ 2007 1 481.pdf"
,"CLJ_2007_1_498","CLJ 2007 1 498.pdf"
,"CLJ_2007_1_50","CLJ 2007 1 50.pdf"
,"CLJ_2007_1_517","CLJ 2007 1 517.pdf"
,"CLJ_2007_1_531","CLJ 2007 1 531.pdf"
,"CLJ_2007_1_547","CLJ 2007 1 547.pdf"
,"CLJ_2007_1_552","CLJ 2007 1 552.pdf"
,"CLJ_2007_1_565","CLJ 2007 1 565.pdf"
,"CLJ_2007_1_603","CLJ 2007 1 603.pdf"
,"CLJ_2007_1_611","CLJ 2007 1 611.pdf"
,"CLJ_2007_1_72","CLJ 2007 1 72.pdf"
,"CLJ_2007_1_85","CLJ 2007 1 85.pdf"
clj_2007_10,"CLJ_2007_10_1","CLJ 2007 10 1.pdf","Current Law Journal, 2007, Volume 10",[2007],texts,opensource
,"CLJ_2007_10_101","CLJ 2007 10 101.pdf"
,"CLJ_2007_10_111","CLJ 2007 10 111.pdf"
,"CLJ_2007_10_138","CLJ 2007 10 138.pdf"
,"CLJ_2007_10_144","CLJ 2007 10 144.pdf"
,"CLJ_2007_10_166","CLJ 2007 10 166.pdf"
,"CLJ_2007_10_176","CLJ 2007 10 176.pdf"
,"CLJ_2007_10_22","CLJ 2007 10 22.pdf"
,"CLJ_2007_10_222","CLJ 2007 10 222.pdf"
,"CLJ_2007_10_233","CLJ 2007 10 233.pdf"
,"CLJ_2007_10_244","CLJ 2007 10 244.pdf"
,"CLJ_2007_10_255","CLJ 2007 10 255.pdf"
,"CLJ_2007_10_266","CLJ 2007 10 266.pdf"
,"CLJ_2007_10_277","CLJ 2007 10 277.pdf"
,"CLJ_2007_10_289","CLJ 2007 10 289.pdf"
,"CLJ_2007_10_295","CLJ 2007 10 295.pdf"
,"CLJ_2007_10_303","CLJ 2007 10 303.pdf"
,"CLJ_2007_10_309","CLJ 2007 10 309.pdf"
,"CLJ_2007_10_318","CLJ 2007 10 318.pdf"
,"CLJ_2007_10_328","CLJ 2007 10 328.pdf"
,"CLJ_2007_10_339","CLJ 2007 10 339.pdf"
,"CLJ_2007_10_34","CLJ 2007 10 34.pdf"
,"CLJ_2007_10_346","CLJ 2007 10 346.pdf"
,"CLJ_2007_10_356","CLJ 2007 10 356.pdf"
,"CLJ_2007_10_375","CLJ 2007 10 375.pdf"
,"CLJ_2007_10_385","CLJ 2007 10 385.pdf"
,"CLJ_2007_10_394","CLJ 2007 10 394.pdf"
,"CLJ_2007_10_410","CLJ 2007 10 410.pdf"
,"CLJ_2007_10_42","CLJ 2007 10 42.pdf"
,"CLJ_2007_10_421","CLJ 2007 10 421.pdf"
,"CLJ_2007_10_431","CLJ 2007 10 431.pdf"
,"CLJ_2007_10_444","CLJ 2007 10 444.pdf"
,"CLJ_2007_10_465","CLJ 2007 10 465.pdf"
,"CLJ_2007_10_469","CLJ 2007 10 469.pdf"
,"CLJ_2007_10_48","CLJ 2007 10 48.pdf"
,"CLJ_2007_10_527","CLJ 2007 10 527.pdf"
,"CLJ_2007_10_551","CLJ 2007 10 551.pdf"
,"CLJ_2007_10_557","CLJ 2007 10 557.pdf"
,"CLJ_2007_10_563","CLJ 2007 10 563.pdf"
,"CLJ_2007_10_580","CLJ 2007 10 580.pdf"
,"CLJ_2007_10_590","CLJ 2007 10 590.pdf"
,"CLJ_2007_10_601","CLJ 2007 10 601.pdf"
,"CLJ_2007_10_609","CLJ 2007 10 609.pdf"
,"CLJ_2007_10_619","CLJ 2007 10 619.pdf"
,"CLJ_2007_10_629","CLJ 2007 10 629.pdf"
,"CLJ_2007_10_636","CLJ 2007 10 636.pdf"
,"CLJ_2007_10_657","CLJ 2007 10 657.pdf"
,"CLJ_2007_10_66","CLJ 2007 10 66.pdf"
,"CLJ_2007_10_667","CLJ 2007 10 667.pdf"
,"CLJ_2007_10_674","CLJ 2007 10 674.pdf"
,"CLJ_2007_10_692","CLJ 2007 10 692.pdf"
,"CLJ_2007_10_697","CLJ 2007 10 697.pdf"
,"CLJ_2007_10_7","CLJ 2007 10 7.pdf"
,"CLJ_2007_10_706","CLJ 2007 10 706.pdf"
,"CLJ_2007_10_720","CLJ 2007 10 720.pdf"
,"CLJ_2007_10_733","CLJ 2007 10 733.pdf"
,"CLJ_2007_10_738","CLJ 2007 10 738.pdf"
,"CLJ_2007_10_743","CLJ 2007 10 743.pdf"
,"CLJ_2007_10_79","CLJ 2007 10 79.pdf"
,"CLJ_2007_10_89","CLJ 2007 10 89.pdf"
clj_2007_2,"CLJ_2007_2_1","CLJ 2007 2 1.pdf","Current Law Journal, 2007, Volume 2",[2007],texts,opensource
,"CLJ_2007_2_111","CLJ 2007 2 111.pdf"
,"CLJ_2007_2_127","CLJ 2007 2 127.pdf"
,"CLJ_2007_2_155","CLJ 2007 2 155.pdf"
,"CLJ_2007_2_185","CLJ 2007 2 185.pdf"
,"CLJ_2007_2_197","CLJ 2007 2 197.pdf"
,"CLJ_2007_2_229","CLJ 2007 2 229.pdf"
,"CLJ_2007_2_25","CLJ 2007 2 25.pdf"
,"CLJ_2007_2_292","CLJ 2007 2 292.pdf"
,"CLJ_2007_2_305","CLJ 2007 2 305.pdf"
,"CLJ_2007_2_317","CLJ 2007 2 317.pdf"
,"CLJ_2007_2_33","CLJ 2007 2 33.pdf"
,"CLJ_2007_2_332","CLJ 2007 2 332.pdf"
,"CLJ_2007_2_339","CLJ 2007 2 339.pdf"
,"CLJ_2007_2_354","CLJ 2007 2 354.pdf"
,"CLJ_2007_2_362","CLJ 2007 2 362.pdf"
,"CLJ_2007_2_370","CLJ 2007 2 370.pdf"
,"CLJ_2007_2_405","CLJ 2007 2 405.pdf"
,"CLJ_2007_2_422","CLJ 2007 2 422.pdf"
,"CLJ_2007_2_434","CLJ 2007 2 434.pdf"
,"CLJ_2007_2_451","CLJ 2007 2 451.pdf"
,"CLJ_2007_2_509","CLJ 2007 2 509.pdf"
,"CLJ_2007_2_522","CLJ 2007 2 522.pdf"
,"CLJ_2007_2_529","CLJ 2007 2 529.pdf"
,"CLJ_2007_2_545","CLJ 2007 2 545.pdf"
,"CLJ_2007_2_551","CLJ 2007 2 551.pdf"
,"CLJ_2007_2_557","CLJ 2007 2 557.pdf"
,"CLJ_2007_2_569","CLJ 2007 2 569.pdf"
,"CLJ_2007_2_577","CLJ 2007 2 577.pdf"
,"CLJ_2007_2_624","CLJ 2007 2 624.pdf"
,"CLJ_2007_2_648","CLJ 2007 2 648.pdf"
,"CLJ_2007_2_655","CLJ 2007 2 655.pdf"
,"CLJ_2007_2_665","CLJ 2007 2 665.pdf"
,"CLJ_2007_2_689","CLJ 2007 2 689.pdf"
,"CLJ_2007_2_701","CLJ 2007 2 701.pdf"
,"CLJ_2007_2_720","CLJ 2007 2 720.pdf"
,"CLJ_2007_2_732","CLJ 2007 2 732.pdf"
,"CLJ_2007_2_741","CLJ 2007 2 741.pdf"
,"CLJ_2007_2_747","CLJ 2007 2 747.pdf"
,"CLJ_2007_2_758","CLJ 2007 2 758.pdf"
,"CLJ_2007_2_82","CLJ 2007 2 82.pdf"
,"CLJ_2007_2_97","CLJ 2007 2 97.pdf"
clj_2007_3,"CLJ_2007_3_1","CLJ 2007 3 1.pdf","Current Law Journal, 2007, Volume 3",[2007],texts,opensource
,"CLJ_2007_3_135","CLJ 2007 3 135.pdf"
,"CLJ_2007_3_148","CLJ 2007 3 148.pdf"
,"CLJ_2007_3_153","CLJ 2007 3 153.pdf"
,"CLJ_2007_3_16","CLJ 2007 3 16.pdf"
,"CLJ_2007_3_165","CLJ 2007 3 165.pdf"
,"CLJ_2007_3_171","CLJ 2007 3 171.pdf"
,"CLJ_2007_3_176","CLJ 2007 3 176.pdf"
,"CLJ_2007_3_185","CLJ 2007 3 185.pdf"
,"CLJ_2007_3_209","CLJ 2007 3 209.pdf"
,"CLJ_2007_3_230","CLJ 2007 3 230.pdf"
,"CLJ_2007_3_247","CLJ 2007 3 247.pdf"
,"CLJ_2007_3_252","CLJ 2007 3 252.pdf"
,"CLJ_2007_3_263","CLJ 2007 3 263.pdf"
,"CLJ_2007_3_281","CLJ 2007 3 281.pdf"
,"CLJ_2007_3_295","CLJ 2007 3 295.pdf"
,"CLJ_2007_3_312","CLJ 2007 3 312.pdf"
,"CLJ_2007_3_331","CLJ 2007 3 331.pdf"
,"CLJ_2007_3_335","CLJ 2007 3 335.pdf"
,"CLJ_2007_3_349","CLJ 2007 3 349.pdf"
,"CLJ_2007_3_361","CLJ 2007 3 361.pdf"
,"CLJ_2007_3_377","CLJ 2007 3 377.pdf"
,"CLJ_2007_3_399","CLJ 2007 3 399.pdf"
,"CLJ_2007_3_41","CLJ 2007 3 41.pdf"
,"CLJ_2007_3_413","CLJ 2007 3 413.pdf"
,"CLJ_2007_3_440","CLJ 2007 3 440.pdf"
,"CLJ_2007_3_446","CLJ 2007 3 446.pdf"
,"CLJ_2007_3_465","CLJ 2007 3 465.pdf"
,"CLJ_2007_3_481","CLJ 2007 3 481.pdf"
,"CLJ_2007_3_488","CLJ 2007 3 488.pdf"
,"CLJ_2007_3_495","CLJ 2007 3 495.pdf"
,"CLJ_2007_3_538","CLJ 2007 3 538.pdf"
,"CLJ_2007_3_554","CLJ 2007 3 554.pdf"
,"CLJ_2007_3_557","CLJ 2007 3 557.pdf"
,"CLJ_2007_3_59","CLJ 2007 3 59.pdf"
,"CLJ_2007_3_621","CLJ 2007 3 621.pdf"
,"CLJ_2007_3_644","CLJ 2007 3 644.pdf"
,"CLJ_2007_3_661","CLJ 2007 3 661.pdf"
,"CLJ_2007_3_672","CLJ 2007 3 672.pdf"
,"CLJ_2007_3_679","CLJ 2007 3 679.pdf"
,"CLJ_2007_3_695","CLJ 2007 3 695.pdf"
,"CLJ_2007_3_705","CLJ 2007 3 705.pdf"
,"CLJ_2007_3_71","CLJ 2007 3 71.pdf"
,"CLJ_2007_3_725","CLJ 2007 3 725.pdf"
,"CLJ_2007_3_737","CLJ 2007 3 737.pdf"
,"CLJ_2007_3_83","CLJ 2007 3 83.pdf"
,"CLJ_2007_3_93","CLJ 2007 3 93.pdf"
,"CLJ_2007_3_97","CLJ 2007 3 97.pdf"
clj_2007_4,"CLJ_2007_4_1","CLJ 2007 4 1.pdf","Current Law Journal, 2007, Volume 4",[2007],texts,opensource
,"CLJ_2007_4_109","CLJ 2007 4 109.pdf"
,"CLJ_2007_4_114","CLJ 2007 4 114.pdf"
,"CLJ_2007_4_128","CLJ 2007 4 128.pdf"
,"CLJ_2007_4_137","CLJ 2007 4 137.pdf"
,"CLJ_2007_4_154","CLJ 2007 4 154.pdf"
,"CLJ_2007_4_193","CLJ 2007 4 193.pdf"
,"CLJ_2007_4_22","CLJ 2007 4 22.pdf"
,"CLJ_2007_4_230","CLJ 2007 4 230.pdf"
,"CLJ_2007_4_253","CLJ 2007 4 253.pdf"
,"CLJ_2007_4_28","CLJ 2007 4 28.pdf"
,"CLJ_2007_4_293","CLJ 2007 4 293.pdf"
,"CLJ_2007_4_318","CLJ 2007 4 318.pdf"
,"CLJ_2007_4_337","CLJ 2007 4 337.pdf"
,"CLJ_2007_4_355","CLJ 2007 4 355.pdf"
,"CLJ_2007_4_375","CLJ 2007 4 375.pdf"
,"CLJ_2007_4_382","CLJ 2007 4 382.pdf"
,"CLJ_2007_4_405","CLJ 2007 4 405.pdf"
,"CLJ_2007_4_421","CLJ 2007 4 421.pdf"
,"CLJ_2007_4_435","CLJ 2007 4 435.pdf"
,"CLJ_2007_4_454","CLJ 2007 4 454.pdf"
,"CLJ_2007_4_467","CLJ 2007 4 467.pdf"
,"CLJ_2007_4_47","CLJ 2007 4 47.pdf"
,"CLJ_2007_4_487","CLJ 2007 4 487.pdf"
,"CLJ_2007_4_513","CLJ 2007 4 513.pdf"
,"CLJ_2007_4_52","CLJ 2007 4 52.pdf"
,"CLJ_2007_4_526","CLJ 2007 4 526.pdf"
,"CLJ_2007_4_557","CLJ 2007 4 557.pdf"
,"CLJ_2007_4_596","CLJ 2007 4 596.pdf"
,"CLJ_2007_4_604","CLJ 2007 4 604.pdf"
,"CLJ_2007_4_613","CLJ 2007 4 613.pdf"
,"CLJ_2007_4_643","CLJ 2007 4 643.pdf"
,"CLJ_2007_4_672","CLJ 2007 4 672.pdf"
,"CLJ_2007_4_688","CLJ 2007 4 688.pdf"
,"CLJ_2007_4_697","CLJ 2007 4 697.pdf"
,"CLJ_2007_4_725","CLJ 2007 4 725.pdf"
,"CLJ_2007_4_78","CLJ 2007 4 78.pdf"
,"CLJ_2007_4_803","CLJ 2007 4 803.pdf"
,"CLJ_2007_4_820","CLJ 2007 4 820.pdf"
,"CLJ_2007_4_832","CLJ 2007 4 832.pdf"
clj_2007_5,"CLJ_2007_5_1","CLJ 2007 5 1.pdf","Current Law Journal, 2007, Volume 5",[2007],texts,opensource
,"CLJ_2007_5_118","CLJ 2007 5 118.pdf"
,"CLJ_2007_5_126","CLJ 2007 5 126.pdf"
,"CLJ_2007_5_132","CLJ 2007 5 132.pdf"
,"CLJ_2007_5_138","CLJ 2007 5 138.pdf"
,"CLJ_2007_5_156","CLJ 2007 5 156.pdf"
,"CLJ_2007_5_165","CLJ 2007 5 165.pdf"
,"CLJ_2007_5_171","CLJ 2007 5 171.pdf"
,"CLJ_2007_5_189","CLJ 2007 5 189.pdf"
,"CLJ_2007_5_225","CLJ 2007 5 225.pdf"
,"CLJ_2007_5_238","CLJ 2007 5 238.pdf"
,"CLJ_2007_5_245","CLJ 2007 5 245.pdf"
,"CLJ_2007_5_253","CLJ 2007 5 253.pdf"
,"CLJ_2007_5_290","CLJ 2007 5 290.pdf"
,"CLJ_2007_5_298","CLJ 2007 5 298.pdf"
,"CLJ_2007_5_311","CLJ 2007 5 311.pdf"
,"CLJ_2007_5_353","CLJ 2007 5 353.pdf"
,"CLJ_2007_5_363","CLJ 2007 5 363.pdf"
,"CLJ_2007_5_38","CLJ 2007 5 38.pdf"
,"CLJ_2007_5_406","CLJ 2007 5 406.pdf"
,"CLJ_2007_5_441","CLJ 2007 5 441.pdf"
,"CLJ_2007_5_465","CLJ 2007 5 465.pdf"
,"CLJ_2007_5_489","CLJ 2007 5 489.pdf"
,"CLJ_2007_5_51","CLJ 2007 5 51.pdf"
,"CLJ_2007_5_538","CLJ 2007 5 538.pdf"
,"CLJ_2007_5_555","CLJ 2007 5 555.pdf"
,"CLJ_2007_5_565","CLJ 2007 5 565.pdf"
,"CLJ_2007_5_605","CLJ 2007 5 605.pdf"
,"CLJ_2007_5_643","CLJ 2007 5 643.pdf"
,"CLJ_2007_5_654","CLJ 2007 5 654.pdf"
,"CLJ_2007_5_666","CLJ 2007 5 666.pdf"
,"CLJ_2007_5_673","CLJ 2007 5 673.pdf"
,"CLJ_2007_5_693","CLJ 2007 5 693.pdf"
,"CLJ_2007_5_700","CLJ 2007 5 700.pdf"
,"CLJ_2007_5_708","CLJ 2007 5 708.pdf"
,"CLJ_2007_5_71","CLJ 2007 5 71.pdf"
,"CLJ_2007_5_720","CLJ 2007 5 720.pdf"
,"CLJ_2007_5_737","CLJ 2007 5 737.pdf"
,"CLJ_2007_5_84","CLJ 2007 5 84.pdf"
,"CLJ_2007_5_93","CLJ 2007 5 93.pdf"
clj_2007_6,"CLJ_2007_6_1","CLJ 2007 6 1.pdf","Current Law Journal, 2007, Volume 6",[2007],texts,opensource
,"CLJ_2007_6_176","CLJ 2007 6 176.pdf"
,"CLJ_2007_6_18","CLJ 2007 6 18.pdf"
,"CLJ_2007_6_192","CLJ 2007 6 192.pdf"
,"CLJ_2007_6_228","CLJ 2007 6 228.pdf"
,"CLJ_2007_6_245","CLJ 2007 6 245.pdf"
,"CLJ_2007_6_260","CLJ 2007 6 260.pdf"
,"CLJ_2007_6_268","CLJ 2007 6 268.pdf"
,"CLJ_2007_6_27","CLJ 2007 6 27.pdf"
,"CLJ_2007_6_279","CLJ 2007 6 279.pdf"
,"CLJ_2007_6_337","CLJ 2007 6 337.pdf"
,"CLJ_2007_6_341","CLJ 2007 6 341.pdf"
,"CLJ_2007_6_367","CLJ 2007 6 367.pdf"
,"CLJ_2007_6_43","CLJ 2007 6 43.pdf"
,"CLJ_2007_6_509","CLJ 2007 6 509.pdf"
,"CLJ_2007_6_538","CLJ 2007 6 538.pdf"
,"CLJ_2007_6_548","CLJ 2007 6 548.pdf"
,"CLJ_2007_6_557","CLJ 2007 6 557.pdf"
,"CLJ_2007_6_570","CLJ 2007 6 570.pdf"
,"CLJ_2007_6_582","CLJ 2007 6 582.pdf"
,"CLJ_2007_6_613","CLJ 2007 6 613.pdf"
,"CLJ_2007_6_626","CLJ 2007 6 626.pdf"
,"CLJ_2007_6_639","CLJ 2007 6 639.pdf"
,"CLJ_2007_6_662","CLJ 2007 6 662.pdf"
,"CLJ_2007_6_677","CLJ 2007 6 677.pdf"
,"CLJ_2007_6_687","CLJ 2007 6 687.pdf"
,"CLJ_2007_6_702","CLJ 2007 6 702.pdf"
,"CLJ_2007_6_710","CLJ 2007 6 710.pdf"
,"CLJ_2007_6_724","CLJ 2007 6 724.pdf"
,"CLJ_2007_6_741","CLJ 2007 6 741.pdf"
,"CLJ_2007_6_77","CLJ 2007 6 77.pdf"
,"CLJ_2007_6_791","CLJ 2007 6 791.pdf"
,"CLJ_2007_6_844","CLJ 2007 6 844.pdf"
,"CLJ_2007_6_93","CLJ 2007 6 93.pdf"
clj_2007_7,"CLJ_2007_7_1","CLJ 2007 7 1.pdf","Current Law Journal, 2007, Volume 7",[2007],texts,opensource
,"CLJ_2007_7_102","CLJ 2007 7 102.pdf"
,"CLJ_2007_7_11","CLJ 2007 7 11.pdf"
,"CLJ_2007_7_116","CLJ 2007 7 116.pdf"
,"CLJ_2007_7_124","CLJ 2007 7 124.pdf"
,"CLJ_2007_7_132","CLJ 2007 7 132.pdf"
,"CLJ_2007_7_144","CLJ 2007 7 144.pdf"
,"CLJ_2007_7_152","CLJ 2007 7 152.pdf"
,"CLJ_2007_7_161","CLJ 2007 7 161.pdf"
,"CLJ_2007_7_174","CLJ 2007 7 174.pdf"
,"CLJ_2007_7_188","CLJ 2007 7 188.pdf"
,"CLJ_2007_7_195","CLJ 2007 7 195.pdf"
,"CLJ_2007_7_201","CLJ 2007 7 201.pdf"
,"CLJ_2007_7_207","CLJ 2007 7 207.pdf"
,"CLJ_2007_7_225","CLJ 2007 7 225.pdf"
,"CLJ_2007_7_237","CLJ 2007 7 237.pdf"
,"CLJ_2007_7_243","CLJ 2007 7 243.pdf"
,"CLJ_2007_7_249","CLJ 2007 7 249.pdf"
,"CLJ_2007_7_270","CLJ 2007 7 270.pdf"
,"CLJ_2007_7_283","CLJ 2007 7 283.pdf"
,"CLJ_2007_7_308","CLJ 2007 7 308.pdf"
,"CLJ_2007_7_321","CLJ 2007 7 321.pdf"
,"CLJ_2007_7_330","CLJ 2007 7 330.pdf"
,"CLJ_2007_7_337","CLJ 2007 7 337.pdf"
,"CLJ_2007_7_354","CLJ 2007 7 354.pdf"
,"CLJ_2007_7_368","CLJ 2007 7 368.pdf"
,"CLJ_2007_7_379","CLJ 2007 7 379.pdf"
,"CLJ_2007_7_386","CLJ 2007 7 386.pdf"
,"CLJ_2007_7_393","CLJ 2007 7 393.pdf"
,"CLJ_2007_7_43","CLJ 2007 7 43.pdf"
,"CLJ_2007_7_437","CLJ 2007 7 437.pdf"
,"CLJ_2007_7_443","CLJ 2007 7 443.pdf"
,"CLJ_2007_7_454","CLJ 2007 7 454.pdf"
,"CLJ_2007_7_464","CLJ 2007 7 464.pdf"
,"CLJ_2007_7_477","CLJ 2007 7 477.pdf"
,"CLJ_2007_7_497","CLJ 2007 7 497.pdf"
,"CLJ_2007_7_516","CLJ 2007 7 516.pdf"
,"CLJ_2007_7_552","CLJ 2007 7 552.pdf"
,"CLJ_2007_7_56","CLJ 2007 7 56.pdf"
,"CLJ_2007_7_561","CLJ 2007 7 561.pdf"
,"CLJ_2007_7_570","CLJ 2007 7 570.pdf"
,"CLJ_2007_7_584","CLJ 2007 7 584.pdf"
,"CLJ_2007_7_597","CLJ 2007 7 597.pdf"
,"CLJ_2007_7_609","CLJ 2007 7 609.pdf"
,"CLJ_2007_7_616","CLJ 2007 7 616.pdf"
,"CLJ_2007_7_633","CLJ 2007 7 633.pdf"
,"CLJ_2007_7_644","CLJ 2007 7 644.pdf"
,"CLJ_2007_7_657","CLJ 2007 7 657.pdf"
,"CLJ_2007_7_668","CLJ 2007 7 668.pdf"
,"CLJ_2007_7_68","CLJ 2007 7 68.pdf"
,"CLJ_2007_7_81","CLJ 2007 7 81.pdf"
,"CLJ_2007_7_89","CLJ 2007 7 89.pdf"
clj_2007_8,"CLJ_2007_8_1","CLJ 2007 8 1.pdf","Current Law Journal, 2007, Volume 8",[2007],texts,opensource
,"CLJ_2007_8_10","CLJ 2007 8 10.pdf"
,"CLJ_2007_8_104","CLJ 2007 8 104.pdf"
,"CLJ_2007_8_125","CLJ 2007 8 125.pdf"
,"CLJ_2007_8_141","CLJ 2007 8 141.pdf"
,"CLJ_2007_8_158","CLJ 2007 8 158.pdf"
,"CLJ_2007_8_16","CLJ 2007 8 16.pdf"
,"CLJ_2007_8_195","CLJ 2007 8 195.pdf"
,"CLJ_2007_8_207","CLJ 2007 8 207.pdf"
,"CLJ_2007_8_215","CLJ 2007 8 215.pdf"
,"CLJ_2007_8_23","CLJ 2007 8 23.pdf"
,"CLJ_2007_8_234","CLJ 2007 8 234.pdf"
,"CLJ_2007_8_245","CLJ 2007 8 245.pdf"
,"CLJ_2007_8_255","CLJ 2007 8 255.pdf"
,"CLJ_2007_8_273","CLJ 2007 8 273.pdf"
,"CLJ_2007_8_291","CLJ 2007 8 291.pdf"
,"CLJ_2007_8_304","CLJ 2007 8 304.pdf"
,"CLJ_2007_8_328","CLJ 2007 8 328.pdf"
,"CLJ_2007_8_339","CLJ 2007 8 339.pdf"
,"CLJ_2007_8_353","CLJ 2007 8 353.pdf"
,"CLJ_2007_8_358","CLJ 2007 8 358.pdf"
,"CLJ_2007_8_36","CLJ 2007 8 36.pdf"
,"CLJ_2007_8_368","CLJ 2007 8 368.pdf"
,"CLJ_2007_8_420","CLJ 2007 8 420.pdf"
,"CLJ_2007_8_431","CLJ 2007 8 431.pdf"
,"CLJ_2007_8_438","CLJ 2007 8 438.pdf"
,"CLJ_2007_8_445","CLJ 2007 8 445.pdf"
,"CLJ_2007_8_45","CLJ 2007 8 45.pdf"
,"CLJ_2007_8_477","CLJ 2007 8 477.pdf"
,"CLJ_2007_8_484","CLJ 2007 8 484.pdf"
,"CLJ_2007_8_507","CLJ 2007 8 507.pdf"
,"CLJ_2007_8_526","CLJ 2007 8 526.pdf"
,"CLJ_2007_8_536","CLJ 2007 8 536.pdf"
,"CLJ_2007_8_545","CLJ 2007 8 545.pdf"
,"CLJ_2007_8_554","CLJ 2007 8 554.pdf"
,"CLJ_2007_8_568","CLJ 2007 8 568.pdf"
,"CLJ_2007_8_579","CLJ 2007 8 579.pdf"
,"CLJ_2007_8_589","CLJ 2007 8 589.pdf"
,"CLJ_2007_8_61","CLJ 2007 8 61.pdf"
,"CLJ_2007_8_626","CLJ 2007 8 626.pdf"
,"CLJ_2007_8_641","CLJ 2007 8 641.pdf"
,"CLJ_2007_8_65","CLJ 2007 8 65.pdf"
,"CLJ_2007_8_655","CLJ 2007 8 655.pdf"
,"CLJ_2007_8_674","CLJ 2007 8 674.pdf"
,"CLJ_2007_8_703","CLJ 2007 8 703.pdf"
,"CLJ_2007_8_717","CLJ 2007 8 717.pdf"
,"CLJ_2007_8_75","CLJ 2007 8 75.pdf"
,"CLJ_2007_8_84","CLJ 2007 8 84.pdf"
,"CLJ_2007_8_94","CLJ 2007 8 94.pdf"
clj_2007_9,"CLJ_2007_9_1","CLJ 2007 9 1.pdf","Current Law Journal, 2007, Volume 9",[2007],texts,opensource
,"CLJ_2007_9_115","CLJ 2007 9 115.pdf"
,"CLJ_2007_9_120","CLJ 2007 9 120.pdf"
,"CLJ_2007_9_128","CLJ 2007 9 128.pdf"
,"CLJ_2007_9_145","CLJ 2007 9 145.pdf"
,"CLJ_2007_9_15","CLJ 2007 9 15.pdf"
,"CLJ_2007_9_161","CLJ 2007 9 161.pdf"
,"CLJ_2007_9_173","CLJ 2007 9 173.pdf"
,"CLJ_2007_9_187","CLJ 2007 9 187.pdf"
,"CLJ_2007_9_207","CLJ 2007 9 207.pdf"
,"CLJ_2007_9_215","CLJ 2007 9 215.pdf"
,"CLJ_2007_9_242","CLJ 2007 9 242.pdf"
,"CLJ_2007_9_269","CLJ 2007 9 269.pdf"
,"CLJ_2007_9_27","CLJ 2007 9 27.pdf"
,"CLJ_2007_9_314","CLJ 2007 9 314.pdf"
,"CLJ_2007_9_334","CLJ 2007 9 334.pdf"
,"CLJ_2007_9_353","CLJ 2007 9 353.pdf"
,"CLJ_2007_9_361","CLJ 2007 9 361.pdf"
,"CLJ_2007_9_373","CLJ 2007 9 373.pdf"
,"CLJ_2007_9_400","CLJ 2007 9 400.pdf"
,"CLJ_2007_9_416","CLJ 2007 9 416.pdf"
,"CLJ_2007_9_475","CLJ 2007 9 475.pdf"
,"CLJ_2007_9_489","CLJ 2007 9 489.pdf"
,"CLJ_2007_9_509","CLJ 2007 9 509.pdf"
,"CLJ_2007_9_521","CLJ 2007 9 521.pdf"
,"CLJ_2007_9_53","CLJ 2007 9 53.pdf"
,"CLJ_2007_9_533","CLJ 2007 9 533.pdf"
,"CLJ_2007_9_557","CLJ 2007 9 557.pdf"
,"CLJ_2007_9_579","CLJ 2007 9 579.pdf"
,"CLJ_2007_9_601","CLJ 2007 9 601.pdf"
,"CLJ_2007_9_613","CLJ 2007 9 613.pdf"
,"CLJ_2007_9_622","CLJ 2007 9 622.pdf"
,"CLJ_2007_9_640","CLJ 2007 9 640.pdf"
,"CLJ_2007_9_648","CLJ 2007 9 648.pdf"
,"CLJ_2007_9_655","CLJ 2007 9 655.pdf"
,"CLJ_2007_9_672","CLJ 2007 9 672.pdf"
,"CLJ_2007_9_69","CLJ 2007 9 69.pdf"
,"CLJ_2007_9_694","CLJ 2007 9 694.pdf"
,"CLJ_2007_9_701","CLJ 2007 9 701.pdf"
,"CLJ_2007_9_709","CLJ 2007 9 709.pdf"
,"CLJ_2007_9_713","CLJ 2007 9 713.pdf"
,"CLJ_2007_9_718","CLJ 2007 9 718.pdf"
,"CLJ_2007_9_748","CLJ 2007 9 748.pdf"
,"CLJ_2007_9_756","CLJ 2007 9 756.pdf"
,"CLJ_2007_9_775","CLJ 2007 9 775.pdf"
,"CLJ_2007_9_784","CLJ 2007 9 784.pdf"
,"CLJ_2007_9_81","CLJ 2007 9 81.pdf"
clj_2008_1,"CLJ_2008_1_1","CLJ 2008 1 1.pdf","Current Law Journal, 2008, Volume 1",[2008],texts,opensource
,"CLJ_2008_1_102","CLJ 2008 1 102.pdf"
,"CLJ_2008_1_113","CLJ 2008 1 113.pdf"
,"CLJ_2008_1_12","CLJ 2008 1 12.pdf"
,"CLJ_2008_1_123","CLJ 2008 1 123.pdf"
,"CLJ_2008_1_135","CLJ 2008 1 135.pdf"
,"CLJ_2008_1_169","CLJ 2008 1 169.pdf"
,"CLJ_2008_1_191","CLJ 2008 1 191.pdf"
,"CLJ_2008_1_218","CLJ 2008 1 218.pdf"
,"CLJ_2008_1_229","CLJ 2008 1 229.pdf"
,"CLJ_2008_1_237","CLJ 2008 1 237.pdf"
,"CLJ_2008_1_246","CLJ 2008 1 246.pdf"
,"CLJ_2008_1_264","CLJ 2008 1 264.pdf"
,"CLJ_2008_1_27","CLJ 2008 1 27.pdf"
,"CLJ_2008_1_290","CLJ 2008 1 290.pdf"
,"CLJ_2008_1_298","CLJ 2008 1 298.pdf"
,"CLJ_2008_1_313","CLJ 2008 1 313.pdf"
,"CLJ_2008_1_331","CLJ 2008 1 331.pdf"
,"CLJ_2008_1_337","CLJ 2008 1 337.pdf"
,"CLJ_2008_1_345","CLJ 2008 1 345.pdf"
,"CLJ_2008_1_354","CLJ 2008 1 354.pdf"
,"CLJ_2008_1_365","CLJ 2008 1 365.pdf"
,"CLJ_2008_1_433","CLJ 2008 1 433.pdf"
,"CLJ_2008_1_440","CLJ 2008 1 440.pdf"
,"CLJ_2008_1_452","CLJ 2008 1 452.pdf"
,"CLJ_2008_1_46","CLJ 2008 1 46.pdf"
,"CLJ_2008_1_464","CLJ 2008 1 464.pdf"
,"CLJ_2008_1_496","CLJ 2008 1 496.pdf"
,"CLJ_2008_1_513","CLJ 2008 1 513.pdf"
,"CLJ_2008_1_521","CLJ 2008 1 521.pdf"
,"CLJ_2008_1_571","CLJ 2008 1 571.pdf"
,"CLJ_2008_1_613","CLJ 2008 1 613.pdf"
,"CLJ_2008_1_632","CLJ 2008 1 632.pdf"
,"CLJ_2008_1_641","CLJ 2008 1 641.pdf"
,"CLJ_2008_1_651","CLJ 2008 1 651.pdf"
,"CLJ_2008_1_683","CLJ 2008 1 683.pdf"
,"CLJ_2008_1_704","CLJ 2008 1 704.pdf"
,"CLJ_2008_1_714","CLJ 2008 1 714.pdf"
,"CLJ_2008_1_723","CLJ 2008 1 723.pdf"
,"CLJ_2008_1_73","CLJ 2008 1 73.pdf"
,"CLJ_2008_1_745","CLJ 2008 1 745.pdf"
,"CLJ_2008_1_760","CLJ 2008 1 760.pdf"
,"CLJ_2008_1_773","CLJ 2008 1 773.pdf"
,"CLJ_2008_1_784","CLJ 2008 1 784.pdf"
,"CLJ_2008_1_794","CLJ 2008 1 794.pdf"
,"CLJ_2008_1_798","CLJ 2008 1 798.pdf"
,"CLJ_2008_1_80","CLJ 2008 1 80.pdf"
,"CLJ_2008_1_838","CLJ 2008 1 838.pdf"
,"CLJ_2008_1_87","CLJ 2008 1 87.pdf"
clj_2008_10,"CLJ_2008_10_1","CLJ 2008 10 1.pdf","Current Law Journal, 2008, Volume 10",[2008],texts,opensource
,"CLJ_2008_10_101","CLJ 2008 10 101.pdf"
,"CLJ_2008_10_114","CLJ 2008 10 114.pdf"
,"CLJ_2008_10_125","CLJ 2008 10 125.pdf"
,"CLJ_2008_10_134","CLJ 2008 10 134.pdf"
,"CLJ_2008_10_150","CLJ 2008 10 150.pdf"
,"CLJ_2008_10_169","CLJ 2008 10 169.pdf"
,"CLJ_2008_10_181","CLJ 2008 10 181.pdf"
,"CLJ_2008_10_190","CLJ 2008 10 190.pdf"
,"CLJ_2008_10_197","CLJ 2008 10 197.pdf"
,"CLJ_2008_10_210","CLJ 2008 10 210.pdf"
,"CLJ_2008_10_215","CLJ 2008 10 215.pdf"
,"CLJ_2008_10_231","CLJ 2008 10 231.pdf"
,"CLJ_2008_10_245","CLJ 2008 10 245.pdf"
,"CLJ_2008_10_258","CLJ 2008 10 258.pdf"
,"CLJ_2008_10_264","CLJ 2008 10 264.pdf"
,"CLJ_2008_10_296","CLJ 2008 10 296.pdf"
,"CLJ_2008_10_303","CLJ 2008 10 303.pdf"
,"CLJ_2008_10_313","CLJ 2008 10 313.pdf"
,"CLJ_2008_10_320","CLJ 2008 10 320.pdf"
,"CLJ_2008_10_328","CLJ 2008 10 328.pdf"
,"CLJ_2008_10_334","CLJ 2008 10 334.pdf"
,"CLJ_2008_10_342","CLJ 2008 10 342.pdf"
,"CLJ_2008_10_350","CLJ 2008 10 350.pdf"
,"CLJ_2008_10_356","CLJ 2008 10 356.pdf"
,"CLJ_2008_10_366","CLJ 2008 10 366.pdf"
,"CLJ_2008_10_37","CLJ 2008 10 37.pdf"
,"CLJ_2008_10_371","CLJ 2008 10 371.pdf"
,"CLJ_2008_10_381","CLJ 2008 10 381.pdf"
,"CLJ_2008_10_393","CLJ 2008 10 393.pdf"
,"CLJ_2008_10_410","CLJ 2008 10 410.pdf"
,"CLJ_2008_10_42","CLJ 2008 10 42.pdf"
,"CLJ_2008_10_420","CLJ 2008 10 420.pdf"
,"CLJ_2008_10_431","CLJ 2008 10 431.pdf"
,"CLJ_2008_10_437","CLJ 2008 10 437.pdf"
,"CLJ_2008_10_455","CLJ 2008 10 455.pdf"
,"CLJ_2008_10_467","CLJ 2008 10 467.pdf"
,"CLJ_2008_10_475","CLJ 2008 10 475.pdf"
,"CLJ_2008_10_481","CLJ 2008 10 481.pdf"
,"CLJ_2008_10_486","CLJ 2008 10 486.pdf"
,"CLJ_2008_10_49","CLJ 2008 10 49.pdf"
,"CLJ_2008_10_491","CLJ 2008 10 491.pdf"
,"CLJ_2008_10_507","CLJ 2008 10 507.pdf"
,"CLJ_2008_10_519","CLJ 2008 10 519.pdf"
,"CLJ_2008_10_538","CLJ 2008 10 538.pdf"
,"CLJ_2008_10_566","CLJ 2008 10 566.pdf"
,"CLJ_2008_10_573","CLJ 2008 10 573.pdf"
,"CLJ_2008_10_581","CLJ 2008 10 581.pdf"
,"CLJ_2008_10_593","CLJ 2008 10 593.pdf"
,"CLJ_2008_10_606","CLJ 2008 10 606.pdf"
,"CLJ_2008_10_617","CLJ 2008 10 617.pdf"
,"CLJ_2008_10_622","CLJ 2008 10 622.pdf"
,"CLJ_2008_10_678","CLJ 2008 10 678.pdf"
,"CLJ_2008_10_68","CLJ 2008 10 68.pdf"
,"CLJ_2008_10_686","CLJ 2008 10 686.pdf"
,"CLJ_2008_10_697","CLJ 2008 10 697.pdf"
,"CLJ_2008_10_701","CLJ 2008 10 701.pdf"
,"CLJ_2008_10_705","CLJ 2008 10 705.pdf"
,"CLJ_2008_10_86","CLJ 2008 10 86.pdf"
,"CLJ_2008_10_95","CLJ 2008 10 95.pdf"
clj_2008_2,"CLJ_2008_2_1","CLJ 2008 2 1.pdf","Current Law Journal, 2008, Volume 2",[2008],texts,opensource
,"CLJ_2008_2_102","CLJ 2008 2 102.pdf"
,"CLJ_2008_2_108","CLJ 2008 2 108.pdf"
,"CLJ_2008_2_113","CLJ 2008 2 113.pdf"
,"CLJ_2008_2_121","CLJ 2008 2 121.pdf"
,"CLJ_2008_2_191","CLJ 2008 2 191.pdf"
,"CLJ_2008_2_199","CLJ 2008 2 199.pdf"
,"CLJ_2008_2_211","CLJ 2008 2 211.pdf"
,"CLJ_2008_2_225","CLJ 2008 2 225.pdf"
,"CLJ_2008_2_232","CLJ 2008 2 232.pdf"
,"CLJ_2008_2_240","CLJ 2008 2 240.pdf"
,"CLJ_2008_2_284","CLJ 2008 2 284.pdf"
,"CLJ_2008_2_303","CLJ 2008 2 303.pdf"
,"CLJ_2008_2_326","CLJ 2008 2 326.pdf"
,"CLJ_2008_2_349","CLJ 2008 2 349.pdf"
,"CLJ_2008_2_359","CLJ 2008 2 359.pdf"
,"CLJ_2008_2_369","CLJ 2008 2 369.pdf"
,"CLJ_2008_2_394","CLJ 2008 2 394.pdf"
,"CLJ_2008_2_403","CLJ 2008 2 403.pdf"
,"CLJ_2008_2_423","CLJ 2008 2 423.pdf"
,"CLJ_2008_2_433","CLJ 2008 2 433.pdf"
,"CLJ_2008_2_448","CLJ 2008 2 448.pdf"
,"CLJ_2008_2_459","CLJ 2008 2 459.pdf"
,"CLJ_2008_2_466","CLJ 2008 2 466.pdf"
,"CLJ_2008_2_537","CLJ 2008 2 537.pdf"
,"CLJ_2008_2_545","CLJ 2008 2 545.pdf"
,"CLJ_2008_2_561","CLJ 2008 2 561.pdf"
,"CLJ_2008_2_603","CLJ 2008 2 603.pdf"
,"CLJ_2008_2_609","CLJ 2008 2 609.pdf"
,"CLJ_2008_2_620","CLJ 2008 2 620.pdf"
,"CLJ_2008_2_636","CLJ 2008 2 636.pdf"
,"CLJ_2008_2_645","CLJ 2008 2 645.pdf"
,"CLJ_2008_2_660","CLJ 2008 2 660.pdf"
,"CLJ_2008_2_686","CLJ 2008 2 686.pdf"
,"CLJ_2008_2_718","CLJ 2008 2 718.pdf"
,"CLJ_2008_2_724","CLJ 2008 2 724.pdf"
,"CLJ_2008_2_745","CLJ 2008 2 745.pdf"
,"CLJ_2008_2_765","CLJ 2008 2 765.pdf"
,"CLJ_2008_2_783","CLJ 2008 2 783.pdf"
,"CLJ_2008_2_793","CLJ 2008 2 793.pdf"
,"CLJ_2008_2_814","CLJ 2008 2 814.pdf"
,"CLJ_2008_2_853","CLJ 2008 2 853.pdf"
,"CLJ_2008_2_856","CLJ 2008 2 856.pdf"
,"CLJ_2008_2_871","CLJ 2008 2 871.pdf"
clj_2008_3,"CLJ_2008_3_1","CLJ 2008 3 1.pdf","Current Law Journal, 2008, Volume 3",[2008],texts,opensource
,"CLJ_2008_3_117","CLJ 2008 3 117.pdf"
,"CLJ_2008_3_132","CLJ 2008 3 132.pdf"
,"CLJ_2008_3_146","CLJ 2008 3 146.pdf"
,"CLJ_2008_3_164","CLJ 2008 3 164.pdf"
,"CLJ_2008_3_17","CLJ 2008 3 17.pdf"
,"CLJ_2008_3_175","CLJ 2008 3 175.pdf"
,"CLJ_2008_3_198","CLJ 2008 3 198.pdf"
,"CLJ_2008_3_210","CLJ 2008 3 210.pdf"
,"CLJ_2008_3_215","CLJ 2008 3 215.pdf"
,"CLJ_2008_3_221","CLJ 2008 3 221.pdf"
,"CLJ_2008_3_23","CLJ 2008 3 23.pdf"
,"CLJ_2008_3_257","CLJ 2008 3 257.pdf"
,"CLJ_2008_3_264","CLJ 2008 3 264.pdf"
,"CLJ_2008_3_273","CLJ 2008 3 273.pdf"
,"CLJ_2008_3_288","CLJ 2008 3 288.pdf"
,"CLJ_2008_3_296","CLJ 2008 3 296.pdf"
,"CLJ_2008_3_302","CLJ 2008 3 302.pdf"
,"CLJ_2008_3_317","CLJ 2008 3 317.pdf"
,"CLJ_2008_3_323","CLJ 2008 3 323.pdf"
,"CLJ_2008_3_335","CLJ 2008 3 335.pdf"
,"CLJ_2008_3_37","CLJ 2008 3 37.pdf"
,"CLJ_2008_3_407","CLJ 2008 3 407.pdf"
,"CLJ_2008_3_418","CLJ 2008 3 418.pdf"
,"CLJ_2008_3_424","CLJ 2008 3 424.pdf"
,"CLJ_2008_3_429","CLJ 2008 3 429.pdf"
,"CLJ_2008_3_450","CLJ 2008 3 450.pdf"
,"CLJ_2008_3_470","CLJ 2008 3 470.pdf"
,"CLJ_2008_3_48","CLJ 2008 3 48.pdf"
,"CLJ_2008_3_489","CLJ 2008 3 489.pdf"
,"CLJ_2008_3_510","CLJ 2008 3 510.pdf"
,"CLJ_2008_3_519","CLJ 2008 3 519.pdf"
,"CLJ_2008_3_534","CLJ 2008 3 534.pdf"
,"CLJ_2008_3_546","CLJ 2008 3 546.pdf"
,"CLJ_2008_3_557","CLJ 2008 3 557.pdf"
,"CLJ_2008_3_570","CLJ 2008 3 570.pdf"
,"CLJ_2008_3_582","CLJ 2008 3 582.pdf"
,"CLJ_2008_3_593","CLJ 2008 3 593.pdf"
,"CLJ_2008_3_614","CLJ 2008 3 614.pdf"
,"CLJ_2008_3_623","CLJ 2008 3 623.pdf"
,"CLJ_2008_3_641","CLJ 2008 3 641.pdf"
,"CLJ_2008_3_653","CLJ 2008 3 653.pdf"
,"CLJ_2008_3_66","CLJ 2008 3 66.pdf"
,"CLJ_2008_3_674","CLJ 2008 3 674.pdf"
,"CLJ_2008_3_685","CLJ 2008 3 685.pdf"
,"CLJ_2008_3_692","CLJ 2008 3 692.pdf"
,"CLJ_2008_3_725","CLJ 2008 3 725.pdf"
,"CLJ_2008_3_732","CLJ 2008 3 732.pdf"
,"CLJ_2008_3_741","CLJ 2008 3 741.pdf"
,"CLJ_2008_3_752","CLJ 2008 3 752.pdf"
,"CLJ_2008_3_76","CLJ 2008 3 76.pdf"
,"CLJ_2008_3_791","CLJ 2008 3 791.pdf"
,"CLJ_2008_3_800","CLJ 2008 3 800.pdf"
,"CLJ_2008_3_808","CLJ 2008 3 808.pdf"
,"CLJ_2008_3_815","CLJ 2008 3 815.pdf"
,"CLJ_2008_3_845","CLJ 2008 3 845.pdf"
,"CLJ_2008_3_96","CLJ 2008 3 96.pdf"
clj_2008_4,"CLJ_2008_4_1","CLJ 2008 4 1.pdf","Current Law Journal, 2008, Volume 4",[2008],texts,opensource
,"CLJ_2008_4_105","CLJ 2008 4 105.pdf"
,"CLJ_2008_4_133","CLJ 2008 4 133.pdf"
,"CLJ_2008_4_143","CLJ 2008 4 143.pdf"
,"CLJ_2008_4_163","CLJ 2008 4 163.pdf"
,"CLJ_2008_4_175","CLJ 2008 4 175.pdf"
,"CLJ_2008_4_192","CLJ 2008 4 192.pdf"
,"CLJ_2008_4_20","CLJ 2008 4 20.pdf"
,"CLJ_2008_4_205","CLJ 2008 4 205.pdf"
,"CLJ_2008_4_217","CLJ 2008 4 217.pdf"
,"CLJ_2008_4_235","CLJ 2008 4 235.pdf"
,"CLJ_2008_4_250","CLJ 2008 4 250.pdf"
,"CLJ_2008_4_270","CLJ 2008 4 270.pdf"
,"CLJ_2008_4_276","CLJ 2008 4 276.pdf"
,"CLJ_2008_4_297","CLJ 2008 4 297.pdf"
,"CLJ_2008_4_309","CLJ 2008 4 309.pdf"
,"CLJ_2008_4_317","CLJ 2008 4 317.pdf"
,"CLJ_2008_4_352","CLJ 2008 4 352.pdf"
,"CLJ_2008_4_359","CLJ 2008 4 359.pdf"
,"CLJ_2008_4_381","CLJ 2008 4 381.pdf"
,"CLJ_2008_4_393","CLJ 2008 4 393.pdf"
,"CLJ_2008_4_403","CLJ 2008 4 403.pdf"
,"CLJ_2008_4_413","CLJ 2008 4 413.pdf"
,"CLJ_2008_4_431","CLJ 2008 4 431.pdf"
,"CLJ_2008_4_453","CLJ 2008 4 453.pdf"
,"CLJ_2008_4_477","CLJ 2008 4 477.pdf"
,"CLJ_2008_4_496","CLJ 2008 4 496.pdf"
,"CLJ_2008_4_504","CLJ 2008 4 504.pdf"
,"CLJ_2008_4_512","CLJ 2008 4 512.pdf"
,"CLJ_2008_4_533","CLJ 2008 4 533.pdf"
,"CLJ_2008_4_538","CLJ 2008 4 538.pdf"
,"CLJ_2008_4_59","CLJ 2008 4 59.pdf"
,"CLJ_2008_4_618","CLJ 2008 4 618.pdf"
,"CLJ_2008_4_631","CLJ 2008 4 631.pdf"
,"CLJ_2008_4_637","CLJ 2008 4 637.pdf"
,"CLJ_2008_4_642","CLJ 2008 4 642.pdf"
,"CLJ_2008_4_657","CLJ 2008 4 657.pdf"
,"CLJ_2008_4_66","CLJ 2008 4 66.pdf"
,"CLJ_2008_4_742","CLJ 2008 4 742.pdf"
,"CLJ_2008_4_748","CLJ 2008 4 748.pdf"
,"CLJ_2008_4_756","CLJ 2008 4 756.pdf"
,"CLJ_2008_4_764","CLJ 2008 4 764.pdf"
,"CLJ_2008_4_771","CLJ 2008 4 771.pdf"
,"CLJ_2008_4_779","CLJ 2008 4 779.pdf"
,"CLJ_2008_4_785","CLJ 2008 4 785.pdf"
,"CLJ_2008_4_794","CLJ 2008 4 794.pdf"
,"CLJ_2008_4_808","CLJ 2008 4 808.pdf"
,"CLJ_2008_4_81","CLJ 2008 4 81.pdf"
,"CLJ_2008_4_859","CLJ 2008 4 859.pdf"
,"CLJ_2008_4_873","CLJ 2008 4 873.pdf"
,"CLJ_2008_4_881","CLJ 2008 4 881.pdf"
,"CLJ_2008_4_893","CLJ 2008 4 893.pdf"
,"CLJ_2008_4_90","CLJ 2008 4 90.pdf"
,"CLJ_2008_4_95","CLJ 2008 4 95.pdf"
clj_2008_5,"CLJ_2008_5_1","CLJ 2008 5 1.pdf","Current Law Journal, 2008, Volume 5",[2008],texts,opensource
,"CLJ_2008_5_108","CLJ 2008 5 108.pdf"
,"CLJ_2008_5_130","CLJ 2008 5 130.pdf"
,"CLJ_2008_5_14","CLJ 2008 5 14.pdf"
,"CLJ_2008_5_165","CLJ 2008 5 165.pdf"
,"CLJ_2008_5_173","CLJ 2008 5 173.pdf"
,"CLJ_2008_5_180","CLJ 2008 5 180.pdf"
,"CLJ_2008_5_186","CLJ 2008 5 186.pdf"
,"CLJ_2008_5_195","CLJ 2008 5 195.pdf"
,"CLJ_2008_5_201","CLJ 2008 5 201.pdf"
,"CLJ_2008_5_222","CLJ 2008 5 222.pdf"
,"CLJ_2008_5_229","CLJ 2008 5 229.pdf"
,"CLJ_2008_5_251","CLJ 2008 5 251.pdf"
,"CLJ_2008_5_261","CLJ 2008 5 261.pdf"
,"CLJ_2008_5_270","CLJ 2008 5 270.pdf"
,"CLJ_2008_5_285","CLJ 2008 5 285.pdf"
,"CLJ_2008_5_29","CLJ 2008 5 29.pdf"
,"CLJ_2008_5_295","CLJ 2008 5 295.pdf"
,"CLJ_2008_5_305","CLJ 2008 5 305.pdf"
,"CLJ_2008_5_321","CLJ 2008 5 321.pdf"
,"CLJ_2008_5_355","CLJ 2008 5 355.pdf"
,"CLJ_2008_5_361","CLJ 2008 5 361.pdf"
,"CLJ_2008_5_375","CLJ 2008 5 375.pdf"
,"CLJ_2008_5_387","CLJ 2008 5 387.pdf"
,"CLJ_2008_5_397","CLJ 2008 5 397.pdf"
,"CLJ_2008_5_417","CLJ 2008 5 417.pdf"
,"CLJ_2008_5_42","CLJ 2008 5 42.pdf"
,"CLJ_2008_5_435","CLJ 2008 5 435.pdf"
,"CLJ_2008_5_441","CLJ 2008 5 441.pdf"
,"CLJ_2008_5_450","CLJ 2008 5 450.pdf"
,"CLJ_2008_5_470","CLJ 2008 5 470.pdf"
,"CLJ_2008_5_504","CLJ 2008 5 504.pdf"
,"CLJ_2008_5_514","CLJ 2008 5 514.pdf"
,"CLJ_2008_5_537","CLJ 2008 5 537.pdf"
,"CLJ_2008_5_551","CLJ 2008 5 551.pdf"
,"CLJ_2008_5_590","CLJ 2008 5 590.pdf"
,"CLJ_2008_5_598","CLJ 2008 5 598.pdf"
,"CLJ_2008_5_606","CLJ 2008 5 606.pdf"
,"CLJ_2008_5_629","CLJ 2008 5 629.pdf"
,"CLJ_2008_5_637","CLJ 2008 5 637.pdf"
,"CLJ_2008_5_644","CLJ 2008 5 644.pdf"
,"CLJ_2008_5_650","CLJ 2008 5 650.pdf"
,"CLJ_2008_5_654","CLJ 2008 5 654.pdf"
,"CLJ_2008_5_679","CLJ 2008 5 679.pdf"
,"CLJ_2008_5_69","CLJ 2008 5 69.pdf"
,"CLJ_2008_5_691","CLJ 2008 5 691.pdf"
,"CLJ_2008_5_705","CLJ 2008 5 705.pdf"
,"CLJ_2008_5_737","CLJ 2008 5 737.pdf"
,"CLJ_2008_5_769","CLJ 2008 5 769.pdf"
,"CLJ_2008_5_774","CLJ 2008 5 774.pdf"
,"CLJ_2008_5_798","CLJ 2008 5 798.pdf"
,"CLJ_2008_5_805","CLJ 2008 5 805.pdf"
,"CLJ_2008_5_831","CLJ 2008 5 831.pdf"
,"CLJ_2008_5_84","CLJ 2008 5 84.pdf"
,"CLJ_2008_5_93","CLJ 2008 5 93.pdf"
clj_2008_6,"CLJ_2008_6_1","CLJ 2008 6 1.pdf","Current Law Journal, 2008, Volume 6",[2008],texts,opensource
,"CLJ_2008_6_136","CLJ 2008 6 136.pdf"
,"CLJ_2008_6_140","CLJ 2008 6 140.pdf"
,"CLJ_2008_6_149","CLJ 2008 6 149.pdf"
,"CLJ_2008_6_153","CLJ 2008 6 153.pdf"
,"CLJ_2008_6_160","CLJ 2008 6 160.pdf"
,"CLJ_2008_6_191","CLJ 2008 6 191.pdf"
,"CLJ_2008_6_200","CLJ 2008 6 200.pdf"
,"CLJ_2008_6_209","CLJ 2008 6 209.pdf"
,"CLJ_2008_6_22","CLJ 2008 6 22.pdf"
,"CLJ_2008_6_223","CLJ 2008 6 223.pdf"
,"CLJ_2008_6_235","CLJ 2008 6 235.pdf"
,"CLJ_2008_6_250","CLJ 2008 6 250.pdf"
,"CLJ_2008_6_273","CLJ 2008 6 273.pdf"
,"CLJ_2008_6_301","CLJ 2008 6 301.pdf"
,"CLJ_2008_6_31","CLJ 2008 6 31.pdf"
,"CLJ_2008_6_317","CLJ 2008 6 317.pdf"
,"CLJ_2008_6_325","CLJ 2008 6 325.pdf"
,"CLJ_2008_6_334","CLJ 2008 6 334.pdf"
,"CLJ_2008_6_381","CLJ 2008 6 381.pdf"
,"CLJ_2008_6_390","CLJ 2008 6 390.pdf"
,"CLJ_2008_6_399","CLJ 2008 6 399.pdf"
,"CLJ_2008_6_412","CLJ 2008 6 412.pdf"
,"CLJ_2008_6_431","CLJ 2008 6 431.pdf"
,"CLJ_2008_6_438","CLJ 2008 6 438.pdf"
,"CLJ_2008_6_44","CLJ 2008 6 44.pdf"
,"CLJ_2008_6_453","CLJ 2008 6 453.pdf"
,"CLJ_2008_6_473","CLJ 2008 6 473.pdf"
,"CLJ_2008_6_500","CLJ 2008 6 500.pdf"
,"CLJ_2008_6_512","CLJ 2008 6 512.pdf"
,"CLJ_2008_6_534","CLJ 2008 6 534.pdf"
,"CLJ_2008_6_54","CLJ 2008 6 54.pdf"
,"CLJ_2008_6_542","CLJ 2008 6 542.pdf"
,"CLJ_2008_6_557","CLJ 2008 6 557.pdf"
,"CLJ_2008_6_573","CLJ 2008 6 573.pdf"
,"CLJ_2008_6_597","CLJ 2008 6 597.pdf"
,"CLJ_2008_6_611","CLJ 2008 6 611.pdf"
,"CLJ_2008_6_626","CLJ 2008 6 626.pdf"
,"CLJ_2008_6_642","CLJ 2008 6 642.pdf"
,"CLJ_2008_6_652","CLJ 2008 6 652.pdf"
,"CLJ_2008_6_66","CLJ 2008 6 66.pdf"
,"CLJ_2008_6_667","CLJ 2008 6 667.pdf"
,"CLJ_2008_6_681","CLJ 2008 6 681.pdf"
,"CLJ_2008_6_697","CLJ 2008 6 697.pdf"
,"CLJ_2008_6_738","CLJ 2008 6 738.pdf"
,"CLJ_2008_6_773","CLJ 2008 6 773.pdf"
,"CLJ_2008_6_790","CLJ 2008 6 790.pdf"
,"CLJ_2008_6_805","CLJ 2008 6 805.pdf"
,"CLJ_2008_6_833","CLJ 2008 6 833.pdf"
,"CLJ_2008_6_854","CLJ 2008 6 854.pdf"
,"CLJ_2008_6_867","CLJ 2008 6 867.pdf"
,"CLJ_2008_6_896","CLJ 2008 6 896.pdf"
,"CLJ_2008_6_915","CLJ 2008 6 915.pdf"
,"CLJ_2008_6_93","CLJ 2008 6 93.pdf"
clj_2008_7,"CLJ_2008_7_1","CLJ 2008 7 1.pdf","Current Law Journal, 2008, Volume 7",[2008],texts,opensource
,"CLJ_2008_7_129","CLJ 2008 7 129.pdf"
,"CLJ_2008_7_145","CLJ 2008 7 145.pdf"
,"CLJ_2008_7_156","CLJ 2008 7 156.pdf"
,"CLJ_2008_7_168","CLJ 2008 7 168.pdf"
,"CLJ_2008_7_193","CLJ 2008 7 193.pdf"
,"CLJ_2008_7_200","CLJ 2008 7 200.pdf"
,"CLJ_2008_7_209","CLJ 2008 7 209.pdf"
,"CLJ_2008_7_227","CLJ 2008 7 227.pdf"
,"CLJ_2008_7_239","CLJ 2008 7 239.pdf"
,"CLJ_2008_7_24","CLJ 2008 7 24.pdf"
,"CLJ_2008_7_247","CLJ 2008 7 247.pdf"
,"CLJ_2008_7_267","CLJ 2008 7 267.pdf"
,"CLJ_2008_7_301","CLJ 2008 7 301.pdf"
,"CLJ_2008_7_309","CLJ 2008 7 309.pdf"
,"CLJ_2008_7_315","CLJ 2008 7 315.pdf"
,"CLJ_2008_7_343","CLJ 2008 7 343.pdf"
,"CLJ_2008_7_355","CLJ 2008 7 355.pdf"
,"CLJ_2008_7_366","CLJ 2008 7 366.pdf"
,"CLJ_2008_7_40","CLJ 2008 7 40.pdf"
,"CLJ_2008_7_408","CLJ 2008 7 408.pdf"
,"CLJ_2008_7_413","CLJ 2008 7 413.pdf"
,"CLJ_2008_7_442","CLJ 2008 7 442.pdf"
,"CLJ_2008_7_453","CLJ 2008 7 453.pdf"
,"CLJ_2008_7_480","CLJ 2008 7 480.pdf"
,"CLJ_2008_7_491","CLJ 2008 7 491.pdf"
,"CLJ_2008_7_504","CLJ 2008 7 504.pdf"
,"CLJ_2008_7_525","CLJ 2008 7 525.pdf"
,"CLJ_2008_7_547","CLJ 2008 7 547.pdf"
,"CLJ_2008_7_560","CLJ 2008 7 560.pdf"
,"CLJ_2008_7_579","CLJ 2008 7 579.pdf"
,"CLJ_2008_7_598","CLJ 2008 7 598.pdf"
,"CLJ_2008_7_60","CLJ 2008 7 60.pdf"
,"CLJ_2008_7_617","CLJ 2008 7 617.pdf"
,"CLJ_2008_7_625","CLJ 2008 7 625.pdf"
,"CLJ_2008_7_640","CLJ 2008 7 640.pdf"
,"CLJ_2008_7_673","CLJ 2008 7 673.pdf"
,"CLJ_2008_7_680","CLJ 2008 7 680.pdf"
,"CLJ_2008_7_699","CLJ 2008 7 699.pdf"
,"CLJ_2008_7_715","CLJ 2008 7 715.pdf"
,"CLJ_2008_7_741","CLJ 2008 7 741.pdf"
,"CLJ_2008_7_754","CLJ 2008 7 754.pdf"
,"CLJ_2008_7_776","CLJ 2008 7 776.pdf"
,"CLJ_2008_7_810","CLJ 2008 7 810.pdf"
,"CLJ_2008_7_822","CLJ 2008 7 822.pdf"
,"CLJ_2008_7_836","CLJ 2008 7 836.pdf"
,"CLJ_2008_7_87","CLJ 2008 7 87.pdf"
,"CLJ_2008_7_97","CLJ 2008 7 97.pdf"
clj_2008_8,"CLJ_2008_8_1","CLJ 2008 8 1.pdf","Current Law Journal, 2008, Volume 8",[2008],texts,opensource
,"CLJ_2008_8_101","CLJ 2008 8 101.pdf"
,"CLJ_2008_8_116","CLJ 2008 8 116.pdf"
,"CLJ_2008_8_128","CLJ 2008 8 128.pdf"
,"CLJ_2008_8_13","CLJ 2008 8 13.pdf"
,"CLJ_2008_8_142","CLJ 2008 8 142.pdf"
,"CLJ_2008_8_158","CLJ 2008 8 158.pdf"
,"CLJ_2008_8_166","CLJ 2008 8 166.pdf"
,"CLJ_2008_8_177","CLJ 2008 8 177.pdf"
,"CLJ_2008_8_18","CLJ 2008 8 18.pdf"
,"CLJ_2008_8_185","CLJ 2008 8 185.pdf"
,"CLJ_2008_8_202","CLJ 2008 8 202.pdf"
,"CLJ_2008_8_231","CLJ 2008 8 231.pdf"
,"CLJ_2008_8_241","CLJ 2008 8 241.pdf"
,"CLJ_2008_8_252","CLJ 2008 8 252.pdf"
,"CLJ_2008_8_279","CLJ 2008 8 279.pdf"
,"CLJ_2008_8_285","CLJ 2008 8 285.pdf"
,"CLJ_2008_8_301","CLJ 2008 8 301.pdf"
,"CLJ_2008_8_308","CLJ 2008 8 308.pdf"
,"CLJ_2008_8_341","CLJ 2008 8 341.pdf"
,"CLJ_2008_8_354","CLJ 2008 8 354.pdf"
,"CLJ_2008_8_378","CLJ 2008 8 378.pdf"
,"CLJ_2008_8_386","CLJ 2008 8 386.pdf"
,"CLJ_2008_8_405","CLJ 2008 8 405.pdf"
,"CLJ_2008_8_418","CLJ 2008 8 418.pdf"
,"CLJ_2008_8_444","CLJ 2008 8 444.pdf"
,"CLJ_2008_8_478","CLJ 2008 8 478.pdf"
,"CLJ_2008_8_504","CLJ 2008 8 504.pdf"
,"CLJ_2008_8_518","CLJ 2008 8 518.pdf"
,"CLJ_2008_8_52","CLJ 2008 8 52.pdf"
,"CLJ_2008_8_531","CLJ 2008 8 531.pdf"
,"CLJ_2008_8_545","CLJ 2008 8 545.pdf"
,"CLJ_2008_8_554","CLJ 2008 8 554.pdf"
,"CLJ_2008_8_56","CLJ 2008 8 56.pdf"
,"CLJ_2008_8_569","CLJ 2008 8 569.pdf"
,"CLJ_2008_8_576","CLJ 2008 8 576.pdf"
,"CLJ_2008_8_587","CLJ 2008 8 587.pdf"
,"CLJ_2008_8_597","CLJ 2008 8 597.pdf"
,"CLJ_2008_8_613","CLJ 2008 8 613.pdf"
,"CLJ_2008_8_63","CLJ 2008 8 63.pdf"
,"CLJ_2008_8_645","CLJ 2008 8 645.pdf"
,"CLJ_2008_8_664","CLJ 2008 8 664.pdf"
,"CLJ_2008_8_674","CLJ 2008 8 674.pdf"
,"CLJ_2008_8_684","CLJ 2008 8 684.pdf"
,"CLJ_2008_8_692","CLJ 2008 8 692.pdf"
,"CLJ_2008_8_70","CLJ 2008 8 70.pdf"
,"CLJ_2008_8_715","CLJ 2008 8 715.pdf"
,"CLJ_2008_8_727","CLJ 2008 8 727.pdf"
,"CLJ_2008_8_733","CLJ 2008 8 733.pdf"
,"CLJ_2008_8_754","CLJ 2008 8 754.pdf"
,"CLJ_2008_8_762","CLJ 2008 8 762.pdf"
,"CLJ_2008_8_777","CLJ 2008 8 777.pdf"
,"CLJ_2008_8_790","CLJ 2008 8 790.pdf"
,"CLJ_2008_8_81","CLJ 2008 8 81.pdf"
,"CLJ_2008_8_822","CLJ 2008 8 822.pdf"
,"CLJ_2008_8_831","CLJ 2008 8 831.pdf"
,"CLJ_2008_8_856","CLJ 2008 8 856.pdf"
,"CLJ_2008_8_94","CLJ 2008 8 94.pdf"
clj_2008_9,"CLJ_2008_9_1","CLJ 2008 9 1.pdf","Current Law Journal, 2008, Volume 9",[2008],texts,opensource
,"CLJ_2008_9_105","CLJ 2008 9 105.pdf"
,"CLJ_2008_9_110","CLJ 2008 9 110.pdf"
,"CLJ_2008_9_131","CLJ 2008 9 131.pdf"
,"CLJ_2008_9_140","CLJ 2008 9 140.pdf"
,"CLJ_2008_9_15","CLJ 2008 9 15.pdf"
,"CLJ_2008_9_153","CLJ 2008 9 153.pdf"
,"CLJ_2008_9_178","CLJ 2008 9 178.pdf"
,"CLJ_2008_9_194","CLJ 2008 9 194.pdf"
,"CLJ_2008_9_209","CLJ 2008 9 209.pdf"
,"CLJ_2008_9_218","CLJ 2008 9 218.pdf"
,"CLJ_2008_9_232","CLJ 2008 9 232.pdf"
,"CLJ_2008_9_243","CLJ 2008 9 243.pdf"
,"CLJ_2008_9_254","CLJ 2008 9 254.pdf"
,"CLJ_2008_9_26","CLJ 2008 9 26.pdf"
,"CLJ_2008_9_275","CLJ 2008 9 275.pdf"
,"CLJ_2008_9_303","CLJ 2008 9 303.pdf"
,"CLJ_2008_9_317","CLJ 2008 9 317.pdf"
,"CLJ_2008_9_330","CLJ 2008 9 330.pdf"
,"CLJ_2008_9_344","CLJ 2008 9 344.pdf"
,"CLJ_2008_9_349","CLJ 2008 9 349.pdf"
,"CLJ_2008_9_367","CLJ 2008 9 367.pdf"
,"CLJ_2008_9_377","CLJ 2008 9 377.pdf"
,"CLJ_2008_9_399","CLJ 2008 9 399.pdf"
,"CLJ_2008_9_409","CLJ 2008 9 409.pdf"
,"CLJ_2008_9_417","CLJ 2008 9 417.pdf"
,"CLJ_2008_9_428","CLJ 2008 9 428.pdf"
,"CLJ_2008_9_459","CLJ 2008 9 459.pdf"
,"CLJ_2008_9_46","CLJ 2008 9 46.pdf"
,"CLJ_2008_9_470","CLJ 2008 9 470.pdf"
,"CLJ_2008_9_479","CLJ 2008 9 479.pdf"
,"CLJ_2008_9_503","CLJ 2008 9 503.pdf"
,"CLJ_2008_9_513","CLJ 2008 9 513.pdf"
,"CLJ_2008_9_522","CLJ 2008 9 522.pdf"
,"CLJ_2008_9_530","CLJ 2008 9 530.pdf"
,"CLJ_2008_9_536","CLJ 2008 9 536.pdf"
,"CLJ_2008_9_546","CLJ 2008 9 546.pdf"
,"CLJ_2008_9_569","CLJ 2008 9 569.pdf"
,"CLJ_2008_9_593","CLJ 2008 9 593.pdf"
,"CLJ_2008_9_605","CLJ 2008 9 605.pdf"
,"CLJ_2008_9_621","CLJ 2008 9 621.pdf"
,"CLJ_2008_9_631","CLJ 2008 9 631.pdf"
,"CLJ_2008_9_641","CLJ 2008 9 641.pdf"
,"CLJ_2008_9_648","CLJ 2008 9 648.pdf"
,"CLJ_2008_9_657","CLJ 2008 9 657.pdf"
,"CLJ_2008_9_687","CLJ 2008 9 687.pdf"
,"CLJ_2008_9_701","CLJ 2008 9 701.pdf"
,"CLJ_2008_9_714","CLJ 2008 9 714.pdf"
,"CLJ_2008_9_727","CLJ 2008 9 727.pdf"
,"CLJ_2008_9_73","CLJ 2008 9 73.pdf"
,"CLJ_2008_9_740","CLJ 2008 9 740.pdf"
,"CLJ_2008_9_755","CLJ 2008 9 755.pdf"
,"CLJ_2008_9_772","CLJ 2008 9 772.pdf"
,"CLJ_2008_9_780","CLJ 2008 9 780.pdf"
,"CLJ_2008_9_97","CLJ 2008 9 97.pdf"
clj_2009_1,"CLJ_2009_1_1","CLJ 2009 1 1.pdf","Current Law Journal, 2009, Volume 1",[2009],texts,opensource
,"CLJ_2009_1_108","CLJ 2009 1 108.pdf"
,"CLJ_2009_1_113","CLJ 2009 1 113.pdf"
,"CLJ_2009_1_125","CLJ 2009 1 125.pdf"
,"CLJ_2009_1_13","CLJ 2009 1 13.pdf"
,"CLJ_2009_1_140","CLJ 2009 1 140.pdf"
,"CLJ_2009_1_154","CLJ 2009 1 154.pdf"
,"CLJ_2009_1_169","CLJ 2009 1 169.pdf"
,"CLJ_2009_1_192","CLJ 2009 1 192.pdf"
,"CLJ_2009_1_201","CLJ 2009 1 201.pdf"
,"CLJ_2009_1_211","CLJ 2009 1 211.pdf"
,"CLJ_2009_1_221","CLJ 2009 1 221.pdf"
,"CLJ_2009_1_265","CLJ 2009 1 265.pdf"
,"CLJ_2009_1_270","CLJ 2009 1 270.pdf"
,"CLJ_2009_1_280","CLJ 2009 1 280.pdf"
,"CLJ_2009_1_286","CLJ 2009 1 286.pdf"
,"CLJ_2009_1_312","CLJ 2009 1 312.pdf"
,"CLJ_2009_1_320","CLJ 2009 1 320.pdf"
,"CLJ_2009_1_329","CLJ 2009 1 329.pdf"
,"CLJ_2009_1_33","CLJ 2009 1 33.pdf"
,"CLJ_2009_1_38","CLJ 2009 1 38.pdf"
,"CLJ_2009_1_395","CLJ 2009 1 395.pdf"
,"CLJ_2009_1_403","CLJ 2009 1 403.pdf"
,"CLJ_2009_1_410","CLJ 2009 1 410.pdf"
,"CLJ_2009_1_419","CLJ 2009 1 419.pdf"
,"CLJ_2009_1_451","CLJ 2009 1 451.pdf"
,"CLJ_2009_1_457","CLJ 2009 1 457.pdf"
,"CLJ_2009_1_47","CLJ 2009 1 47.pdf"
,"CLJ_2009_1_475","CLJ 2009 1 475.pdf"
,"CLJ_2009_1_498","CLJ 2009 1 498.pdf"
,"CLJ_2009_1_526","CLJ 2009 1 526.pdf"
,"CLJ_2009_1_546","CLJ 2009 1 546.pdf"
,"CLJ_2009_1_57","CLJ 2009 1 57.pdf"
,"CLJ_2009_1_578","CLJ 2009 1 578.pdf"
,"CLJ_2009_1_601","CLJ 2009 1 601.pdf"
,"CLJ_2009_1_650","CLJ 2009 1 650.pdf"
,"CLJ_2009_1_663","CLJ 2009 1 663.pdf"
,"CLJ_2009_1_686","CLJ 2009 1 686.pdf"
,"CLJ_2009_1_699","CLJ 2009 1 699.pdf"
,"CLJ_2009_1_704","CLJ 2009 1 704.pdf"
,"CLJ_2009_1_708","CLJ 2009 1 708.pdf"
,"CLJ_2009_1_717","CLJ 2009 1 717.pdf"
,"CLJ_2009_1_756","CLJ 2009 1 756.pdf"
,"CLJ_2009_1_769","CLJ 2009 1 769.pdf"
,"CLJ_2009_1_774","CLJ 2009 1 774.pdf"
,"CLJ_2009_1_786","CLJ 2009 1 786.pdf"
,"CLJ_2009_1_817","CLJ 2009 1 817.pdf"
,"CLJ_2009_1_833","CLJ 2009 1 833.pdf"
,"CLJ_2009_1_872","CLJ 2009 1 872.pdf"
,"CLJ_2009_1_899","CLJ 2009 1 899.pdf"
,"CLJ_2009_1_907","CLJ 2009 1 907.pdf"
,"CLJ_2009_1_916","CLJ 2009 1 916.pdf"
,"CLJ_2009_1_935","CLJ 2009 1 935.pdf"
,"CLJ_2009_1_942","CLJ 2009 1 942.pdf"
,"CLJ_2009_1_98","CLJ 2009 1 98.pdf"
clj_2009_10,"CLJ_2009_10_1","CLJ 2009 10 1.pdf","Current Law Journal, 2009, Volume 10",[2009],texts,opensource
,"CLJ_2009_10_100","CLJ 2009 10 100.pdf"
,"CLJ_2009_10_104","CLJ 2009 10 104.pdf"
,"CLJ_2009_10_118","CLJ 2009 10 118.pdf"
,"CLJ_2009_10_133","CLJ 2009 10 133.pdf"
,"CLJ_2009_10_145","CLJ 2009 10 145.pdf"
,"CLJ_2009_10_154","CLJ 2009 10 154.pdf"
,"CLJ_2009_10_167","CLJ 2009 10 167.pdf"
,"CLJ_2009_10_180","CLJ 2009 10 180.pdf"
,"CLJ_2009_10_187","CLJ 2009 10 187.pdf"
,"CLJ_2009_10_19","CLJ 2009 10 19.pdf"
,"CLJ_2009_10_205","CLJ 2009 10 205.pdf"
,"CLJ_2009_10_227","CLJ 2009 10 227.pdf"
,"CLJ_2009_10_234","CLJ 2009 10 234.pdf"
,"CLJ_2009_10_248","CLJ 2009 10 248.pdf"
,"CLJ_2009_10_257","CLJ 2009 10 257.pdf"
,"CLJ_2009_10_267","CLJ 2009 10 267.pdf"
,"CLJ_2009_10_273","CLJ 2009 10 273.pdf"
,"CLJ_2009_10_281","CLJ 2009 10 281.pdf"
,"CLJ_2009_10_292","CLJ 2009 10 292.pdf"
,"CLJ_2009_10_315","CLJ 2009 10 315.pdf"
,"CLJ_2009_10_330","CLJ 2009 10 330.pdf"
,"CLJ_2009_10_34","CLJ 2009 10 34.pdf"
,"CLJ_2009_10_348","CLJ 2009 10 348.pdf"
,"CLJ_2009_10_378","CLJ 2009 10 378.pdf"
,"CLJ_2009_10_390","CLJ 2009 10 390.pdf"
,"CLJ_2009_10_405","CLJ 2009 10 405.pdf"
,"CLJ_2009_10_41","CLJ 2009 10 41.pdf"
,"CLJ_2009_10_418","CLJ 2009 10 418.pdf"
,"CLJ_2009_10_432","CLJ 2009 10 432.pdf"
,"CLJ_2009_10_448","CLJ 2009 10 448.pdf"
,"CLJ_2009_10_464","CLJ 2009 10 464.pdf"
,"CLJ_2009_10_475","CLJ 2009 10 475.pdf"
,"CLJ_2009_10_48","CLJ 2009 10 48.pdf"
,"CLJ_2009_10_488","CLJ 2009 10 488.pdf"
,"CLJ_2009_10_516","CLJ 2009 10 516.pdf"
,"CLJ_2009_10_537","CLJ 2009 10 537.pdf"
,"CLJ_2009_10_548","CLJ 2009 10 548.pdf"
,"CLJ_2009_10_560","CLJ 2009 10 560.pdf"
,"CLJ_2009_10_569","CLJ 2009 10 569.pdf"
,"CLJ_2009_10_58","CLJ 2009 10 58.pdf"
,"CLJ_2009_10_583","CLJ 2009 10 583.pdf"
,"CLJ_2009_10_593","CLJ 2009 10 593.pdf"
,"CLJ_2009_10_617","CLJ 2009 10 617.pdf"
,"CLJ_2009_10_646","CLJ 2009 10 646.pdf"
,"CLJ_2009_10_65","CLJ 2009 10 65.pdf"
,"CLJ_2009_10_660","CLJ 2009 10 660.pdf"
,"CLJ_2009_10_670","CLJ 2009 10 670.pdf"
,"CLJ_2009_10_681","CLJ 2009 10 681.pdf"
,"CLJ_2009_10_686","CLJ 2009 10 686.pdf"
,"CLJ_2009_10_708","CLJ 2009 10 708.pdf"
,"CLJ_2009_10_714","CLJ 2009 10 714.pdf"
,"CLJ_2009_10_735","CLJ 2009 10 735.pdf"
,"CLJ_2009_10_749","CLJ 2009 10 749.pdf"
,"CLJ_2009_10_758","CLJ 2009 10 758.pdf"
,"CLJ_2009_10_773","CLJ 2009 10 773.pdf"
,"CLJ_2009_10_780","CLJ 2009 10 780.pdf"
,"CLJ_2009_10_792","CLJ 2009 10 792.pdf"
,"CLJ_2009_10_87","CLJ 2009 10 87.pdf"
,"CLJ_2009_10_95","CLJ 2009 10 95.pdf"
clj_2009_2,"CLJ_2009_2_1","CLJ 2009 2 1.pdf","Current Law Journal, 2009, Volume 2",[2009],texts,opensource
,"CLJ_2009_2_107","CLJ 2009 2 107.pdf"
,"CLJ_2009_2_121","CLJ 2009 2 121.pdf"
,"CLJ_2009_2_133","CLJ 2009 2 133.pdf"
,"CLJ_2009_2_140","CLJ 2009 2 140.pdf"
,"CLJ_2009_2_15","CLJ 2009 2 15.pdf"
,"CLJ_2009_2_160","CLJ 2009 2 160.pdf"
,"CLJ_2009_2_170","CLJ 2009 2 170.pdf"
,"CLJ_2009_2_191","CLJ 2009 2 191.pdf"
,"CLJ_2009_2_205","CLJ 2009 2 205.pdf"
,"CLJ_2009_2_209","CLJ 2009 2 209.pdf"
,"CLJ_2009_2_221","CLJ 2009 2 221.pdf"
,"CLJ_2009_2_234","CLJ 2009 2 234.pdf"
,"CLJ_2009_2_242","CLJ 2009 2 242.pdf"
,"CLJ_2009_2_286","CLJ 2009 2 286.pdf"
,"CLJ_2009_2_303","CLJ 2009 2 303.pdf"
,"CLJ_2009_2_321","CLJ 2009 2 321.pdf"
,"CLJ_2009_2_331","CLJ 2009 2 331.pdf"
,"CLJ_2009_2_339","CLJ 2009 2 339.pdf"
,"CLJ_2009_2_354","CLJ 2009 2 354.pdf"
,"CLJ_2009_2_363","CLJ 2009 2 363.pdf"
,"CLJ_2009_2_42","CLJ 2009 2 42.pdf"
,"CLJ_2009_2_433","CLJ 2009 2 433.pdf"
,"CLJ_2009_2_445","CLJ 2009 2 445.pdf"
,"CLJ_2009_2_458","CLJ 2009 2 458.pdf"
,"CLJ_2009_2_477","CLJ 2009 2 477.pdf"
,"CLJ_2009_2_499","CLJ 2009 2 499.pdf"
,"CLJ_2009_2_515","CLJ 2009 2 515.pdf"
,"CLJ_2009_2_536","CLJ 2009 2 536.pdf"
,"CLJ_2009_2_54","CLJ 2009 2 54.pdf"
,"CLJ_2009_2_552","CLJ 2009 2 552.pdf"
,"CLJ_2009_2_565","CLJ 2009 2 565.pdf"
,"CLJ_2009_2_583","CLJ 2009 2 583.pdf"
,"CLJ_2009_2_603","CLJ 2009 2 603.pdf"
,"CLJ_2009_2_630","CLJ 2009 2 630.pdf"
,"CLJ_2009_2_644","CLJ 2009 2 644.pdf"
,"CLJ_2009_2_662","CLJ 2009 2 662.pdf"
,"CLJ_2009_2_667","CLJ 2009 2 667.pdf"
,"CLJ_2009_2_673","CLJ 2009 2 673.pdf"
,"CLJ_2009_2_682","CLJ 2009 2 682.pdf"
,"CLJ_2009_2_703","CLJ 2009 2 703.pdf"
,"CLJ_2009_2_711","CLJ 2009 2 711.pdf"
,"CLJ_2009_2_719","CLJ 2009 2 719.pdf"
,"CLJ_2009_2_738","CLJ 2009 2 738.pdf"
,"CLJ_2009_2_753","CLJ 2009 2 753.pdf"
,"CLJ_2009_2_785","CLJ 2009 2 785.pdf"
,"CLJ_2009_2_800","CLJ 2009 2 800.pdf"
,"CLJ_2009_2_839","CLJ 2009 2 839.pdf"
,"CLJ_2009_2_853","CLJ 2009 2 853.pdf"
,"CLJ_2009_2_862","CLJ 2009 2 862.pdf"
,"CLJ_2009_2_88","CLJ 2009 2 88.pdf"
,"CLJ_2009_2_883","CLJ 2009 2 883.pdf"
,"CLJ_2009_2_891","CLJ 2009 2 891.pdf"
,"CLJ_2009_2_96","CLJ 2009 2 96.pdf"
clj_2009_3,"CLJ_2009_3_1","CLJ 2009 3 1.pdf","Current Law Journal, 2009, Volume 3",[2009],texts,opensource
,"CLJ_2009_3_10","CLJ 2009 3 10.pdf"
,"CLJ_2009_3_102","CLJ 2009 3 102.pdf"
,"CLJ_2009_3_109","CLJ 2009 3 109.pdf"
,"CLJ_2009_3_125","CLJ 2009 3 125.pdf"
,"CLJ_2009_3_133","CLJ 2009 3 133.pdf"
,"CLJ_2009_3_144","CLJ 2009 3 144.pdf"
,"CLJ_2009_3_151","CLJ 2009 3 151.pdf"
,"CLJ_2009_3_161","CLJ 2009 3 161.pdf"
,"CLJ_2009_3_181","CLJ 2009 3 181.pdf"
,"CLJ_2009_3_189","CLJ 2009 3 189.pdf"
,"CLJ_2009_3_201","CLJ 2009 3 201.pdf"
,"CLJ_2009_3_221","CLJ 2009 3 221.pdf"
,"CLJ_2009_3_236","CLJ 2009 3 236.pdf"
,"CLJ_2009_3_268","CLJ 2009 3 268.pdf"
,"CLJ_2009_3_287","CLJ 2009 3 287.pdf"
,"CLJ_2009_3_300","CLJ 2009 3 300.pdf"
,"CLJ_2009_3_309","CLJ 2009 3 309.pdf"
,"CLJ_2009_3_320","CLJ 2009 3 320.pdf"
,"CLJ_2009_3_335","CLJ 2009 3 335.pdf"
,"CLJ_2009_3_350","CLJ 2009 3 350.pdf"
,"CLJ_2009_3_364","CLJ 2009 3 364.pdf"
,"CLJ_2009_3_370","CLJ 2009 3 370.pdf"
,"CLJ_2009_3_388","CLJ 2009 3 388.pdf"
,"CLJ_2009_3_405","CLJ 2009 3 405.pdf"
,"CLJ_2009_3_430","CLJ 2009 3 430.pdf"
,"CLJ_2009_3_475","CLJ 2009 3 475.pdf"
,"CLJ_2009_3_486","CLJ 2009 3 486.pdf"
,"CLJ_2009_3_496","CLJ 2009 3 496.pdf"
,"CLJ_2009_3_513","CLJ 2009 3 513.pdf"
,"CLJ_2009_3_523","CLJ 2009 3 523.pdf"
,"CLJ_2009_3_540","CLJ 2009 3 540.pdf"
,"CLJ_2009_3_554","CLJ 2009 3 554.pdf"
,"CLJ_2009_3_564","CLJ 2009 3 564.pdf"
,"CLJ_2009_3_574","CLJ 2009 3 574.pdf"
,"CLJ_2009_3_585","CLJ 2009 3 585.pdf"
,"CLJ_2009_3_592","CLJ 2009 3 592.pdf"
,"CLJ_2009_3_597","CLJ 2009 3 597.pdf"
,"CLJ_2009_3_609","CLJ 2009 3 609.pdf"
,"CLJ_2009_3_620","CLJ 2009 3 620.pdf"
,"CLJ_2009_3_633","CLJ 2009 3 633.pdf"
,"CLJ_2009_3_685","CLJ 2009 3 685.pdf"
,"CLJ_2009_3_704","CLJ 2009 3 704.pdf"
,"CLJ_2009_3_709","CLJ 2009 3 709.pdf"
,"CLJ_2009_3_733","CLJ 2009 3 733.pdf"
,"CLJ_2009_3_751","CLJ 2009 3 751.pdf"
,"CLJ_2009_3_771","CLJ 2009 3 771.pdf"
,"CLJ_2009_3_785","CLJ 2009 3 785.pdf"
,"CLJ_2009_3_798","CLJ 2009 3 798.pdf"
,"CLJ_2009_3_96","CLJ 2009 3 96.pdf"
clj_2009_4,"CLJ_2009_4_1","CLJ 2009 4 1.pdf","Current Law Journal, 2009, Volume 4",[2009],texts,opensource
,"CLJ_2009_4_102","CLJ 2009 4 102.pdf"
,"CLJ_2009_4_113","CLJ 2009 4 113.pdf"
,"CLJ_2009_4_171","CLJ 2009 4 171.pdf"
,"CLJ_2009_4_204","CLJ 2009 4 204.pdf"
,"CLJ_2009_4_21","CLJ 2009 4 21.pdf"
,"CLJ_2009_4_218","CLJ 2009 4 218.pdf"
,"CLJ_2009_4_225","CLJ 2009 4 225.pdf"
,"CLJ_2009_4_245","CLJ 2009 4 245.pdf"
,"CLJ_2009_4_253","CLJ 2009 4 253.pdf"
,"CLJ_2009_4_303","CLJ 2009 4 303.pdf"
,"CLJ_2009_4_316","CLJ 2009 4 316.pdf"
,"CLJ_2009_4_329","CLJ 2009 4 329.pdf"
,"CLJ_2009_4_34","CLJ 2009 4 34.pdf"
,"CLJ_2009_4_347","CLJ 2009 4 347.pdf"
,"CLJ_2009_4_365","CLJ 2009 4 365.pdf"
,"CLJ_2009_4_385","CLJ 2009 4 385.pdf"
,"CLJ_2009_4_418","CLJ 2009 4 418.pdf"
,"CLJ_2009_4_424","CLJ 2009 4 424.pdf"
,"CLJ_2009_4_449","CLJ 2009 4 449.pdf"
,"CLJ_2009_4_468","CLJ 2009 4 468.pdf"
,"CLJ_2009_4_488","CLJ 2009 4 488.pdf"
,"CLJ_2009_4_515","CLJ 2009 4 515.pdf"
,"CLJ_2009_4_529","CLJ 2009 4 529.pdf"
,"CLJ_2009_4_543","CLJ 2009 4 543.pdf"
,"CLJ_2009_4_553","CLJ 2009 4 553.pdf"
,"CLJ_2009_4_569","CLJ 2009 4 569.pdf"
,"CLJ_2009_4_57","CLJ 2009 4 57.pdf"
,"CLJ_2009_4_599","CLJ 2009 4 599.pdf"
,"CLJ_2009_4_611","CLJ 2009 4 611.pdf"
,"CLJ_2009_4_632","CLJ 2009 4 632.pdf"
,"CLJ_2009_4_638","CLJ 2009 4 638.pdf"
,"CLJ_2009_4_653","CLJ 2009 4 653.pdf"
,"CLJ_2009_4_665","CLJ 2009 4 665.pdf"
,"CLJ_2009_4_679","CLJ 2009 4 679.pdf"
,"CLJ_2009_4_691","CLJ 2009 4 691.pdf"
,"CLJ_2009_4_700","CLJ 2009 4 700.pdf"
,"CLJ_2009_4_717","CLJ 2009 4 717.pdf"
,"CLJ_2009_4_731","CLJ 2009 4 731.pdf"
,"CLJ_2009_4_737","CLJ 2009 4 737.pdf"
,"CLJ_2009_4_749","CLJ 2009 4 749.pdf"
,"CLJ_2009_4_764","CLJ 2009 4 764.pdf"
,"CLJ_2009_4_783","CLJ 2009 4 783.pdf"
,"CLJ_2009_4_795","CLJ 2009 4 795.pdf"
,"CLJ_2009_4_810","CLJ 2009 4 810.pdf"
,"CLJ_2009_4_824","CLJ 2009 4 824.pdf"
,"CLJ_2009_4_90","CLJ 2009 4 90.pdf"
clj_2009_5,"CLJ_2009_5_1","CLJ 2009 5 1.pdf","Current Law Journal, 2009, Volume 5",[2009],texts,opensource
,"CLJ_2009_5_101","CLJ 2009 5 101.pdf"
,"CLJ_2009_5_104","CLJ 2009 5 104.pdf"
,"CLJ_2009_5_110","CLJ 2009 5 110.pdf"
,"CLJ_2009_5_123","CLJ 2009 5 123.pdf"
,"CLJ_2009_5_143","CLJ 2009 5 143.pdf"
,"CLJ_2009_5_153","CLJ 2009 5 153.pdf"
,"CLJ_2009_5_170","CLJ 2009 5 170.pdf"
,"CLJ_2009_5_189","CLJ 2009 5 189.pdf"
,"CLJ_2009_5_200","CLJ 2009 5 200.pdf"
,"CLJ_2009_5_218","CLJ 2009 5 218.pdf"
,"CLJ_2009_5_226","CLJ 2009 5 226.pdf"
,"CLJ_2009_5_244","CLJ 2009 5 244.pdf"
,"CLJ_2009_5_251","CLJ 2009 5 251.pdf"
,"CLJ_2009_5_265","CLJ 2009 5 265.pdf"
,"CLJ_2009_5_401","CLJ 2009 5 401.pdf"
,"CLJ_2009_5_412","CLJ 2009 5 412.pdf"
,"CLJ_2009_5_426","CLJ 2009 5 426.pdf"
,"CLJ_2009_5_445","CLJ 2009 5 445.pdf"
,"CLJ_2009_5_463","CLJ 2009 5 463.pdf"
,"CLJ_2009_5_471","CLJ 2009 5 471.pdf"
,"CLJ_2009_5_483","CLJ 2009 5 483.pdf"
,"CLJ_2009_5_501","CLJ 2009 5 501.pdf"
,"CLJ_2009_5_518","CLJ 2009 5 518.pdf"
,"CLJ_2009_5_534","CLJ 2009 5 534.pdf"
,"CLJ_2009_5_552","CLJ 2009 5 552.pdf"
,"CLJ_2009_5_563","CLJ 2009 5 563.pdf"
,"CLJ_2009_5_579","CLJ 2009 5 579.pdf"
,"CLJ_2009_5_605","CLJ 2009 5 605.pdf"
,"CLJ_2009_5_631","CLJ 2009 5 631.pdf"
,"CLJ_2009_5_652","CLJ 2009 5 652.pdf"
,"CLJ_2009_5_664","CLJ 2009 5 664.pdf"
,"CLJ_2009_5_672","CLJ 2009 5 672.pdf"
,"CLJ_2009_5_689","CLJ 2009 5 689.pdf"
,"CLJ_2009_5_69","CLJ 2009 5 69.pdf"
,"CLJ_2009_5_698","CLJ 2009 5 698.pdf"
,"CLJ_2009_5_734","CLJ 2009 5 734.pdf"
,"CLJ_2009_5_751","CLJ 2009 5 751.pdf"
,"CLJ_2009_5_759","CLJ 2009 5 759.pdf"
,"CLJ_2009_5_76","CLJ 2009 5 76.pdf"
,"CLJ_2009_5_770","CLJ 2009 5 770.pdf"
,"CLJ_2009_5_783","CLJ 2009 5 783.pdf"
,"CLJ_2009_5_83","CLJ 2009 5 83.pdf"
,"CLJ_2009_5_87","CLJ 2009 5 87.pdf"
clj_2009_6,"CLJ_2009_6_1","CLJ 2009 6 1.pdf","Current Law Journal, 2009, Volume 6",[2009],texts,opensource
,"CLJ_2009_6_102","CLJ 2009 6 102.pdf"
,"CLJ_2009_6_123","CLJ 2009 6 123.pdf"
,"CLJ_2009_6_144","CLJ 2009 6 144.pdf"
,"CLJ_2009_6_153","CLJ 2009 6 153.pdf"
,"CLJ_2009_6_165","CLJ 2009 6 165.pdf"
,"CLJ_2009_6_179","CLJ 2009 6 179.pdf"
,"CLJ_2009_6_193","CLJ 2009 6 193.pdf"
,"CLJ_2009_6_208","CLJ 2009 6 208.pdf"
,"CLJ_2009_6_217","CLJ 2009 6 217.pdf"
,"CLJ_2009_6_22","CLJ 2009 6 22.pdf"
,"CLJ_2009_6_232","CLJ 2009 6 232.pdf"
,"CLJ_2009_6_239","CLJ 2009 6 239.pdf"
,"CLJ_2009_6_247","CLJ 2009 6 247.pdf"
,"CLJ_2009_6_257","CLJ 2009 6 257.pdf"
,"CLJ_2009_6_272","CLJ 2009 6 272.pdf"
,"CLJ_2009_6_280","CLJ 2009 6 280.pdf"
,"CLJ_2009_6_301","CLJ 2009 6 301.pdf"
,"CLJ_2009_6_316","CLJ 2009 6 316.pdf"
,"CLJ_2009_6_332","CLJ 2009 6 332.pdf"
,"CLJ_2009_6_340","CLJ 2009 6 340.pdf"
,"CLJ_2009_6_359","CLJ 2009 6 359.pdf"
,"CLJ_2009_6_371","CLJ 2009 6 371.pdf"
,"CLJ_2009_6_387","CLJ 2009 6 387.pdf"
,"CLJ_2009_6_405","CLJ 2009 6 405.pdf"
,"CLJ_2009_6_41","CLJ 2009 6 41.pdf"
,"CLJ_2009_6_420","CLJ 2009 6 420.pdf"
,"CLJ_2009_6_430","CLJ 2009 6 430.pdf"
,"CLJ_2009_6_444","CLJ 2009 6 444.pdf"
,"CLJ_2009_6_448","CLJ 2009 6 448.pdf"
,"CLJ_2009_6_466","CLJ 2009 6 466.pdf"
,"CLJ_2009_6_471","CLJ 2009 6 471.pdf"
,"CLJ_2009_6_480","CLJ 2009 6 480.pdf"
,"CLJ_2009_6_49","CLJ 2009 6 49.pdf"
,"CLJ_2009_6_490","CLJ 2009 6 490.pdf"
,"CLJ_2009_6_5","CLJ 2009 6 5.pdf"
,"CLJ_2009_6_501","CLJ 2009 6 501.pdf"
,"CLJ_2009_6_515","CLJ 2009 6 515.pdf"
,"CLJ_2009_6_530","CLJ 2009 6 530.pdf"
,"CLJ_2009_6_537","CLJ 2009 6 537.pdf"
,"CLJ_2009_6_55","CLJ 2009 6 55.pdf"
,"CLJ_2009_6_570","CLJ 2009 6 570.pdf"
,"CLJ_2009_6_586","CLJ 2009 6 586.pdf"
,"CLJ_2009_6_595","CLJ 2009 6 595.pdf"
,"CLJ_2009_6_606","CLJ 2009 6 606.pdf"
,"CLJ_2009_6_617","CLJ 2009 6 617.pdf"
,"CLJ_2009_6_62","CLJ 2009 6 62.pdf"
,"CLJ_2009_6_626","CLJ 2009 6 626.pdf"
,"CLJ_2009_6_653","CLJ 2009 6 653.pdf"
,"CLJ_2009_6_665","CLJ 2009 6 665.pdf"
,"CLJ_2009_6_673","CLJ 2009 6 673.pdf"
,"CLJ_2009_6_683","CLJ 2009 6 683.pdf"
,"CLJ_2009_6_694","CLJ 2009 6 694.pdf"
,"CLJ_2009_6_700","CLJ 2009 6 700.pdf"
,"CLJ_2009_6_705","CLJ 2009 6 705.pdf"
,"CLJ_2009_6_713","CLJ 2009 6 713.pdf"
,"CLJ_2009_6_751","CLJ 2009 6 751.pdf"
,"CLJ_2009_6_774","CLJ 2009 6 774.pdf"
,"CLJ_2009_6_801","CLJ 2009 6 801.pdf"
,"CLJ_2009_6_81","CLJ 2009 6 81.pdf"
,"CLJ_2009_6_93","CLJ 2009 6 93.pdf"
clj_2009_7,"CLJ_2009_7_1","CLJ 2009 7 1.pdf","Current Law Journal, 2009, Volume 7",[2009],texts,opensource
,"CLJ_2009_7_109","CLJ 2009 7 109.pdf"
,"CLJ_2009_7_117","CLJ 2009 7 117.pdf"
,"CLJ_2009_7_125","CLJ 2009 7 125.pdf"
,"CLJ_2009_7_133","CLJ 2009 7 133.pdf"
,"CLJ_2009_7_149","CLJ 2009 7 149.pdf"
,"CLJ_2009_7_163","CLJ 2009 7 163.pdf"
,"CLJ_2009_7_167","CLJ 2009 7 167.pdf"
,"CLJ_2009_7_180","CLJ 2009 7 180.pdf"
,"CLJ_2009_7_197","CLJ 2009 7 197.pdf"
,"CLJ_2009_7_205","CLJ 2009 7 205.pdf"
,"CLJ_2009_7_221","CLJ 2009 7 221.pdf"
,"CLJ_2009_7_227","CLJ 2009 7 227.pdf"
,"CLJ_2009_7_236","CLJ 2009 7 236.pdf"
,"CLJ_2009_7_256","CLJ 2009 7 256.pdf"
,"CLJ_2009_7_26","CLJ 2009 7 26.pdf"
,"CLJ_2009_7_265","CLJ 2009 7 265.pdf"
,"CLJ_2009_7_285","CLJ 2009 7 285.pdf"
,"CLJ_2009_7_299","CLJ 2009 7 299.pdf"
,"CLJ_2009_7_309","CLJ 2009 7 309.pdf"
,"CLJ_2009_7_315","CLJ 2009 7 315.pdf"
,"CLJ_2009_7_324","CLJ 2009 7 324.pdf"
,"CLJ_2009_7_329","CLJ 2009 7 329.pdf"
,"CLJ_2009_7_338","CLJ 2009 7 338.pdf"
,"CLJ_2009_7_357","CLJ 2009 7 357.pdf"
,"CLJ_2009_7_38","CLJ 2009 7 38.pdf"
,"CLJ_2009_7_381","CLJ 2009 7 381.pdf"
,"CLJ_2009_7_397","CLJ 2009 7 397.pdf"
,"CLJ_2009_7_438","CLJ 2009 7 438.pdf"
,"CLJ_2009_7_444","CLJ 2009 7 444.pdf"
,"CLJ_2009_7_453","CLJ 2009 7 453.pdf"
,"CLJ_2009_7_463","CLJ 2009 7 463.pdf"
,"CLJ_2009_7_485","CLJ 2009 7 485.pdf"
,"CLJ_2009_7_495","CLJ 2009 7 495.pdf"
,"CLJ_2009_7_509","CLJ 2009 7 509.pdf"
,"CLJ_2009_7_517","CLJ 2009 7 517.pdf"
,"CLJ_2009_7_527","CLJ 2009 7 527.pdf"
,"CLJ_2009_7_536","CLJ 2009 7 536.pdf"
,"CLJ_2009_7_561","CLJ 2009 7 561.pdf"
,"CLJ_2009_7_573","CLJ 2009 7 573.pdf"
,"CLJ_2009_7_596","CLJ 2009 7 596.pdf"
,"CLJ_2009_7_605","CLJ 2009 7 605.pdf"
,"CLJ_2009_7_613","CLJ 2009 7 613.pdf"
,"CLJ_2009_7_635","CLJ 2009 7 635.pdf"
,"CLJ_2009_7_65","CLJ 2009 7 65.pdf"
,"CLJ_2009_7_654","CLJ 2009 7 654.pdf"
,"CLJ_2009_7_670","CLJ 2009 7 670.pdf"
,"CLJ_2009_7_681","CLJ 2009 7 681.pdf"
,"CLJ_2009_7_701","CLJ 2009 7 701.pdf"
,"CLJ_2009_7_712","CLJ 2009 7 712.pdf"
,"CLJ_2009_7_721","CLJ 2009 7 721.pdf"
,"CLJ_2009_7_743","CLJ 2009 7 743.pdf"
,"CLJ_2009_7_750","CLJ 2009 7 750.pdf"
,"CLJ_2009_7_762","CLJ 2009 7 762.pdf"
,"CLJ_2009_7_771","CLJ 2009 7 771.pdf"
,"CLJ_2009_7_779","CLJ 2009 7 779.pdf"
,"CLJ_2009_7_80","CLJ 2009 7 80.pdf"
,"CLJ_2009_7_97","CLJ 2009 7 97.pdf"
clj_2009_8,"CLJ_2009_8_1","CLJ 2009 8 1.pdf","Current Law Journal, 2009, Volume 8",[2009],texts,opensource
,"CLJ_2009_8_10","CLJ 2009 8 10.pdf"
,"CLJ_2009_8_130","CLJ 2009 8 130.pdf"
,"CLJ_2009_8_154","CLJ 2009 8 154.pdf"
,"CLJ_2009_8_169","CLJ 2009 8 169.pdf"
,"CLJ_2009_8_193","CLJ 2009 8 193.pdf"
,"CLJ_2009_8_200","CLJ 2009 8 200.pdf"
,"CLJ_2009_8_208","CLJ 2009 8 208.pdf"
,"CLJ_2009_8_217","CLJ 2009 8 217.pdf"
,"CLJ_2009_8_227","CLJ 2009 8 227.pdf"
,"CLJ_2009_8_236","CLJ 2009 8 236.pdf"
,"CLJ_2009_8_243","CLJ 2009 8 243.pdf"
,"CLJ_2009_8_255","CLJ 2009 8 255.pdf"
,"CLJ_2009_8_267","CLJ 2009 8 267.pdf"
,"CLJ_2009_8_294","CLJ 2009 8 294.pdf"
,"CLJ_2009_8_321","CLJ 2009 8 321.pdf"
,"CLJ_2009_8_33","CLJ 2009 8 33.pdf"
,"CLJ_2009_8_330","CLJ 2009 8 330.pdf"
,"CLJ_2009_8_338","CLJ 2009 8 338.pdf"
,"CLJ_2009_8_364","CLJ 2009 8 364.pdf"
,"CLJ_2009_8_379","CLJ 2009 8 379.pdf"
,"CLJ_2009_8_387","CLJ 2009 8 387.pdf"
,"CLJ_2009_8_411","CLJ 2009 8 411.pdf"
,"CLJ_2009_8_417","CLJ 2009 8 417.pdf"
,"CLJ_2009_8_438","CLJ 2009 8 438.pdf"
,"CLJ_2009_8_46","CLJ 2009 8 46.pdf"
,"CLJ_2009_8_463","CLJ 2009 8 463.pdf"
,"CLJ_2009_8_484","CLJ 2009 8 484.pdf"
,"CLJ_2009_8_498","CLJ 2009 8 498.pdf"
,"CLJ_2009_8_508","CLJ 2009 8 508.pdf"
,"CLJ_2009_8_519","CLJ 2009 8 519.pdf"
,"CLJ_2009_8_529","CLJ 2009 8 529.pdf"
,"CLJ_2009_8_544","CLJ 2009 8 544.pdf"
,"CLJ_2009_8_558","CLJ 2009 8 558.pdf"
,"CLJ_2009_8_573","CLJ 2009 8 573.pdf"
,"CLJ_2009_8_582","CLJ 2009 8 582.pdf"
,"CLJ_2009_8_592","CLJ 2009 8 592.pdf"
,"CLJ_2009_8_60","CLJ 2009 8 60.pdf"
,"CLJ_2009_8_612","CLJ 2009 8 612.pdf"
,"CLJ_2009_8_629","CLJ 2009 8 629.pdf"
,"CLJ_2009_8_639","CLJ 2009 8 639.pdf"
,"CLJ_2009_8_652","CLJ 2009 8 652.pdf"
,"CLJ_2009_8_673","CLJ 2009 8 673.pdf"
,"CLJ_2009_8_681","CLJ 2009 8 681.pdf"
,"CLJ_2009_8_698","CLJ 2009 8 698.pdf"
,"CLJ_2009_8_70","CLJ 2009 8 70.pdf"
,"CLJ_2009_8_713","CLJ 2009 8 713.pdf"
,"CLJ_2009_8_719","CLJ 2009 8 719.pdf"
,"CLJ_2009_8_726","CLJ 2009 8 726.pdf"
,"CLJ_2009_8_736","CLJ 2009 8 736.pdf"
,"CLJ_2009_8_793","CLJ 2009 8 793.pdf"
,"CLJ_2009_8_806","CLJ 2009 8 806.pdf"
,"CLJ_2009_8_82","CLJ 2009 8 82.pdf"
,"CLJ_2009_8_97","CLJ 2009 8 97.pdf"
clj_2009_9,"CLJ_2009_9_1","CLJ 2009 9 1.pdf","Current Law Journal, 2009, Volume 9",[2009],texts,opensource
,"CLJ_2009_9_109","CLJ 2009 9 109.pdf"
,"CLJ_2009_9_120","CLJ 2009 9 120.pdf"
,"CLJ_2009_9_125","CLJ 2009 9 125.pdf"
,"CLJ_2009_9_142","CLJ 2009 9 142.pdf"
,"CLJ_2009_9_155","CLJ 2009 9 155.pdf"
,"CLJ_2009_9_18","CLJ 2009 9 18.pdf"
,"CLJ_2009_9_209","CLJ 2009 9 209.pdf"
,"CLJ_2009_9_218","CLJ 2009 9 218.pdf"
,"CLJ_2009_9_244","CLJ 2009 9 244.pdf"
,"CLJ_2009_9_264","CLJ 2009 9 264.pdf"
,"CLJ_2009_9_280","CLJ 2009 9 280.pdf"
,"CLJ_2009_9_296","CLJ 2009 9 296.pdf"
,"CLJ_2009_9_304","CLJ 2009 9 304.pdf"
,"CLJ_2009_9_317","CLJ 2009 9 317.pdf"
,"CLJ_2009_9_32","CLJ 2009 9 32.pdf"
,"CLJ_2009_9_332","CLJ 2009 9 332.pdf"
,"CLJ_2009_9_340","CLJ 2009 9 340.pdf"
,"CLJ_2009_9_353","CLJ 2009 9 353.pdf"
,"CLJ_2009_9_364","CLJ 2009 9 364.pdf"
,"CLJ_2009_9_40","CLJ 2009 9 40.pdf"
,"CLJ_2009_9_402","CLJ 2009 9 402.pdf"
,"CLJ_2009_9_413","CLJ 2009 9 413.pdf"
,"CLJ_2009_9_423","CLJ 2009 9 423.pdf"
,"CLJ_2009_9_430","CLJ 2009 9 430.pdf"
,"CLJ_2009_9_435","CLJ 2009 9 435.pdf"
,"CLJ_2009_9_446","CLJ 2009 9 446.pdf"
,"CLJ_2009_9_470","CLJ 2009 9 470.pdf"
,"CLJ_2009_9_48","CLJ 2009 9 48.pdf"
,"CLJ_2009_9_482","CLJ 2009 9 482.pdf"
,"CLJ_2009_9_494","CLJ 2009 9 494.pdf"
,"CLJ_2009_9_504","CLJ 2009 9 504.pdf"
,"CLJ_2009_9_513","CLJ 2009 9 513.pdf"
,"CLJ_2009_9_529","CLJ 2009 9 529.pdf"
,"CLJ_2009_9_557","CLJ 2009 9 557.pdf"
,"CLJ_2009_9_567","CLJ 2009 9 567.pdf"
,"CLJ_2009_9_570","CLJ 2009 9 570.pdf"
,"CLJ_2009_9_579","CLJ 2009 9 579.pdf"
,"CLJ_2009_9_589","CLJ 2009 9 589.pdf"
,"CLJ_2009_9_599","CLJ 2009 9 599.pdf"
,"CLJ_2009_9_612","CLJ 2009 9 612.pdf"
,"CLJ_2009_9_621","CLJ 2009 9 621.pdf"
,"CLJ_2009_9_634","CLJ 2009 9 634.pdf"
,"CLJ_2009_9_640","CLJ 2009 9 640.pdf"
,"CLJ_2009_9_659","CLJ 2009 9 659.pdf"
,"CLJ_2009_9_68","CLJ 2009 9 68.pdf"
,"CLJ_2009_9_688","CLJ 2009 9 688.pdf"
,"CLJ_2009_9_699","CLJ 2009 9 699.pdf"
,"CLJ_2009_9_722","CLJ 2009 9 722.pdf"
,"CLJ_2009_9_729","CLJ 2009 9 729.pdf"
,"CLJ_2009_9_73","CLJ 2009 9 73.pdf"
,"CLJ_2009_9_735","CLJ 2009 9 735.pdf"
,"CLJ_2009_9_745","CLJ 2009 9 745.pdf"
,"CLJ_2009_9_771","CLJ 2009 9 771.pdf"
,"CLJ_2009_9_778","CLJ 2009 9 778.pdf"
,"CLJ_2009_9_785","CLJ 2009 9 785.pdf"
,"CLJ_2009_9_815","CLJ 2009 9 815.pdf"
,"CLJ_2009_9_830","CLJ 2009 9 830.pdf"
,"CLJ_2009_9_84","CLJ 2009 9 84.pdf"
,"CLJ_2009_9_840","CLJ 2009 9 840.pdf"
,"CLJ_2009_9_848","CLJ 2009 9 848.pdf"
,"CLJ_2009_9_859","CLJ 2009 9 859.pdf"
,"CLJ_2009_9_93","CLJ 2009 9 93.pdf"
clj_2010_1,"CLJ_2010_1_1","CLJ 2010 1 1.pdf","Current Law Journal, 2010, Volume 1",[2010],texts,opensource
,"CLJ_2010_1_1004","CLJ 2010 1 1004.pdf"
,"CLJ_2010_1_1019","CLJ 2010 1 1019.pdf"
,"CLJ_2010_1_103","CLJ 2010 1 103.pdf"
,"CLJ_2010_1_1032","CLJ 2010 1 1032.pdf"
,"CLJ_2010_1_1041","CLJ 2010 1 1041.pdf"
,"CLJ_2010_1_114","CLJ 2010 1 114.pdf"
,"CLJ_2010_1_125","CLJ 2010 1 125.pdf"
,"CLJ_2010_1_137","CLJ 2010 1 137.pdf"
,"CLJ_2010_1_156","CLJ 2010 1 156.pdf"
,"CLJ_2010_1_17","CLJ 2010 1 17.pdf"
,"CLJ_2010_1_170","CLJ 2010 1 170.pdf"
,"CLJ_2010_1_184","CLJ 2010 1 184.pdf"
,"CLJ_2010_1_208","CLJ 2010 1 208.pdf"
,"CLJ_2010_1_229","CLJ 2010 1 229.pdf"
,"CLJ_2010_1_239","CLJ 2010 1 239.pdf"
,"CLJ_2010_1_252","CLJ 2010 1 252.pdf"
,"CLJ_2010_1_269","CLJ 2010 1 269.pdf"
,"CLJ_2010_1_300","CLJ 2010 1 300.pdf"
,"CLJ_2010_1_309","CLJ 2010 1 309.pdf"
,"CLJ_2010_1_332","CLJ 2010 1 332.pdf"
,"CLJ_2010_1_348","CLJ 2010 1 348.pdf"
,"CLJ_2010_1_355","CLJ 2010 1 355.pdf"
,"CLJ_2010_1_36","CLJ 2010 1 36.pdf"
,"CLJ_2010_1_363","CLJ 2010 1 363.pdf"
,"CLJ_2010_1_375","CLJ 2010 1 375.pdf"
,"CLJ_2010_1_381","CLJ 2010 1 381.pdf"
,"CLJ_2010_1_419","CLJ 2010 1 419.pdf"
,"CLJ_2010_1_429","CLJ 2010 1 429.pdf"
,"CLJ_2010_1_444","CLJ 2010 1 444.pdf"
,"CLJ_2010_1_470","CLJ 2010 1 470.pdf"
,"CLJ_2010_1_484","CLJ 2010 1 484.pdf"
,"CLJ_2010_1_509","CLJ 2010 1 509.pdf"
,"CLJ_2010_1_521","CLJ 2010 1 521.pdf"
,"CLJ_2010_1_541","CLJ 2010 1 541.pdf"
,"CLJ_2010_1_557","CLJ 2010 1 557.pdf"
,"CLJ_2010_1_563","CLJ 2010 1 563.pdf"
,"CLJ_2010_1_578","CLJ 2010 1 578.pdf"
,"CLJ_2010_1_596","CLJ 2010 1 596.pdf"
,"CLJ_2010_1_610","CLJ 2010 1 610.pdf"
,"CLJ_2010_1_625","CLJ 2010 1 625.pdf"
,"CLJ_2010_1_650","CLJ 2010 1 650.pdf"
,"CLJ_2010_1_657","CLJ 2010 1 657.pdf"
,"CLJ_2010_1_665","CLJ 2010 1 665.pdf"
,"CLJ_2010_1_685","CLJ 2010 1 685.pdf"
,"CLJ_2010_1_706","CLJ 2010 1 706.pdf"
,"CLJ_2010_1_725","CLJ 2010 1 725.pdf"
,"CLJ_2010_1_74","CLJ 2010 1 74.pdf"
,"CLJ_2010_1_747","CLJ 2010 1 747.pdf"
,"CLJ_2010_1_775","CLJ 2010 1 775.pdf"
,"CLJ_2010_1_786","CLJ 2010 1 786.pdf"
,"CLJ_2010_1_793","CLJ 2010 1 793.pdf"
,"CLJ_2010_1_802","CLJ 2010 1 802.pdf"
,"CLJ_2010_1_814","CLJ 2010 1 814.pdf"
,"CLJ_2010_1_833","CLJ 2010 1 833.pdf"
,"CLJ_2010_1_849","CLJ 2010 1 849.pdf"
,"CLJ_2010_1_860","CLJ 2010 1 860.pdf"
,"CLJ_2010_1_892","CLJ 2010 1 892.pdf"
,"CLJ_2010_1_913","CLJ 2010 1 913.pdf"
,"CLJ_2010_1_925","CLJ 2010 1 925.pdf"
,"CLJ_2010_1_94","CLJ 2010 1 94.pdf"
,"CLJ_2010_1_940","CLJ 2010 1 940.pdf"
,"CLJ_2010_1_970","CLJ 2010 1 970.pdf"
,"CLJ_2010_1_993","CLJ 2010 1 993.pdf"
clj_2010_10,"CLJ_2010_10_1","CLJ 2010 10 1.pdf","Current Law Journal, 2010, Volume 10",[2010],texts,opensource
,"CLJ_2010_10_105","CLJ 2010 10 105.pdf"
,"CLJ_2010_10_112","CLJ 2010 10 112.pdf"
,"CLJ_2010_10_118","CLJ 2010 10 118.pdf"
,"CLJ_2010_10_130","CLJ 2010 10 130.pdf"
,"CLJ_2010_10_141","CLJ 2010 10 141.pdf"
,"CLJ_2010_10_147","CLJ 2010 10 147.pdf"
,"CLJ_2010_10_16","CLJ 2010 10 16.pdf"
,"CLJ_2010_10_164","CLJ 2010 10 164.pdf"
,"CLJ_2010_10_178","CLJ 2010 10 178.pdf"
,"CLJ_2010_10_186","CLJ 2010 10 186.pdf"
,"CLJ_2010_10_203","CLJ 2010 10 203.pdf"
,"CLJ_2010_10_208","CLJ 2010 10 208.pdf"
,"CLJ_2010_10_219","CLJ 2010 10 219.pdf"
,"CLJ_2010_10_236","CLJ 2010 10 236.pdf"
,"CLJ_2010_10_258","CLJ 2010 10 258.pdf"
,"CLJ_2010_10_26","CLJ 2010 10 26.pdf"
,"CLJ_2010_10_268","CLJ 2010 10 268.pdf"
,"CLJ_2010_10_275","CLJ 2010 10 275.pdf"
,"CLJ_2010_10_290","CLJ 2010 10 290.pdf"
,"CLJ_2010_10_295","CLJ 2010 10 295.pdf"
,"CLJ_2010_10_306","CLJ 2010 10 306.pdf"
,"CLJ_2010_10_312","CLJ 2010 10 312.pdf"
,"CLJ_2010_10_322","CLJ 2010 10 322.pdf"
,"CLJ_2010_10_343","CLJ 2010 10 343.pdf"
,"CLJ_2010_10_350","CLJ 2010 10 350.pdf"
,"CLJ_2010_10_356","CLJ 2010 10 356.pdf"
,"CLJ_2010_10_363","CLJ 2010 10 363.pdf"
,"CLJ_2010_10_371","CLJ 2010 10 371.pdf"
,"CLJ_2010_10_383","CLJ 2010 10 383.pdf"
,"CLJ_2010_10_39","CLJ 2010 10 39.pdf"
,"CLJ_2010_10_396","CLJ 2010 10 396.pdf"
,"CLJ_2010_10_404","CLJ 2010 10 404.pdf"
,"CLJ_2010_10_412","CLJ 2010 10 412.pdf"
,"CLJ_2010_10_420","CLJ 2010 10 420.pdf"
,"CLJ_2010_10_428","CLJ 2010 10 428.pdf"
,"CLJ_2010_10_442","CLJ 2010 10 442.pdf"
,"CLJ_2010_10_456","CLJ 2010 10 456.pdf"
,"CLJ_2010_10_462","CLJ 2010 10 462.pdf"
,"CLJ_2010_10_485","CLJ 2010 10 485.pdf"
,"CLJ_2010_10_491","CLJ 2010 10 491.pdf"
,"CLJ_2010_10_500","CLJ 2010 10 500.pdf"
,"CLJ_2010_10_507","CLJ 2010 10 507.pdf"
,"CLJ_2010_10_520","CLJ 2010 10 520.pdf"
,"CLJ_2010_10_540","CLJ 2010 10 540.pdf"
,"CLJ_2010_10_56","CLJ 2010 10 56.pdf"
,"CLJ_2010_10_563","CLJ 2010 10 563.pdf"
,"CLJ_2010_10_574","CLJ 2010 10 574.pdf"
,"CLJ_2010_10_590","CLJ 2010 10 590.pdf"
,"CLJ_2010_10_598","CLJ 2010 10 598.pdf"
,"CLJ_2010_10_614","CLJ 2010 10 614.pdf"
,"CLJ_2010_10_628","CLJ 2010 10 628.pdf"
,"CLJ_2010_10_639","CLJ 2010 10 639.pdf"
,"CLJ_2010_10_678","CLJ 2010 10 678.pdf"
,"CLJ_2010_10_713","CLJ 2010 10 713.pdf"
,"CLJ_2010_10_722","CLJ 2010 10 722.pdf"
,"CLJ_2010_10_734","CLJ 2010 10 734.pdf"
,"CLJ_2010_10_743","CLJ 2010 10 743.pdf"
,"CLJ_2010_10_78","CLJ 2010 10 78.pdf"
,"CLJ_2010_10_93","CLJ 2010 10 93.pdf"
clj_2010_2,"CLJ_2010_2_1","CLJ 2010 2 1.pdf","Current Law Journal, 2010, Volume 2",[2010],texts,opensource
,"CLJ_2010_2_1002","CLJ 2010 2 1002.pdf"
,"CLJ_2010_2_1020","CLJ 2010 2 1020.pdf"
,"CLJ_2010_2_1037","CLJ 2010 2 1037.pdf"
,"CLJ_2010_2_1046","CLJ 2010 2 1046.pdf"
,"CLJ_2010_2_106","CLJ 2010 2 106.pdf"
,"CLJ_2010_2_1061","CLJ 2010 2 1061.pdf"
,"CLJ_2010_2_121","CLJ 2010 2 121.pdf"
,"CLJ_2010_2_133","CLJ 2010 2 133.pdf"
,"CLJ_2010_2_149","CLJ 2010 2 149.pdf"
,"CLJ_2010_2_174","CLJ 2010 2 174.pdf"
,"CLJ_2010_2_192","CLJ 2010 2 192.pdf"
,"CLJ_2010_2_208","CLJ 2010 2 208.pdf"
,"CLJ_2010_2_258","CLJ 2010 2 258.pdf"
,"CLJ_2010_2_269","CLJ 2010 2 269.pdf"
,"CLJ_2010_2_28","CLJ 2010 2 28.pdf"
,"CLJ_2010_2_298","CLJ 2010 2 298.pdf"
,"CLJ_2010_2_308","CLJ 2010 2 308.pdf"
,"CLJ_2010_2_322","CLJ 2010 2 322.pdf"
,"CLJ_2010_2_338","CLJ 2010 2 338.pdf"
,"CLJ_2010_2_358","CLJ 2010 2 358.pdf"
,"CLJ_2010_2_380","CLJ 2010 2 380.pdf"
,"CLJ_2010_2_397","CLJ 2010 2 397.pdf"
,"CLJ_2010_2_405","CLJ 2010 2 405.pdf"
,"CLJ_2010_2_420","CLJ 2010 2 420.pdf"
,"CLJ_2010_2_45","CLJ 2010 2 45.pdf"
,"CLJ_2010_2_457","CLJ 2010 2 457.pdf"
,"CLJ_2010_2_481","CLJ 2010 2 481.pdf"
,"CLJ_2010_2_487","CLJ 2010 2 487.pdf"
,"CLJ_2010_2_501","CLJ 2010 2 501.pdf"
,"CLJ_2010_2_512","CLJ 2010 2 512.pdf"
,"CLJ_2010_2_525","CLJ 2010 2 525.pdf"
,"CLJ_2010_2_541","CLJ 2010 2 541.pdf"
,"CLJ_2010_2_580","CLJ 2010 2 580.pdf"
,"CLJ_2010_2_606","CLJ 2010 2 606.pdf"
,"CLJ_2010_2_613","CLJ 2010 2 613.pdf"
,"CLJ_2010_2_634","CLJ 2010 2 634.pdf"
,"CLJ_2010_2_641","CLJ 2010 2 641.pdf"
,"CLJ_2010_2_653","CLJ 2010 2 653.pdf"
,"CLJ_2010_2_661","CLJ 2010 2 661.pdf"
,"CLJ_2010_2_677","CLJ 2010 2 677.pdf"
,"CLJ_2010_2_68","CLJ 2010 2 68.pdf"
,"CLJ_2010_2_690","CLJ 2010 2 690.pdf"
,"CLJ_2010_2_703","CLJ 2010 2 703.pdf"
,"CLJ_2010_2_720","CLJ 2010 2 720.pdf"
,"CLJ_2010_2_736","CLJ 2010 2 736.pdf"
,"CLJ_2010_2_754","CLJ 2010 2 754.pdf"
,"CLJ_2010_2_767","CLJ 2010 2 767.pdf"
,"CLJ_2010_2_78","CLJ 2010 2 78.pdf"
,"CLJ_2010_2_785","CLJ 2010 2 785.pdf"
,"CLJ_2010_2_795","CLJ 2010 2 795.pdf"
,"CLJ_2010_2_821","CLJ 2010 2 821.pdf"
,"CLJ_2010_2_850","CLJ 2010 2 850.pdf"
,"CLJ_2010_2_858","CLJ 2010 2 858.pdf"
,"CLJ_2010_2_874","CLJ 2010 2 874.pdf"
,"CLJ_2010_2_890","CLJ 2010 2 890.pdf"
,"CLJ_2010_2_905","CLJ 2010 2 905.pdf"
,"CLJ_2010_2_91","CLJ 2010 2 91.pdf"
,"CLJ_2010_2_916","CLJ 2010 2 916.pdf"
,"CLJ_2010_2_925","CLJ 2010 2 925.pdf"
,"CLJ_2010_2_956","CLJ 2010 2 956.pdf"
,"CLJ_2010_2_99","CLJ 2010 2 99.pdf"
clj_2010_3,"CLJ_2010_3_1","CLJ 2010 3 1.pdf","Current Law Journal, 2010, Volume 3",[2010],texts,opensource
,"CLJ_2010_3_1005","CLJ 2010 3 1005.pdf"
,"CLJ_2010_3_1018","CLJ 2010 3 1018.pdf"
,"CLJ_2010_3_104","CLJ 2010 3 104.pdf"
,"CLJ_2010_3_125","CLJ 2010 3 125.pdf"
,"CLJ_2010_3_13","CLJ 2010 3 13.pdf"
,"CLJ_2010_3_137","CLJ 2010 3 137.pdf"
,"CLJ_2010_3_152","CLJ 2010 3 152.pdf"
,"CLJ_2010_3_162","CLJ 2010 3 162.pdf"
,"CLJ_2010_3_181","CLJ 2010 3 181.pdf"
,"CLJ_2010_3_198","CLJ 2010 3 198.pdf"
,"CLJ_2010_3_212","CLJ 2010 3 212.pdf"
,"CLJ_2010_3_220","CLJ 2010 3 220.pdf"
,"CLJ_2010_3_251","CLJ 2010 3 251.pdf"
,"CLJ_2010_3_269","CLJ 2010 3 269.pdf"
,"CLJ_2010_3_281","CLJ 2010 3 281.pdf"
,"CLJ_2010_3_29","CLJ 2010 3 29.pdf"
,"CLJ_2010_3_293","CLJ 2010 3 293.pdf"
,"CLJ_2010_3_310","CLJ 2010 3 310.pdf"
,"CLJ_2010_3_332","CLJ 2010 3 332.pdf"
,"CLJ_2010_3_344","CLJ 2010 3 344.pdf"
,"CLJ_2010_3_354","CLJ 2010 3 354.pdf"
,"CLJ_2010_3_361","CLJ 2010 3 361.pdf"
,"CLJ_2010_3_377","CLJ 2010 3 377.pdf"
,"CLJ_2010_3_441","CLJ 2010 3 441.pdf"
,"CLJ_2010_3_447","CLJ 2010 3 447.pdf"
,"CLJ_2010_3_45","CLJ 2010 3 45.pdf"
,"CLJ_2010_3_458","CLJ 2010 3 458.pdf"
,"CLJ_2010_3_468","CLJ 2010 3 468.pdf"
,"CLJ_2010_3_474","CLJ 2010 3 474.pdf"
,"CLJ_2010_3_492","CLJ 2010 3 492.pdf"
,"CLJ_2010_3_499","CLJ 2010 3 499.pdf"
,"CLJ_2010_3_507","CLJ 2010 3 507.pdf"
,"CLJ_2010_3_529","CLJ 2010 3 529.pdf"
,"CLJ_2010_3_550","CLJ 2010 3 550.pdf"
,"CLJ_2010_3_561","CLJ 2010 3 561.pdf"
,"CLJ_2010_3_585","CLJ 2010 3 585.pdf"
,"CLJ_2010_3_59","CLJ 2010 3 59.pdf"
,"CLJ_2010_3_600","CLJ 2010 3 600.pdf"
,"CLJ_2010_3_614","CLJ 2010 3 614.pdf"
,"CLJ_2010_3_634","CLJ 2010 3 634.pdf"
,"CLJ_2010_3_643","CLJ 2010 3 643.pdf"
,"CLJ_2010_3_660","CLJ 2010 3 660.pdf"
,"CLJ_2010_3_671","CLJ 2010 3 671.pdf"
,"CLJ_2010_3_711","CLJ 2010 3 711.pdf"
,"CLJ_2010_3_724","CLJ 2010 3 724.pdf"
,"CLJ_2010_3_736","CLJ 2010 3 736.pdf"
,"CLJ_2010_3_754","CLJ 2010 3 754.pdf"
,"CLJ_2010_3_769","CLJ 2010 3 769.pdf"
,"CLJ_2010_3_779","CLJ 2010 3 779.pdf"
,"CLJ_2010_3_785","CLJ 2010 3 785.pdf"
,"CLJ_2010_3_799","CLJ 2010 3 799.pdf"
,"CLJ_2010_3_818","CLJ 2010 3 818.pdf"
,"CLJ_2010_3_837","CLJ 2010 3 837.pdf"
,"CLJ_2010_3_858","CLJ 2010 3 858.pdf"
,"CLJ_2010_3_865","CLJ 2010 3 865.pdf"
,"CLJ_2010_3_877","CLJ 2010 3 877.pdf"
,"CLJ_2010_3_895","CLJ 2010 3 895.pdf"
,"CLJ_2010_3_903","CLJ 2010 3 903.pdf"
,"CLJ_2010_3_924","CLJ 2010 3 924.pdf"
,"CLJ_2010_3_938","CLJ 2010 3 938.pdf"
,"CLJ_2010_3_962","CLJ 2010 3 962.pdf"
,"CLJ_2010_3_98","CLJ 2010 3 98.pdf"
,"CLJ_2010_3_993","CLJ 2010 3 993.pdf"
clj_2010_4,"CLJ_2010_4_1","CLJ 2010 4 1.pdf","Current Law Journal, 2010, Volume 4",[2010],texts,opensource
,"CLJ_2010_4_110","CLJ 2010 4 110.pdf"
,"CLJ_2010_4_126","CLJ 2010 4 126.pdf"
,"CLJ_2010_4_133","CLJ 2010 4 133.pdf"
,"CLJ_2010_4_138","CLJ 2010 4 138.pdf"
,"CLJ_2010_4_150","CLJ 2010 4 150.pdf"
,"CLJ_2010_4_166","CLJ 2010 4 166.pdf"
,"CLJ_2010_4_203","CLJ 2010 4 203.pdf"
,"CLJ_2010_4_225","CLJ 2010 4 225.pdf"
,"CLJ_2010_4_230","CLJ 2010 4 230.pdf"
,"CLJ_2010_4_242","CLJ 2010 4 242.pdf"
,"CLJ_2010_4_25","CLJ 2010 4 25.pdf"
,"CLJ_2010_4_253","CLJ 2010 4 253.pdf"
,"CLJ_2010_4_260","CLJ 2010 4 260.pdf"
,"CLJ_2010_4_265","CLJ 2010 4 265.pdf"
,"CLJ_2010_4_289","CLJ 2010 4 289.pdf"
,"CLJ_2010_4_305","CLJ 2010 4 305.pdf"
,"CLJ_2010_4_331","CLJ 2010 4 331.pdf"
,"CLJ_2010_4_36","CLJ 2010 4 36.pdf"
,"CLJ_2010_4_360","CLJ 2010 4 360.pdf"
,"CLJ_2010_4_367","CLJ 2010 4 367.pdf"
,"CLJ_2010_4_378","CLJ 2010 4 378.pdf"
,"CLJ_2010_4_388","CLJ 2010 4 388.pdf"
,"CLJ_2010_4_405","CLJ 2010 4 405.pdf"
,"CLJ_2010_4_410","CLJ 2010 4 410.pdf"
,"CLJ_2010_4_419","CLJ 2010 4 419.pdf"
,"CLJ_2010_4_450","CLJ 2010 4 450.pdf"
,"CLJ_2010_4_473","CLJ 2010 4 473.pdf"
,"CLJ_2010_4_483","CLJ 2010 4 483.pdf"
,"CLJ_2010_4_499","CLJ 2010 4 499.pdf"
,"CLJ_2010_4_520","CLJ 2010 4 520.pdf"
,"CLJ_2010_4_529","CLJ 2010 4 529.pdf"
,"CLJ_2010_4_548","CLJ 2010 4 548.pdf"
,"CLJ_2010_4_556","CLJ 2010 4 556.pdf"
,"CLJ_2010_4_570","CLJ 2010 4 570.pdf"
,"CLJ_2010_4_592","CLJ 2010 4 592.pdf"
,"CLJ_2010_4_611","CLJ 2010 4 611.pdf"
,"CLJ_2010_4_624","CLJ 2010 4 624.pdf"
,"CLJ_2010_4_638","CLJ 2010 4 638.pdf"
,"CLJ_2010_4_64","CLJ 2010 4 64.pdf"
,"CLJ_2010_4_657","CLJ 2010 4 657.pdf"
,"CLJ_2010_4_671","CLJ 2010 4 671.pdf"
,"CLJ_2010_4_685","CLJ 2010 4 685.pdf"
,"CLJ_2010_4_693","CLJ 2010 4 693.pdf"
,"CLJ_2010_4_711","CLJ 2010 4 711.pdf"
,"CLJ_2010_4_724","CLJ 2010 4 724.pdf"
,"CLJ_2010_4_737","CLJ 2010 4 737.pdf"
,"CLJ_2010_4_745","CLJ 2010 4 745.pdf"
,"CLJ_2010_4_753","CLJ 2010 4 753.pdf"
,"CLJ_2010_4_760","CLJ 2010 4 760.pdf"
,"CLJ_2010_4_770","CLJ 2010 4 770.pdf"
,"CLJ_2010_4_828","CLJ 2010 4 828.pdf"
,"CLJ_2010_4_84","CLJ 2010 4 84.pdf"
,"CLJ_2010_4_843","CLJ 2010 4 843.pdf"
,"CLJ_2010_4_849","CLJ 2010 4 849.pdf"
,"CLJ_2010_4_868","CLJ 2010 4 868.pdf"
,"CLJ_2010_4_877","CLJ 2010 4 877.pdf"
,"CLJ_2010_4_885","CLJ 2010 4 885.pdf"
,"CLJ_2010_4_897","CLJ 2010 4 897.pdf"
,"CLJ_2010_4_914","CLJ 2010 4 914.pdf"
,"CLJ_2010_4_95","CLJ 2010 4 95.pdf"
,"CLJ_2010_4_951","CLJ 2010 4 951.pdf"
,"CLJ_2010_4_963","CLJ 2010 4 963.pdf"
,"CLJ_2010_4_976","CLJ 2010 4 976.pdf"
,"CLJ_2010_4_985","CLJ 2010 4 985.pdf"
clj_2010_5,"CLJ_2010_5_1","CLJ 2010 5 1.pdf","Current Law Journal, 2010, Volume 5",[2010],texts,opensource
,"CLJ_2010_5_109","CLJ 2010 5 109.pdf"
,"CLJ_2010_5_123","CLJ 2010 5 123.pdf"
,"CLJ_2010_5_15","CLJ 2010 5 15.pdf"
,"CLJ_2010_5_153","CLJ 2010 5 153.pdf"
,"CLJ_2010_5_177","CLJ 2010 5 177.pdf"
,"CLJ_2010_5_201","CLJ 2010 5 201.pdf"
,"CLJ_2010_5_208","CLJ 2010 5 208.pdf"
,"CLJ_2010_5_215","CLJ 2010 5 215.pdf"
,"CLJ_2010_5_222","CLJ 2010 5 222.pdf"
,"CLJ_2010_5_229","CLJ 2010 5 229.pdf"
,"CLJ_2010_5_23","CLJ 2010 5 23.pdf"
,"CLJ_2010_5_240","CLJ 2010 5 240.pdf"
,"CLJ_2010_5_274","CLJ 2010 5 274.pdf"
,"CLJ_2010_5_282","CLJ 2010 5 282.pdf"
,"CLJ_2010_5_294","CLJ 2010 5 294.pdf"
,"CLJ_2010_5_301","CLJ 2010 5 301.pdf"
,"CLJ_2010_5_32","CLJ 2010 5 32.pdf"
,"CLJ_2010_5_337","CLJ 2010 5 337.pdf"
,"CLJ_2010_5_361","CLJ 2010 5 361.pdf"
,"CLJ_2010_5_369","CLJ 2010 5 369.pdf"
,"CLJ_2010_5_390","CLJ 2010 5 390.pdf"
,"CLJ_2010_5_409","CLJ 2010 5 409.pdf"
,"CLJ_2010_5_427","CLJ 2010 5 427.pdf"
,"CLJ_2010_5_443","CLJ 2010 5 443.pdf"
,"CLJ_2010_5_461","CLJ 2010 5 461.pdf"
,"CLJ_2010_5_467","CLJ 2010 5 467.pdf"
,"CLJ_2010_5_475","CLJ 2010 5 475.pdf"
,"CLJ_2010_5_489","CLJ 2010 5 489.pdf"
,"CLJ_2010_5_54","CLJ 2010 5 54.pdf"
,"CLJ_2010_5_556","CLJ 2010 5 556.pdf"
,"CLJ_2010_5_563","CLJ 2010 5 563.pdf"
,"CLJ_2010_5_574","CLJ 2010 5 574.pdf"
,"CLJ_2010_5_583","CLJ 2010 5 583.pdf"
,"CLJ_2010_5_590","CLJ 2010 5 590.pdf"
,"CLJ_2010_5_599","CLJ 2010 5 599.pdf"
,"CLJ_2010_5_605","CLJ 2010 5 605.pdf"
,"CLJ_2010_5_613","CLJ 2010 5 613.pdf"
,"CLJ_2010_5_635","CLJ 2010 5 635.pdf"
,"CLJ_2010_5_644","CLJ 2010 5 644.pdf"
,"CLJ_2010_5_654","CLJ 2010 5 654.pdf"
,"CLJ_2010_5_662","CLJ 2010 5 662.pdf"
,"CLJ_2010_5_675","CLJ 2010 5 675.pdf"
,"CLJ_2010_5_695","CLJ 2010 5 695.pdf"
,"CLJ_2010_5_712","CLJ 2010 5 712.pdf"
,"CLJ_2010_5_73","CLJ 2010 5 73.pdf"
,"CLJ_2010_5_733","CLJ 2010 5 733.pdf"
,"CLJ_2010_5_745","CLJ 2010 5 745.pdf"
,"CLJ_2010_5_758","CLJ 2010 5 758.pdf"
,"CLJ_2010_5_764","CLJ 2010 5 764.pdf"
,"CLJ_2010_5_77","CLJ 2010 5 77.pdf"
,"CLJ_2010_5_780","CLJ 2010 5 780.pdf"
,"CLJ_2010_5_794","CLJ 2010 5 794.pdf"
,"CLJ_2010_5_819","CLJ 2010 5 819.pdf"
,"CLJ_2010_5_83","CLJ 2010 5 83.pdf"
,"CLJ_2010_5_834","CLJ 2010 5 834.pdf"
,"CLJ_2010_5_850","CLJ 2010 5 850.pdf"
,"CLJ_2010_5_865","CLJ 2010 5 865.pdf"
,"CLJ_2010_5_899","CLJ 2010 5 899.pdf"
,"CLJ_2010_5_921","CLJ 2010 5 921.pdf"
,"CLJ_2010_5_928","CLJ 2010 5 928.pdf"
,"CLJ_2010_5_955","CLJ 2010 5 955.pdf"
,"CLJ_2010_5_961","CLJ 2010 5 961.pdf"
,"CLJ_2010_5_975","CLJ 2010 5 975.pdf"
,"CLJ_2010_5_986","CLJ 2010 5 986.pdf"
clj_2010_6,"CLJ_2010_6_1","CLJ 2010 6 1.pdf","Current Law Journal, 2010, Volume 6",[2010],texts,opensource
,"CLJ_2010_6_105","CLJ 2010 6 105.pdf"
,"CLJ_2010_6_121","CLJ 2010 6 121.pdf"
,"CLJ_2010_6_134","CLJ 2010 6 134.pdf"
,"CLJ_2010_6_142","CLJ 2010 6 142.pdf"
,"CLJ_2010_6_172","CLJ 2010 6 172.pdf"
,"CLJ_2010_6_204","CLJ 2010 6 204.pdf"
,"CLJ_2010_6_211","CLJ 2010 6 211.pdf"
,"CLJ_2010_6_218","CLJ 2010 6 218.pdf"
,"CLJ_2010_6_231","CLJ 2010 6 231.pdf"
,"CLJ_2010_6_24","CLJ 2010 6 24.pdf"
,"CLJ_2010_6_240","CLJ 2010 6 240.pdf"
,"CLJ_2010_6_249","CLJ 2010 6 249.pdf"
,"CLJ_2010_6_256","CLJ 2010 6 256.pdf"
,"CLJ_2010_6_268","CLJ 2010 6 268.pdf"
,"CLJ_2010_6_277","CLJ 2010 6 277.pdf"
,"CLJ_2010_6_291","CLJ 2010 6 291.pdf"
,"CLJ_2010_6_305","CLJ 2010 6 305.pdf"
,"CLJ_2010_6_322","CLJ 2010 6 322.pdf"
,"CLJ_2010_6_334","CLJ 2010 6 334.pdf"
,"CLJ_2010_6_34","CLJ 2010 6 34.pdf"
,"CLJ_2010_6_357","CLJ 2010 6 357.pdf"
,"CLJ_2010_6_370","CLJ 2010 6 370.pdf"
,"CLJ_2010_6_400","CLJ 2010 6 400.pdf"
,"CLJ_2010_6_416","CLJ 2010 6 416.pdf"
,"CLJ_2010_6_430","CLJ 2010 6 430.pdf"
,"CLJ_2010_6_438","CLJ 2010 6 438.pdf"
,"CLJ_2010_6_451","CLJ 2010 6 451.pdf"
,"CLJ_2010_6_458","CLJ 2010 6 458.pdf"
,"CLJ_2010_6_481","CLJ 2010 6 481.pdf"
,"CLJ_2010_6_487","CLJ 2010 6 487.pdf"
,"CLJ_2010_6_51","CLJ 2010 6 51.pdf"
,"CLJ_2010_6_530","CLJ 2010 6 530.pdf"
,"CLJ_2010_6_542","CLJ 2010 6 542.pdf"
,"CLJ_2010_6_560","CLJ 2010 6 560.pdf"
,"CLJ_2010_6_572","CLJ 2010 6 572.pdf"
,"CLJ_2010_6_581","CLJ 2010 6 581.pdf"
,"CLJ_2010_6_593","CLJ 2010 6 593.pdf"
,"CLJ_2010_6_603","CLJ 2010 6 603.pdf"
,"CLJ_2010_6_611","CLJ 2010 6 611.pdf"
,"CLJ_2010_6_64","CLJ 2010 6 64.pdf"
,"CLJ_2010_6_643","CLJ 2010 6 643.pdf"
,"CLJ_2010_6_681","CLJ 2010 6 681.pdf"
,"CLJ_2010_6_693","CLJ 2010 6 693.pdf"
,"CLJ_2010_6_707","CLJ 2010 6 707.pdf"
,"CLJ_2010_6_712","CLJ 2010 6 712.pdf"
,"CLJ_2010_6_721","CLJ 2010 6 721.pdf"
,"CLJ_2010_6_745","CLJ 2010 6 745.pdf"
,"CLJ_2010_6_756","CLJ 2010 6 756.pdf"
,"CLJ_2010_6_770","CLJ 2010 6 770.pdf"
,"CLJ_2010_6_777","CLJ 2010 6 777.pdf"
,"CLJ_2010_6_813","CLJ 2010 6 813.pdf"
,"CLJ_2010_6_820","CLJ 2010 6 820.pdf"
,"CLJ_2010_6_830","CLJ 2010 6 830.pdf"
,"CLJ_2010_6_84","CLJ 2010 6 84.pdf"
,"CLJ_2010_6_857","CLJ 2010 6 857.pdf"
,"CLJ_2010_6_878","CLJ 2010 6 878.pdf"
,"CLJ_2010_6_887","CLJ 2010 6 887.pdf"
,"CLJ_2010_6_911","CLJ 2010 6 911.pdf"
,"CLJ_2010_6_938","CLJ 2010 6 938.pdf"
,"CLJ_2010_6_95","CLJ 2010 6 95.pdf"
,"CLJ_2010_6_954","CLJ 2010 6 954.pdf"
,"CLJ_2010_6_969","CLJ 2010 6 969.pdf"
,"CLJ_2010_6_975","CLJ 2010 6 975.pdf"
,"CLJ_2010_6_981","CLJ 2010 6 981.pdf"
clj_2010_7,"CLJ_2010_7_1","CLJ 2010 7 1.pdf","Current Law Journal, 2010, Volume 7",[2010],texts,opensource
,"CLJ_2010_7_1000","CLJ 2010 7 1000.pdf"
,"CLJ_2010_7_1010","CLJ 2010 7 1010.pdf"
,"CLJ_2010_7_1033","CLJ 2010 7 1033.pdf"
,"CLJ_2010_7_1049","CLJ 2010 7 1049.pdf"
,"CLJ_2010_7_114","CLJ 2010 7 114.pdf"
,"CLJ_2010_7_129","CLJ 2010 7 129.pdf"
,"CLJ_2010_7_142","CLJ 2010 7 142.pdf"
,"CLJ_2010_7_152","CLJ 2010 7 152.pdf"
,"CLJ_2010_7_176","CLJ 2010 7 176.pdf"
,"CLJ_2010_7_190","CLJ 2010 7 190.pdf"
,"CLJ_2010_7_22","CLJ 2010 7 22.pdf"
,"CLJ_2010_7_220","CLJ 2010 7 220.pdf"
,"CLJ_2010_7_233","CLJ 2010 7 233.pdf"
,"CLJ_2010_7_254","CLJ 2010 7 254.pdf"
,"CLJ_2010_7_261","CLJ 2010 7 261.pdf"
,"CLJ_2010_7_285","CLJ 2010 7 285.pdf"
,"CLJ_2010_7_316","CLJ 2010 7 316.pdf"
,"CLJ_2010_7_331","CLJ 2010 7 331.pdf"
,"CLJ_2010_7_348","CLJ 2010 7 348.pdf"
,"CLJ_2010_7_359","CLJ 2010 7 359.pdf"
,"CLJ_2010_7_372","CLJ 2010 7 372.pdf"

,"CLJ_2010_7_397","CLJ 2010 7 397.pdf"
,"CLJ_2010_7_491","CLJ 2010 7 491.pdf"
,"CLJ_2010_7_506","CLJ 2010 7 506.pdf"
,"CLJ_2010_7_512","CLJ 2010 7 512.pdf"
,"CLJ_2010_7_516","CLJ 2010 7 516.pdf"
,"CLJ_2010_7_525","CLJ 2010 7 525.pdf"
,"CLJ_2010_7_538","CLJ 2010 7 538.pdf"
,"CLJ_2010_7_58","CLJ 2010 7 58.pdf"
,"CLJ_2010_7_592","CLJ 2010 7 592.pdf"
,"CLJ_2010_7_607","CLJ 2010 7 607.pdf"
,"CLJ_2010_7_621","CLJ 2010 7 621.pdf"
,"CLJ_2010_7_635","CLJ 2010 7 635.pdf"
,"CLJ_2010_7_640","CLJ 2010 7 640.pdf"
,"CLJ_2010_7_653","CLJ 2010 7 653.pdf"
,"CLJ_2010_7_663","CLJ 2010 7 663.pdf"
,"CLJ_2010_7_683","CLJ 2010 7 683.pdf"
,"CLJ_2010_7_696","CLJ 2010 7 696.pdf"
,"CLJ_2010_7_713","CLJ 2010 7 713.pdf"
,"CLJ_2010_7_73","CLJ 2010 7 73.pdf"
,"CLJ_2010_7_730","CLJ 2010 7 730.pdf"
,"CLJ_2010_7_751","CLJ 2010 7 751.pdf"
,"CLJ_2010_7_771","CLJ 2010 7 771.pdf"
,"CLJ_2010_7_785","CLJ 2010 7 785.pdf"
,"CLJ_2010_7_808","CLJ 2010 7 808.pdf"
,"CLJ_2010_7_83","CLJ 2010 7 83.pdf"
,"CLJ_2010_7_830","CLJ 2010 7 830.pdf"
,"CLJ_2010_7_836","CLJ 2010 7 836.pdf"
,"CLJ_2010_7_856","CLJ 2010 7 856.pdf"
,"CLJ_2010_7_868","CLJ 2010 7 868.pdf"
,"CLJ_2010_7_877","CLJ 2010 7 877.pdf"
,"CLJ_2010_7_885","CLJ 2010 7 885.pdf"
,"CLJ_2010_7_917","CLJ 2010 7 917.pdf"
,"CLJ_2010_7_93","CLJ 2010 7 93.pdf"
,"CLJ_2010_7_931","CLJ 2010 7 931.pdf"
,"CLJ_2010_7_945","CLJ 2010 7 945.pdf"
,"CLJ_2010_7_987","CLJ 2010 7 987.pdf"
,"CLJ_2010_7_99","CLJ 2010 7 99.pdf"
clj_2010_8,"CLJ_2010_8_1","CLJ 2010 8 1.pdf","Current Law Journal, 2010, Volume 8",[2010],texts,opensource
,"CLJ_2010_8_1001","CLJ 2010 8 1001.pdf"
,"CLJ_2010_8_120","CLJ 2010 8 120.pdf"
,"CLJ_2010_8_129","CLJ 2010 8 129.pdf"
,"CLJ_2010_8_160","CLJ 2010 8 160.pdf"
,"CLJ_2010_8_173","CLJ 2010 8 173.pdf"
,"CLJ_2010_8_192","CLJ 2010 8 192.pdf"
,"CLJ_2010_8_208","CLJ 2010 8 208.pdf"
,"CLJ_2010_8_21","CLJ 2010 8 21.pdf"
,"CLJ_2010_8_227","CLJ 2010 8 227.pdf"
,"CLJ_2010_8_239","CLJ 2010 8 239.pdf"
,"CLJ_2010_8_245","CLJ 2010 8 245.pdf"
,"CLJ_2010_8_257","CLJ 2010 8 257.pdf"
,"CLJ_2010_8_267","CLJ 2010 8 267.pdf"
,"CLJ_2010_8_276","CLJ 2010 8 276.pdf"
,"CLJ_2010_8_310","CLJ 2010 8 310.pdf"
,"CLJ_2010_8_323","CLJ 2010 8 323.pdf"
,"CLJ_2010_8_335","CLJ 2010 8 335.pdf"
,"CLJ_2010_8_347","CLJ 2010 8 347.pdf"
,"CLJ_2010_8_357","CLJ 2010 8 357.pdf"
,"CLJ_2010_8_373","CLJ 2010 8 373.pdf"
,"CLJ_2010_8_392","CLJ 2010 8 392.pdf"
,"CLJ_2010_8_413","CLJ 2010 8 413.pdf"
,"CLJ_2010_8_42","CLJ 2010 8 42.pdf"
,"CLJ_2010_8_428","CLJ 2010 8 428.pdf"
,"CLJ_2010_8_462","CLJ 2010 8 462.pdf"
,"CLJ_2010_8_473","CLJ 2010 8 473.pdf"
,"CLJ_2010_8_482","CLJ 2010 8 482.pdf"
,"CLJ_2010_8_49","CLJ 2010 8 49.pdf"
,"CLJ_2010_8_492","CLJ 2010 8 492.pdf"
,"CLJ_2010_8_501","CLJ 2010 8 501.pdf"
,"CLJ_2010_8_519","CLJ 2010 8 519.pdf"
,"CLJ_2010_8_529","CLJ 2010 8 529.pdf"
,"CLJ_2010_8_537","CLJ 2010 8 537.pdf"
,"CLJ_2010_8_560","CLJ 2010 8 560.pdf"
,"CLJ_2010_8_584","CLJ 2010 8 584.pdf"
,"CLJ_2010_8_592","CLJ 2010 8 592.pdf"
,"CLJ_2010_8_608","CLJ 2010 8 608.pdf"
,"CLJ_2010_8_629","CLJ 2010 8 629.pdf"
,"CLJ_2010_8_645","CLJ 2010 8 645.pdf"
,"CLJ_2010_8_656","CLJ 2010 8 656.pdf"
,"CLJ_2010_8_680","CLJ 2010 8 680.pdf"
,"CLJ_2010_8_699","CLJ 2010 8 699.pdf"
,"CLJ_2010_8_727","CLJ 2010 8 727.pdf"
,"CLJ_2010_8_73","CLJ 2010 8 73.pdf"
,"CLJ_2010_8_754","CLJ 2010 8 754.pdf"
,"CLJ_2010_8_761","CLJ 2010 8 761.pdf"
,"CLJ_2010_8_775","CLJ 2010 8 775.pdf"
,"CLJ_2010_8_788","CLJ 2010 8 788.pdf"
,"CLJ_2010_8_802","CLJ 2010 8 802.pdf"
,"CLJ_2010_8_824","CLJ 2010 8 824.pdf"
,"CLJ_2010_8_845","CLJ 2010 8 845.pdf"
,"CLJ_2010_8_869","CLJ 2010 8 869.pdf"
,"CLJ_2010_8_888","CLJ 2010 8 888.pdf"
,"CLJ_2010_8_905","CLJ 2010 8 905.pdf"
,"CLJ_2010_8_920","CLJ 2010 8 920.pdf"
,"CLJ_2010_8_934","CLJ 2010 8 934.pdf"
,"CLJ_2010_8_949","CLJ 2010 8 949.pdf"
,"CLJ_2010_8_963","CLJ 2010 8 963.pdf"
,"CLJ_2010_8_97","CLJ 2010 8 97.pdf"
,"CLJ_2010_8_992","CLJ 2010 8 992.pdf"
clj_2010_9,"CLJ_2010_9_1","CLJ 2010 9 1.pdf","Current Law Journal, 2010, Volume 9",[2010],texts,opensource
,"CLJ_2010_9_1006","CLJ 2010 9 1006.pdf"
,"CLJ_2010_9_125","CLJ 2010 9 125.pdf"
,"CLJ_2010_9_140","CLJ 2010 9 140.pdf"
,"CLJ_2010_9_149","CLJ 2010 9 149.pdf"
,"CLJ_2010_9_161","CLJ 2010 9 161.pdf"
,"CLJ_2010_9_19","CLJ 2010 9 19.pdf"
,"CLJ_2010_9_193","CLJ 2010 9 193.pdf"
,"CLJ_2010_9_202","CLJ 2010 9 202.pdf"
,"CLJ_2010_9_218","CLJ 2010 9 218.pdf"
,"CLJ_2010_9_225","CLJ 2010 9 225.pdf"
,"CLJ_2010_9_238","CLJ 2010 9 238.pdf"
,"CLJ_2010_9_253","CLJ 2010 9 253.pdf"
,"CLJ_2010_9_27","CLJ 2010 9 27.pdf"
,"CLJ_2010_9_270","CLJ 2010 9 270.pdf"
,"CLJ_2010_9_288","CLJ 2010 9 288.pdf"
,"CLJ_2010_9_309","CLJ 2010 9 309.pdf"
,"CLJ_2010_9_328","CLJ 2010 9 328.pdf"
,"CLJ_2010_9_349","CLJ 2010 9 349.pdf"
,"CLJ_2010_9_366","CLJ 2010 9 366.pdf"
,"CLJ_2010_9_377","CLJ 2010 9 377.pdf"
,"CLJ_2010_9_389","CLJ 2010 9 389.pdf"
,"CLJ_2010_9_400","CLJ 2010 9 400.pdf"
,"CLJ_2010_9_411","CLJ 2010 9 411.pdf"
,"CLJ_2010_9_436","CLJ 2010 9 436.pdf"
,"CLJ_2010_9_449","CLJ 2010 9 449.pdf"
,"CLJ_2010_9_46","CLJ 2010 9 46.pdf"
,"CLJ_2010_9_469","CLJ 2010 9 469.pdf"
,"CLJ_2010_9_483","CLJ 2010 9 483.pdf"
,"CLJ_2010_9_505","CLJ 2010 9 505.pdf"
,"CLJ_2010_9_519","CLJ 2010 9 519.pdf"
,"CLJ_2010_9_532","CLJ 2010 9 532.pdf"
,"CLJ_2010_9_55","CLJ 2010 9 55.pdf"
,"CLJ_2010_9_562","CLJ 2010 9 562.pdf"
,"CLJ_2010_9_577","CLJ 2010 9 577.pdf"
,"CLJ_2010_9_586","CLJ 2010 9 586.pdf"
,"CLJ_2010_9_598","CLJ 2010 9 598.pdf"
,"CLJ_2010_9_605","CLJ 2010 9 605.pdf"
,"CLJ_2010_9_625","CLJ 2010 9 625.pdf"
,"CLJ_2010_9_637","CLJ 2010 9 637.pdf"
,"CLJ_2010_9_65","CLJ 2010 9 65.pdf"
,"CLJ_2010_9_702","CLJ 2010 9 702.pdf"
,"CLJ_2010_9_714","CLJ 2010 9 714.pdf"
,"CLJ_2010_9_724","CLJ 2010 9 724.pdf"
,"CLJ_2010_9_732","CLJ 2010 9 732.pdf"
,"CLJ_2010_9_75","CLJ 2010 9 75.pdf"
,"CLJ_2010_9_764","CLJ 2010 9 764.pdf"
,"CLJ_2010_9_777","CLJ 2010 9 777.pdf"
,"CLJ_2010_9_785","CLJ 2010 9 785.pdf"
,"CLJ_2010_9_810","CLJ 2010 9 810.pdf"
,"CLJ_2010_9_825","CLJ 2010 9 825.pdf"
,"CLJ_2010_9_862","CLJ 2010 9 862.pdf"
,"CLJ_2010_9_885","CLJ 2010 9 885.pdf"
,"CLJ_2010_9_905","CLJ 2010 9 905.pdf"
,"CLJ_2010_9_924","CLJ 2010 9 924.pdf"
,"CLJ_2010_9_936","CLJ 2010 9 936.pdf"
,"CLJ_2010_9_947","CLJ 2010 9 947.pdf"
,"CLJ_2010_9_95","CLJ 2010 9 95.pdf"
,"CLJ_2010_9_964","CLJ 2010 9 964.pdf"
,"CLJ_2010_9_995","CLJ 2010 9 995.pdf"
clj_2011_1,"CLJ_2011_1_1","CLJ 2011 1 1.pdf","Current Law Journal, 2011, Volume 1",[2011],texts,opensource
,"CLJ_2011_1_1000","CLJ 2011 1 1000.pdf"
,"CLJ_2011_1_1016","CLJ 2011 1 1016.pdf"
,"CLJ_2011_1_1034","CLJ 2011 1 1034.pdf"
,"CLJ_2011_1_1047","CLJ 2011 1 1047.pdf"
,"CLJ_2011_1_105","CLJ 2011 1 105.pdf"
,"CLJ_2011_1_116","CLJ 2011 1 116.pdf"
,"CLJ_2011_1_133","CLJ 2011 1 133.pdf"
,"CLJ_2011_1_15","CLJ 2011 1 15.pdf"
,"CLJ_2011_1_167","CLJ 2011 1 167.pdf"
,"CLJ_2011_1_197","CLJ 2011 1 197.pdf"
,"CLJ_2011_1_201","CLJ 2011 1 201.pdf"
,"CLJ_2011_1_210","CLJ 2011 1 210.pdf"
,"CLJ_2011_1_226","CLJ 2011 1 226.pdf"
,"CLJ_2011_1_247","CLJ 2011 1 247.pdf"
,"CLJ_2011_1_255","CLJ 2011 1 255.pdf"
,"CLJ_2011_1_273","CLJ 2011 1 273.pdf"
,"CLJ_2011_1_285","CLJ 2011 1 285.pdf"
,"CLJ_2011_1_318","CLJ 2011 1 318.pdf"
,"CLJ_2011_1_332","CLJ 2011 1 332.pdf"
,"CLJ_2011_1_343","CLJ 2011 1 343.pdf"
,"CLJ_2011_1_353","CLJ 2011 1 353.pdf"
,"CLJ_2011_1_360","CLJ 2011 1 360.pdf"
,"CLJ_2011_1_375","CLJ 2011 1 375.pdf"
,"CLJ_2011_1_394","CLJ 2011 1 394.pdf"
,"CLJ_2011_1_409","CLJ 2011 1 409.pdf"
,"CLJ_2011_1_41","CLJ 2011 1 41.pdf"
,"CLJ_2011_1_433","CLJ 2011 1 433.pdf"
,"CLJ_2011_1_445","CLJ 2011 1 445.pdf"
,"CLJ_2011_1_451","CLJ 2011 1 451.pdf"
,"CLJ_2011_1_460","CLJ 2011 1 460.pdf"
,"CLJ_2011_1_491","CLJ 2011 1 491.pdf"
,"CLJ_2011_1_51","CLJ 2011 1 51.pdf"
,"CLJ_2011_1_524","CLJ 2011 1 524.pdf"
,"CLJ_2011_1_533","CLJ 2011 1 533.pdf"
,"CLJ_2011_1_541","CLJ 2011 1 541.pdf"
,"CLJ_2011_1_568","CLJ 2011 1 568.pdf"
,"CLJ_2011_1_592","CLJ 2011 1 592.pdf"
,"CLJ_2011_1_615","CLJ 2011 1 615.pdf"
,"CLJ_2011_1_626","CLJ 2011 1 626.pdf"
,"CLJ_2011_1_643","CLJ 2011 1 643.pdf"
,"CLJ_2011_1_656","CLJ 2011 1 656.pdf"
,"CLJ_2011_1_665","CLJ 2011 1 665.pdf"
,"CLJ_2011_1_674","CLJ 2011 1 674.pdf"
,"CLJ_2011_1_716","CLJ 2011 1 716.pdf"
,"CLJ_2011_1_727","CLJ 2011 1 727.pdf"
,"CLJ_2011_1_739","CLJ 2011 1 739.pdf"
,"CLJ_2011_1_755","CLJ 2011 1 755.pdf"
,"CLJ_2011_1_785","CLJ 2011 1 785.pdf"
,"CLJ_2011_1_793","CLJ 2011 1 793.pdf"
,"CLJ_2011_1_805","CLJ 2011 1 805.pdf"
,"CLJ_2011_1_828","CLJ 2011 1 828.pdf"
,"CLJ_2011_1_85","CLJ 2011 1 85.pdf"
,"CLJ_2011_1_857","CLJ 2011 1 857.pdf"
,"CLJ_2011_1_870","CLJ 2011 1 870.pdf"
,"CLJ_2011_1_884","CLJ 2011 1 884.pdf"
,"CLJ_2011_1_898","CLJ 2011 1 898.pdf"
,"CLJ_2011_1_907","CLJ 2011 1 907.pdf"
,"CLJ_2011_1_917","CLJ 2011 1 917.pdf"
,"CLJ_2011_1_923","CLJ 2011 1 923.pdf"
,"CLJ_2011_1_933","CLJ 2011 1 933.pdf"
,"CLJ_2011_1_947","CLJ 2011 1 947.pdf"
,"CLJ_2011_1_95","CLJ 2011 1 95.pdf"
,"CLJ_2011_1_964","CLJ 2011 1 964.pdf"
,"CLJ_2011_1_977","CLJ 2011 1 977.pdf"
clj_2011_10,"CLJ_2011_10_1","CLJ 2011 10 1.pdf","Current Law Journal, 2011, Volume 10",[2011],texts,opensource
,"CLJ_2011_10_10","CLJ 2011 10 10.pdf"
,"CLJ_2011_10_116","CLJ 2011 10 116.pdf"
,"CLJ_2011_10_134","CLJ 2011 10 134.pdf"
,"CLJ_2011_10_150","CLJ 2011 10 150.pdf"
,"CLJ_2011_10_172","CLJ 2011 10 172.pdf"
,"CLJ_2011_10_186","CLJ 2011 10 186.pdf"
,"CLJ_2011_10_199","CLJ 2011 10 199.pdf"
,"CLJ_2011_10_21","CLJ 2011 10 21.pdf"
,"CLJ_2011_10_213","CLJ 2011 10 213.pdf"
,"CLJ_2011_10_227","CLJ 2011 10 227.pdf"
,"CLJ_2011_10_236","CLJ 2011 10 236.pdf"
,"CLJ_2011_10_242","CLJ 2011 10 242.pdf"
,"CLJ_2011_10_249","CLJ 2011 10 249.pdf"
,"CLJ_2011_10_262","CLJ 2011 10 262.pdf"
,"CLJ_2011_10_270","CLJ 2011 10 270.pdf"
,"CLJ_2011_10_276","CLJ 2011 10 276.pdf"
,"CLJ_2011_10_287","CLJ 2011 10 287.pdf"
,"CLJ_2011_10_305","CLJ 2011 10 305.pdf"
,"CLJ_2011_10_321","CLJ 2011 10 321.pdf"
,"CLJ_2011_10_330","CLJ 2011 10 330.pdf"
,"CLJ_2011_10_345","CLJ 2011 10 345.pdf"
,"CLJ_2011_10_364","CLJ 2011 10 364.pdf"
,"CLJ_2011_10_371","CLJ 2011 10 371.pdf"
,"CLJ_2011_10_391","CLJ 2011 10 391.pdf"
,"CLJ_2011_10_403","CLJ 2011 10 403.pdf"
,"CLJ_2011_10_421","CLJ 2011 10 421.pdf"
,"CLJ_2011_10_430","CLJ 2011 10 430.pdf"
,"CLJ_2011_10_440","CLJ 2011 10 440.pdf"
,"CLJ_2011_10_446","CLJ 2011 10 446.pdf"
,"CLJ_2011_10_460","CLJ 2011 10 460.pdf"
,"CLJ_2011_10_470","CLJ 2011 10 470.pdf"
,"CLJ_2011_10_484","CLJ 2011 10 484.pdf"
,"CLJ_2011_10_498","CLJ 2011 10 498.pdf"
,"CLJ_2011_10_51","CLJ 2011 10 51.pdf"
,"CLJ_2011_10_552","CLJ 2011 10 552.pdf"
,"CLJ_2011_10_559","CLJ 2011 10 559.pdf"
,"CLJ_2011_10_572","CLJ 2011 10 572.pdf"
,"CLJ_2011_10_580","CLJ 2011 10 580.pdf"
,"CLJ_2011_10_590","CLJ 2011 10 590.pdf"
,"CLJ_2011_10_608","CLJ 2011 10 608.pdf"
,"CLJ_2011_10_615","CLJ 2011 10 615.pdf"
,"CLJ_2011_10_628","CLJ 2011 10 628.pdf"
,"CLJ_2011_10_639","CLJ 2011 10 639.pdf"
,"CLJ_2011_10_652","CLJ 2011 10 652.pdf"
,"CLJ_2011_10_664","CLJ 2011 10 664.pdf"
,"CLJ_2011_10_679","CLJ 2011 10 679.pdf"
,"CLJ_2011_10_689","CLJ 2011 10 689.pdf"
,"CLJ_2011_10_703","CLJ 2011 10 703.pdf"
,"CLJ_2011_10_71","CLJ 2011 10 71.pdf"
,"CLJ_2011_10_725","CLJ 2011 10 725.pdf"
,"CLJ_2011_10_739","CLJ 2011 10 739.pdf"
,"CLJ_2011_10_750","CLJ 2011 10 750.pdf"
,"CLJ_2011_10_768","CLJ 2011 10 768.pdf"
,"CLJ_2011_10_783","CLJ 2011 10 783.pdf"
,"CLJ_2011_10_796","CLJ 2011 10 796.pdf"
,"CLJ_2011_10_806","CLJ 2011 10 806.pdf"
,"CLJ_2011_10_818","CLJ 2011 10 818.pdf"
,"CLJ_2011_10_838","CLJ 2011 10 838.pdf"
,"CLJ_2011_10_89","CLJ 2011 10 89.pdf"
clj_2011_2,"CLJ_2011_2_1","CLJ 2011 2 1.pdf","Current Law Journal, 2011, Volume 2",[2011],texts,opensource
,"CLJ_2011_2_100","CLJ 2011 2 100.pdf"
,"CLJ_2011_2_110","CLJ 2011 2 110.pdf"
,"CLJ_2011_2_136","CLJ 2011 2 136.pdf"
,"CLJ_2011_2_145","CLJ 2011 2 145.pdf"
,"CLJ_2011_2_16","CLJ 2011 2 16.pdf"
,"CLJ_2011_2_165","CLJ 2011 2 165.pdf"
,"CLJ_2011_2_178","CLJ 2011 2 178.pdf"
,"CLJ_2011_2_196","CLJ 2011 2 196.pdf"
,"CLJ_2011_2_204","CLJ 2011 2 204.pdf"
,"CLJ_2011_2_220","CLJ 2011 2 220.pdf"
,"CLJ_2011_2_228","CLJ 2011 2 228.pdf"
,"CLJ_2011_2_238","CLJ 2011 2 238.pdf"
,"CLJ_2011_2_25","CLJ 2011 2 25.pdf"
,"CLJ_2011_2_257","CLJ 2011 2 257.pdf"
,"CLJ_2011_2_269","CLJ 2011 2 269.pdf"
,"CLJ_2011_2_280","CLJ 2011 2 280.pdf"
,"CLJ_2011_2_290","CLJ 2011 2 290.pdf"
,"CLJ_2011_2_301","CLJ 2011 2 301.pdf"
,"CLJ_2011_2_313","CLJ 2011 2 313.pdf"
,"CLJ_2011_2_318","CLJ 2011 2 318.pdf"
,"CLJ_2011_2_329","CLJ 2011 2 329.pdf"
,"CLJ_2011_2_354","CLJ 2011 2 354.pdf"
,"CLJ_2011_2_360","CLJ 2011 2 360.pdf"
,"CLJ_2011_2_369","CLJ 2011 2 369.pdf"
,"CLJ_2011_2_377","CLJ 2011 2 377.pdf"
,"CLJ_2011_2_392","CLJ 2011 2 392.pdf"
,"CLJ_2011_2_441","CLJ 2011 2 441.pdf"
,"CLJ_2011_2_456","CLJ 2011 2 456.pdf"
,"CLJ_2011_2_46","CLJ 2011 2 46.pdf"
,"CLJ_2011_2_469","CLJ 2011 2 469.pdf"
,"CLJ_2011_2_481","CLJ 2011 2 481.pdf"
,"CLJ_2011_2_508","CLJ 2011 2 508.pdf"
,"CLJ_2011_2_519","CLJ 2011 2 519.pdf"
,"CLJ_2011_2_534","CLJ 2011 2 534.pdf"
,"CLJ_2011_2_545","CLJ 2011 2 545.pdf"
,"CLJ_2011_2_560","CLJ 2011 2 560.pdf"
,"CLJ_2011_2_569","CLJ 2011 2 569.pdf"
,"CLJ_2011_2_585","CLJ 2011 2 585.pdf"
,"CLJ_2011_2_596","CLJ 2011 2 596.pdf"
,"CLJ_2011_2_609","CLJ 2011 2 609.pdf"
,"CLJ_2011_2_619","CLJ 2011 2 619.pdf"
,"CLJ_2011_2_630","CLJ 2011 2 630.pdf"
,"CLJ_2011_2_653","CLJ 2011 2 653.pdf"
,"CLJ_2011_2_678","CLJ 2011 2 678.pdf"
,"CLJ_2011_2_695","CLJ 2011 2 695.pdf"
,"CLJ_2011_2_709","CLJ 2011 2 709.pdf"
,"CLJ_2011_2_753","CLJ 2011 2 753.pdf"
,"CLJ_2011_2_772","CLJ 2011 2 772.pdf"
,"CLJ_2011_2_789","CLJ 2011 2 789.pdf"
,"CLJ_2011_2_801","CLJ 2011 2 801.pdf"
,"CLJ_2011_2_826","CLJ 2011 2 826.pdf"
,"CLJ_2011_2_835","CLJ 2011 2 835.pdf"
,"CLJ_2011_2_845","CLJ 2011 2 845.pdf"
,"CLJ_2011_2_863","CLJ 2011 2 863.pdf"
,"CLJ_2011_2_879","CLJ 2011 2 879.pdf"
,"CLJ_2011_2_890","CLJ 2011 2 890.pdf"
,"CLJ_2011_2_912","CLJ 2011 2 912.pdf"
,"CLJ_2011_2_923","CLJ 2011 2 923.pdf"
,"CLJ_2011_2_934","CLJ 2011 2 934.pdf"
,"CLJ_2011_2_95","CLJ 2011 2 95.pdf"
clj_2011_3,"CLJ_2011_3_1","CLJ 2011 3 1.pdf","Current Law Journal, 2011, Volume 3",[2011],texts,opensource
,"CLJ_2011_3_102","CLJ 2011 3 102.pdf"
,"CLJ_2011_3_117","CLJ 2011 3 117.pdf"
,"CLJ_2011_3_127","CLJ 2011 3 127.pdf"
,"CLJ_2011_3_144","CLJ 2011 3 144.pdf"
,"CLJ_2011_3_159","CLJ 2011 3 159.pdf"
,"CLJ_2011_3_16","CLJ 2011 3 16.pdf"
,"CLJ_2011_3_184","CLJ 2011 3 184.pdf"
,"CLJ_2011_3_196","CLJ 2011 3 196.pdf"
,"CLJ_2011_3_213","CLJ 2011 3 213.pdf"
,"CLJ_2011_3_228","CLJ 2011 3 228.pdf"
,"CLJ_2011_3_241","CLJ 2011 3 241.pdf"
,"CLJ_2011_3_251","CLJ 2011 3 251.pdf"
,"CLJ_2011_3_272","CLJ 2011 3 272.pdf"
,"CLJ_2011_3_281","CLJ 2011 3 281.pdf"
,"CLJ_2011_3_294","CLJ 2011 3 294.pdf"
,"CLJ_2011_3_308","CLJ 2011 3 308.pdf"
,"CLJ_2011_3_331","CLJ 2011 3 331.pdf"
,"CLJ_2011_3_35","CLJ 2011 3 35.pdf"
,"CLJ_2011_3_353","CLJ 2011 3 353.pdf"
,"CLJ_2011_3_366","CLJ 2011 3 366.pdf"
,"CLJ_2011_3_372","CLJ 2011 3 372.pdf"
,"CLJ_2011_3_383","CLJ 2011 3 383.pdf"
,"CLJ_2011_3_401","CLJ 2011 3 401.pdf"
,"CLJ_2011_3_409","CLJ 2011 3 409.pdf"
,"CLJ_2011_3_419","CLJ 2011 3 419.pdf"
,"CLJ_2011_3_424","CLJ 2011 3 424.pdf"
,"CLJ_2011_3_469","CLJ 2011 3 469.pdf"
,"CLJ_2011_3_484","CLJ 2011 3 484.pdf"
,"CLJ_2011_3_510","CLJ 2011 3 510.pdf"
,"CLJ_2011_3_529","CLJ 2011 3 529.pdf"
,"CLJ_2011_3_538","CLJ 2011 3 538.pdf"
,"CLJ_2011_3_557","CLJ 2011 3 557.pdf"
,"CLJ_2011_3_567","CLJ 2011 3 567.pdf"
,"CLJ_2011_3_582","CLJ 2011 3 582.pdf"
,"CLJ_2011_3_593","CLJ 2011 3 593.pdf"
,"CLJ_2011_3_601","CLJ 2011 3 601.pdf"
,"CLJ_2011_3_632","CLJ 2011 3 632.pdf"
,"CLJ_2011_3_652","CLJ 2011 3 652.pdf"
,"CLJ_2011_3_662","CLJ 2011 3 662.pdf"
,"CLJ_2011_3_687","CLJ 2011 3 687.pdf"
,"CLJ_2011_3_707","CLJ 2011 3 707.pdf"
,"CLJ_2011_3_713","CLJ 2011 3 713.pdf"
,"CLJ_2011_3_722","CLJ 2011 3 722.pdf"
,"CLJ_2011_3_751","CLJ 2011 3 751.pdf"
,"CLJ_2011_3_76","CLJ 2011 3 76.pdf"
,"CLJ_2011_3_770","CLJ 2011 3 770.pdf"
,"CLJ_2011_3_791","CLJ 2011 3 791.pdf"
,"CLJ_2011_3_814","CLJ 2011 3 814.pdf"
,"CLJ_2011_3_823","CLJ 2011 3 823.pdf"
,"CLJ_2011_3_831","CLJ 2011 3 831.pdf"
,"CLJ_2011_3_837","CLJ 2011 3 837.pdf"
,"CLJ_2011_3_854","CLJ 2011 3 854.pdf"
,"CLJ_2011_3_861","CLJ 2011 3 861.pdf"
,"CLJ_2011_3_868","CLJ 2011 3 868.pdf"
,"CLJ_2011_3_88","CLJ 2011 3 88.pdf"
,"CLJ_2011_3_906","CLJ 2011 3 906.pdf"
,"CLJ_2011_3_929","CLJ 2011 3 929.pdf"
,"CLJ_2011_3_946","CLJ 2011 3 946.pdf"
,"CLJ_2011_3_97","CLJ 2011 3 97.pdf"
clj_2011_4,"CLJ_2011_4_1","CLJ 2011 4 1.pdf","Current Law Journal, 2011, Volume 4",[2011],texts,opensource
,"CLJ_2011_4_113","CLJ 2011 4 113.pdf"
,"CLJ_2011_4_128","CLJ 2011 4 128.pdf"
,"CLJ_2011_4_142","CLJ 2011 4 142.pdf"
,"CLJ_2011_4_16","CLJ 2011 4 16.pdf"
,"CLJ_2011_4_160","CLJ 2011 4 160.pdf"
,"CLJ_2011_4_179","CLJ 2011 4 179.pdf"
,"CLJ_2011_4_196","CLJ 2011 4 196.pdf"
,"CLJ_2011_4_215","CLJ 2011 4 215.pdf"
,"CLJ_2011_4_237","CLJ 2011 4 237.pdf"
,"CLJ_2011_4_250","CLJ 2011 4 250.pdf"
,"CLJ_2011_4_261","CLJ 2011 4 261.pdf"
,"CLJ_2011_4_276","CLJ 2011 4 276.pdf"
,"CLJ_2011_4_286","CLJ 2011 4 286.pdf"
,"CLJ_2011_4_312","CLJ 2011 4 312.pdf"
,"CLJ_2011_4_328","CLJ 2011 4 328.pdf"
,"CLJ_2011_4_352","CLJ 2011 4 352.pdf"
,"CLJ_2011_4_361","CLJ 2011 4 361.pdf"
,"CLJ_2011_4_369","CLJ 2011 4 369.pdf"
,"CLJ_2011_4_378","CLJ 2011 4 378.pdf"
,"CLJ_2011_4_397","CLJ 2011 4 397.pdf"
,"CLJ_2011_4_416","CLJ 2011 4 416.pdf"
,"CLJ_2011_4_42","CLJ 2011 4 42.pdf"
,"CLJ_2011_4_433","CLJ 2011 4 433.pdf"
,"CLJ_2011_4_441","CLJ 2011 4 441.pdf"
,"CLJ_2011_4_465","CLJ 2011 4 465.pdf"
,"CLJ_2011_4_473","CLJ 2011 4 473.pdf"
,"CLJ_2011_4_485","CLJ 2011 4 485.pdf"
,"CLJ_2011_4_505","CLJ 2011 4 505.pdf"
,"CLJ_2011_4_532","CLJ 2011 4 532.pdf"
,"CLJ_2011_4_545","CLJ 2011 4 545.pdf"
,"CLJ_2011_4_554","CLJ 2011 4 554.pdf"
,"CLJ_2011_4_56","CLJ 2011 4 56.pdf"
,"CLJ_2011_4_566","CLJ 2011 4 566.pdf"
,"CLJ_2011_4_593","CLJ 2011 4 593.pdf"
,"CLJ_2011_4_613","CLJ 2011 4 613.pdf"
,"CLJ_2011_4_630","CLJ 2011 4 630.pdf"
,"CLJ_2011_4_64","CLJ 2011 4 64.pdf"
,"CLJ_2011_4_654","CLJ 2011 4 654.pdf"
,"CLJ_2011_4_694","CLJ 2011 4 694.pdf"
,"CLJ_2011_4_710","CLJ 2011 4 710.pdf"
,"CLJ_2011_4_729","CLJ 2011 4 729.pdf"
,"CLJ_2011_4_751","CLJ 2011 4 751.pdf"
,"CLJ_2011_4_758","CLJ 2011 4 758.pdf"
,"CLJ_2011_4_77","CLJ 2011 4 77.pdf"
,"CLJ_2011_4_838","CLJ 2011 4 838.pdf"
,"CLJ_2011_4_849","CLJ 2011 4 849.pdf"
,"CLJ_2011_4_85","CLJ 2011 4 85.pdf"
,"CLJ_2011_4_861","CLJ 2011 4 861.pdf"
,"CLJ_2011_4_873","CLJ 2011 4 873.pdf"
,"CLJ_2011_4_903","CLJ 2011 4 903.pdf"
,"CLJ_2011_4_909","CLJ 2011 4 909.pdf"
,"CLJ_2011_4_922","CLJ 2011 4 922.pdf"
,"CLJ_2011_4_93","CLJ 2011 4 93.pdf"
,"CLJ_2011_4_930","CLJ 2011 4 930.pdf"
,"CLJ_2011_4_959","CLJ 2011 4 959.pdf"
clj_2011_5,"CLJ_2011_5_1","CLJ 2011 5 1.pdf","Current Law Journal, 2011, Volume 5",[2011],texts,opensource
,"CLJ_2011_5_111","CLJ 2011 5 111.pdf"
,"CLJ_2011_5_125","CLJ 2011 5 125.pdf"
,"CLJ_2011_5_136","CLJ 2011 5 136.pdf"
,"CLJ_2011_5_152","CLJ 2011 5 152.pdf"
,"CLJ_2011_5_159","CLJ 2011 5 159.pdf"
,"CLJ_2011_5_171","CLJ 2011 5 171.pdf"
,"CLJ_2011_5_188","CLJ 2011 5 188.pdf"
,"CLJ_2011_5_205","CLJ 2011 5 205.pdf"
,"CLJ_2011_5_222","CLJ 2011 5 222.pdf"
,"CLJ_2011_5_237","CLJ 2011 5 237.pdf"
,"CLJ_2011_5_259","CLJ 2011 5 259.pdf"
,"CLJ_2011_5_276","CLJ 2011 5 276.pdf"
,"CLJ_2011_5_286","CLJ 2011 5 286.pdf"
,"CLJ_2011_5_296","CLJ 2011 5 296.pdf"
,"CLJ_2011_5_310","CLJ 2011 5 310.pdf"
,"CLJ_2011_5_331","CLJ 2011 5 331.pdf"
,"CLJ_2011_5_345","CLJ 2011 5 345.pdf"
,"CLJ_2011_5_355","CLJ 2011 5 355.pdf"
,"CLJ_2011_5_369","CLJ 2011 5 369.pdf"
,"CLJ_2011_5_40","CLJ 2011 5 40.pdf"
,"CLJ_2011_5_433","CLJ 2011 5 433.pdf"
,"CLJ_2011_5_443","CLJ 2011 5 443.pdf"
,"CLJ_2011_5_454","CLJ 2011 5 454.pdf"
,"CLJ_2011_5_459","CLJ 2011 5 459.pdf"
,"CLJ_2011_5_466","CLJ 2011 5 466.pdf"
,"CLJ_2011_5_472","CLJ 2011 5 472.pdf"
,"CLJ_2011_5_481","CLJ 2011 5 481.pdf"
,"CLJ_2011_5_500","CLJ 2011 5 500.pdf"
,"CLJ_2011_5_509","CLJ 2011 5 509.pdf"
,"CLJ_2011_5_524","CLJ 2011 5 524.pdf"
,"CLJ_2011_5_541","CLJ 2011 5 541.pdf"
,"CLJ_2011_5_552","CLJ 2011 5 552.pdf"
,"CLJ_2011_5_56","CLJ 2011 5 56.pdf"
,"CLJ_2011_5_564","CLJ 2011 5 564.pdf"
,"CLJ_2011_5_580","CLJ 2011 5 580.pdf"
,"CLJ_2011_5_589","CLJ 2011 5 589.pdf"
,"CLJ_2011_5_608","CLJ 2011 5 608.pdf"
,"CLJ_2011_5_622","CLJ 2011 5 622.pdf"
,"CLJ_2011_5_630","CLJ 2011 5 630.pdf"
,"CLJ_2011_5_650","CLJ 2011 5 650.pdf"
,"CLJ_2011_5_660","CLJ 2011 5 660.pdf"
,"CLJ_2011_5_674","CLJ 2011 5 674.pdf"
,"CLJ_2011_5_686","CLJ 2011 5 686.pdf"
,"CLJ_2011_5_696","CLJ 2011 5 696.pdf"
,"CLJ_2011_5_705","CLJ 2011 5 705.pdf"
,"CLJ_2011_5_720","CLJ 2011 5 720.pdf"
,"CLJ_2011_5_74","CLJ 2011 5 74.pdf"
,"CLJ_2011_5_744","CLJ 2011 5 744.pdf"
,"CLJ_2011_5_755","CLJ 2011 5 755.pdf"
,"CLJ_2011_5_778","CLJ 2011 5 778.pdf"
,"CLJ_2011_5_791","CLJ 2011 5 791.pdf"
,"CLJ_2011_5_807","CLJ 2011 5 807.pdf"
,"CLJ_2011_5_821","CLJ 2011 5 821.pdf"
,"CLJ_2011_5_829","CLJ 2011 5 829.pdf"
,"CLJ_2011_5_83","CLJ 2011 5 83.pdf"
,"CLJ_2011_5_850","CLJ 2011 5 850.pdf"
,"CLJ_2011_5_866","CLJ 2011 5 866.pdf"
,"CLJ_2011_5_886","CLJ 2011 5 886.pdf"
,"CLJ_2011_5_896","CLJ 2011 5 896.pdf"
,"CLJ_2011_5_906","CLJ 2011 5 906.pdf"
,"CLJ_2011_5_916","CLJ 2011 5 916.pdf"
,"CLJ_2011_5_932","CLJ 2011 5 932.pdf"
,"CLJ_2011_5_97","CLJ 2011 5 97.pdf"
clj_2011_6,"CLJ_2011_6_1","CLJ 2011 6 1.pdf","Current Law Journal, 2011, Volume 6",[2011],texts,opensource
,"CLJ_2011_6_101","CLJ 2011 6 101.pdf"
,"CLJ_2011_6_114","CLJ 2011 6 114.pdf"
,"CLJ_2011_6_129","CLJ 2011 6 129.pdf"
,"CLJ_2011_6_137","CLJ 2011 6 137.pdf"
,"CLJ_2011_6_14","CLJ 2011 6 14.pdf"
,"CLJ_2011_6_150","CLJ 2011 6 150.pdf"
,"CLJ_2011_6_155","CLJ 2011 6 155.pdf"
,"CLJ_2011_6_180","CLJ 2011 6 180.pdf"
,"CLJ_2011_6_189","CLJ 2011 6 189.pdf"
,"CLJ_2011_6_219","CLJ 2011 6 219.pdf"
,"CLJ_2011_6_225","CLJ 2011 6 225.pdf"
,"CLJ_2011_6_246","CLJ 2011 6 246.pdf"
,"CLJ_2011_6_267","CLJ 2011 6 267.pdf"
,"CLJ_2011_6_277","CLJ 2011 6 277.pdf"
,"CLJ_2011_6_28","CLJ 2011 6 28.pdf"
,"CLJ_2011_6_289","CLJ 2011 6 289.pdf"
,"CLJ_2011_6_295","CLJ 2011 6 295.pdf"
,"CLJ_2011_6_307","CLJ 2011 6 307.pdf"
,"CLJ_2011_6_322","CLJ 2011 6 322.pdf"
,"CLJ_2011_6_352","CLJ 2011 6 352.pdf"
,"CLJ_2011_6_377","CLJ 2011 6 377.pdf"
,"CLJ_2011_6_387","CLJ 2011 6 387.pdf"
,"CLJ_2011_6_399","CLJ 2011 6 399.pdf"
,"CLJ_2011_6_407","CLJ 2011 6 407.pdf"
,"CLJ_2011_6_415","CLJ 2011 6 415.pdf"
,"CLJ_2011_6_451","CLJ 2011 6 451.pdf"
,"CLJ_2011_6_467","CLJ 2011 6 467.pdf"
,"CLJ_2011_6_47","CLJ 2011 6 47.pdf"
,"CLJ_2011_6_477","CLJ 2011 6 477.pdf"
,"CLJ_2011_6_493","CLJ 2011 6 493.pdf"
,"CLJ_2011_6_522","CLJ 2011 6 522.pdf"
,"CLJ_2011_6_542","CLJ 2011 6 542.pdf"
,"CLJ_2011_6_557","CLJ 2011 6 557.pdf"
,"CLJ_2011_6_567","CLJ 2011 6 567.pdf"
,"CLJ_2011_6_583","CLJ 2011 6 583.pdf"
,"CLJ_2011_6_596","CLJ 2011 6 596.pdf"
,"CLJ_2011_6_62","CLJ 2011 6 62.pdf"
,"CLJ_2011_6_625","CLJ 2011 6 625.pdf"
,"CLJ_2011_6_638","CLJ 2011 6 638.pdf"
,"CLJ_2011_6_649","CLJ 2011 6 649.pdf"
,"CLJ_2011_6_658","CLJ 2011 6 658.pdf"
,"CLJ_2011_6_674","CLJ 2011 6 674.pdf"
,"CLJ_2011_6_684","CLJ 2011 6 684.pdf"
,"CLJ_2011_6_700","CLJ 2011 6 700.pdf"
,"CLJ_2011_6_715","CLJ 2011 6 715.pdf"
,"CLJ_2011_6_733","CLJ 2011 6 733.pdf"
,"CLJ_2011_6_743","CLJ 2011 6 743.pdf"
,"CLJ_2011_6_759","CLJ 2011 6 759.pdf"
,"CLJ_2011_6_774","CLJ 2011 6 774.pdf"
,"CLJ_2011_6_782","CLJ 2011 6 782.pdf"
,"CLJ_2011_6_799","CLJ 2011 6 799.pdf"
,"CLJ_2011_6_812","CLJ 2011 6 812.pdf"
,"CLJ_2011_6_829","CLJ 2011 6 829.pdf"
,"CLJ_2011_6_849","CLJ 2011 6 849.pdf"
,"CLJ_2011_6_858","CLJ 2011 6 858.pdf"
,"CLJ_2011_6_911","CLJ 2011 6 911.pdf"
,"CLJ_2011_6_923","CLJ 2011 6 923.pdf"
,"CLJ_2011_6_937","CLJ 2011 6 937.pdf"
,"CLJ_2011_6_953","CLJ 2011 6 953.pdf"
clj_2011_7,"CLJ_2011_7_1","CLJ 2011 7 1.pdf","Current Law Journal, 2011, Volume 7",[2011],texts,opensource
,"CLJ_2011_7_1005","CLJ 2011 7 1005.pdf"
,"CLJ_2011_7_105","CLJ 2011 7 105.pdf"
,"CLJ_2011_7_121","CLJ 2011 7 121.pdf"
,"CLJ_2011_7_130","CLJ 2011 7 130.pdf"
,"CLJ_2011_7_145","CLJ 2011 7 145.pdf"
,"CLJ_2011_7_158","CLJ 2011 7 158.pdf"
,"CLJ_2011_7_179","CLJ 2011 7 179.pdf"
,"CLJ_2011_7_197","CLJ 2011 7 197.pdf"
,"CLJ_2011_7_21","CLJ 2011 7 21.pdf"
,"CLJ_2011_7_215","CLJ 2011 7 215.pdf"
,"CLJ_2011_7_233","CLJ 2011 7 233.pdf"
,"CLJ_2011_7_253","CLJ 2011 7 253.pdf"
,"CLJ_2011_7_287","CLJ 2011 7 287.pdf"
,"CLJ_2011_7_297","CLJ 2011 7 297.pdf"
,"CLJ_2011_7_318","CLJ 2011 7 318.pdf"
,"CLJ_2011_7_342","CLJ 2011 7 342.pdf"
,"CLJ_2011_7_360","CLJ 2011 7 360.pdf"
,"CLJ_2011_7_37","CLJ 2011 7 37.pdf"
,"CLJ_2011_7_373","CLJ 2011 7 373.pdf"
,"CLJ_2011_7_401","CLJ 2011 7 401.pdf"
,"CLJ_2011_7_433","CLJ 2011 7 433.pdf"
,"CLJ_2011_7_442","CLJ 2011 7 442.pdf"
,"CLJ_2011_7_46","CLJ 2011 7 46.pdf"
,"CLJ_2011_7_478","CLJ 2011 7 478.pdf"
,"CLJ_2011_7_498","CLJ 2011 7 498.pdf"
,"CLJ_2011_7_518","CLJ 2011 7 518.pdf"
,"CLJ_2011_7_544","CLJ 2011 7 544.pdf"
,"CLJ_2011_7_557","CLJ 2011 7 557.pdf"
,"CLJ_2011_7_571","CLJ 2011 7 571.pdf"
,"CLJ_2011_7_583","CLJ 2011 7 583.pdf"
,"CLJ_2011_7_594","CLJ 2011 7 594.pdf"
,"CLJ_2011_7_613","CLJ 2011 7 613.pdf"
,"CLJ_2011_7_627","CLJ 2011 7 627.pdf"
,"CLJ_2011_7_63","CLJ 2011 7 63.pdf"
,"CLJ_2011_7_645","CLJ 2011 7 645.pdf"
,"CLJ_2011_7_662","CLJ 2011 7 662.pdf"
,"CLJ_2011_7_681","CLJ 2011 7 681.pdf"
,"CLJ_2011_7_700","CLJ 2011 7 700.pdf"
,"CLJ_2011_7_707","CLJ 2011 7 707.pdf"
,"CLJ_2011_7_721","CLJ 2011 7 721.pdf"
,"CLJ_2011_7_73","CLJ 2011 7 73.pdf"
,"CLJ_2011_7_756","CLJ 2011 7 756.pdf"
,"CLJ_2011_7_764","CLJ 2011 7 764.pdf"
,"CLJ_2011_7_778","CLJ 2011 7 778.pdf"
,"CLJ_2011_7_797","CLJ 2011 7 797.pdf"
,"CLJ_2011_7_821","CLJ 2011 7 821.pdf"
,"CLJ_2011_7_840","CLJ 2011 7 840.pdf"
,"CLJ_2011_7_852","CLJ 2011 7 852.pdf"
,"CLJ_2011_7_865","CLJ 2011 7 865.pdf"
,"CLJ_2011_7_882","CLJ 2011 7 882.pdf"
,"CLJ_2011_7_895","CLJ 2011 7 895.pdf"
,"CLJ_2011_7_909","CLJ 2011 7 909.pdf"
,"CLJ_2011_7_927","CLJ 2011 7 927.pdf"
,"CLJ_2011_7_942","CLJ 2011 7 942.pdf"
,"CLJ_2011_7_958","CLJ 2011 7 958.pdf"
,"CLJ_2011_7_978","CLJ 2011 7 978.pdf"
,"CLJ_2011_7_995","CLJ 2011 7 995.pdf"
clj_2011_8,"CLJ_2011_8_1","CLJ 2011 8 1.pdf","Current Law Journal, 2011, Volume 8",[2011],texts,opensource
,"CLJ_2011_8_111","CLJ 2011 8 111.pdf"
,"CLJ_2011_8_141","CLJ 2011 8 141.pdf"
,"CLJ_2011_8_172","CLJ 2011 8 172.pdf"
,"CLJ_2011_8_190","CLJ 2011 8 190.pdf"
,"CLJ_2011_8_20","CLJ 2011 8 20.pdf"
,"CLJ_2011_8_208","CLJ 2011 8 208.pdf"
,"CLJ_2011_8_222","CLJ 2011 8 222.pdf"
,"CLJ_2011_8_236","CLJ 2011 8 236.pdf"
,"CLJ_2011_8_255","CLJ 2011 8 255.pdf"
,"CLJ_2011_8_269","CLJ 2011 8 269.pdf"
,"CLJ_2011_8_288","CLJ 2011 8 288.pdf"
,"CLJ_2011_8_307","CLJ 2011 8 307.pdf"
,"CLJ_2011_8_324","CLJ 2011 8 324.pdf"
,"CLJ_2011_8_346","CLJ 2011 8 346.pdf"
,"CLJ_2011_8_359","CLJ 2011 8 359.pdf"
,"CLJ_2011_8_373","CLJ 2011 8 373.pdf"
,"CLJ_2011_8_38","CLJ 2011 8 38.pdf"
,"CLJ_2011_8_393","CLJ 2011 8 393.pdf"
,"CLJ_2011_8_406","CLJ 2011 8 406.pdf"
,"CLJ_2011_8_439","CLJ 2011 8 439.pdf"
,"CLJ_2011_8_455","CLJ 2011 8 455.pdf"
,"CLJ_2011_8_476","CLJ 2011 8 476.pdf"
,"CLJ_2011_8_484","CLJ 2011 8 484.pdf"
,"CLJ_2011_8_501","CLJ 2011 8 501.pdf"
,"CLJ_2011_8_509","CLJ 2011 8 509.pdf"
,"CLJ_2011_8_518","CLJ 2011 8 518.pdf"
,"CLJ_2011_8_527","CLJ 2011 8 527.pdf"
,"CLJ_2011_8_53","CLJ 2011 8 53.pdf"
,"CLJ_2011_8_541","CLJ 2011 8 541.pdf"
,"CLJ_2011_8_557","CLJ 2011 8 557.pdf"
,"CLJ_2011_8_574","CLJ 2011 8 574.pdf"
,"CLJ_2011_8_598","CLJ 2011 8 598.pdf"
,"CLJ_2011_8_625","CLJ 2011 8 625.pdf"
,"CLJ_2011_8_633","CLJ 2011 8 633.pdf"
,"CLJ_2011_8_645","CLJ 2011 8 645.pdf"
,"CLJ_2011_8_658","CLJ 2011 8 658.pdf"
,"CLJ_2011_8_691","CLJ 2011 8 691.pdf"
,"CLJ_2011_8_718","CLJ 2011 8 718.pdf"
,"CLJ_2011_8_72","CLJ 2011 8 72.pdf"
,"CLJ_2011_8_749","CLJ 2011 8 749.pdf"
,"CLJ_2011_8_766","CLJ 2011 8 766.pdf"
,"CLJ_2011_8_830","CLJ 2011 8 830.pdf"
,"CLJ_2011_8_848","CLJ 2011 8 848.pdf"
,"CLJ_2011_8_859","CLJ 2011 8 859.pdf"
,"CLJ_2011_8_876","CLJ 2011 8 876.pdf"
,"CLJ_2011_8_883","CLJ 2011 8 883.pdf"
,"CLJ_2011_8_893","CLJ 2011 8 893.pdf"
,"CLJ_2011_8_90","CLJ 2011 8 90.pdf"
,"CLJ_2011_8_903","CLJ 2011 8 903.pdf"
,"CLJ_2011_8_913","CLJ 2011 8 913.pdf"
,"CLJ_2011_8_927","CLJ 2011 8 927.pdf"
,"CLJ_2011_8_945","CLJ 2011 8 945.pdf"
,"CLJ_2011_8_951","CLJ 2011 8 951.pdf"
clj_2011_9,"CLJ_2011_9_1","CLJ 2011 9 1.pdf","Current Law Journal, 2011, Volume 9",[2011],texts,opensource
,"CLJ_2011_9_113","CLJ 2011 9 113.pdf"
,"CLJ_2011_9_125","CLJ 2011 9 125.pdf"
,"CLJ_2011_9_133","CLJ 2011 9 133.pdf"
,"CLJ_2011_9_153","CLJ 2011 9 153.pdf"
,"CLJ_2011_9_16","CLJ 2011 9 16.pdf"
,"CLJ_2011_9_172","CLJ 2011 9 172.pdf"
,"CLJ_2011_9_189","CLJ 2011 9 189.pdf"
,"CLJ_2011_9_198","CLJ 2011 9 198.pdf"
,"CLJ_2011_9_208","CLJ 2011 9 208.pdf"
,"CLJ_2011_9_235","CLJ 2011 9 235.pdf"
,"CLJ_2011_9_257","CLJ 2011 9 257.pdf"
,"CLJ_2011_9_285","CLJ 2011 9 285.pdf"
,"CLJ_2011_9_299","CLJ 2011 9 299.pdf"
,"CLJ_2011_9_311","CLJ 2011 9 311.pdf"
,"CLJ_2011_9_320","CLJ 2011 9 320.pdf"
,"CLJ_2011_9_331","CLJ 2011 9 331.pdf"
,"CLJ_2011_9_345","CLJ 2011 9 345.pdf"
,"CLJ_2011_9_361","CLJ 2011 9 361.pdf"
,"CLJ_2011_9_376","CLJ 2011 9 376.pdf"
,"CLJ_2011_9_394","CLJ 2011 9 394.pdf"
,"CLJ_2011_9_406","CLJ 2011 9 406.pdf"
,"CLJ_2011_9_426","CLJ 2011 9 426.pdf"
,"CLJ_2011_9_439","CLJ 2011 9 439.pdf"
,"CLJ_2011_9_459","CLJ 2011 9 459.pdf"
,"CLJ_2011_9_477","CLJ 2011 9 477.pdf"
,"CLJ_2011_9_488","CLJ 2011 9 488.pdf"
,"CLJ_2011_9_498","CLJ 2011 9 498.pdf"
,"CLJ_2011_9_50","CLJ 2011 9 50.pdf"
,"CLJ_2011_9_536","CLJ 2011 9 536.pdf"
,"CLJ_2011_9_569","CLJ 2011 9 569.pdf"
,"CLJ_2011_9_577","CLJ 2011 9 577.pdf"
,"CLJ_2011_9_581","CLJ 2011 9 581.pdf"
,"CLJ_2011_9_605","CLJ 2011 9 605.pdf"
,"CLJ_2011_9_619","CLJ 2011 9 619.pdf"
,"CLJ_2011_9_645","CLJ 2011 9 645.pdf"
,"CLJ_2011_9_660","CLJ 2011 9 660.pdf"
,"CLJ_2011_9_670","CLJ 2011 9 670.pdf"
,"CLJ_2011_9_682","CLJ 2011 9 682.pdf"
,"CLJ_2011_9_689","CLJ 2011 9 689.pdf"
,"CLJ_2011_9_705","CLJ 2011 9 705.pdf"
,"CLJ_2011_9_721","CLJ 2011 9 721.pdf"
,"CLJ_2011_9_748","CLJ 2011 9 748.pdf"
,"CLJ_2011_9_774","CLJ 2011 9 774.pdf"
,"CLJ_2011_9_794","CLJ 2011 9 794.pdf"
,"CLJ_2011_9_814","CLJ 2011 9 814.pdf"
,"CLJ_2011_9_833","CLJ 2011 9 833.pdf"
,"CLJ_2011_9_84","CLJ 2011 9 84.pdf"
,"CLJ_2011_9_859","CLJ 2011 9 859.pdf"
,"CLJ_2011_9_873","CLJ 2011 9 873.pdf"
,"CLJ_2011_9_901","CLJ 2011 9 901.pdf"
,"CLJ_2011_9_907","CLJ 2011 9 907.pdf"
,"CLJ_2011_9_916","CLJ 2011 9 916.pdf"
,"CLJ_2011_9_92","CLJ 2011 9 92.pdf"
,"CLJ_2011_9_945","CLJ 2011 9 945.pdf"
clj_2012_1,"CLJ_2012_1_1","CLJ 2012 1 1.pdf","Current Law Journal, 2012, Volume 1",[2012],texts,opensource
,"CLJ_2012_1_1013","CLJ 2012 1 1013.pdf"
,"CLJ_2012_1_1022","CLJ 2012 1 1022.pdf"
,"CLJ_2012_1_103","CLJ 2012 1 103.pdf"
,"CLJ_2012_1_1047","CLJ 2012 1 1047.pdf"
,"CLJ_2012_1_115","CLJ 2012 1 115.pdf"
,"CLJ_2012_1_130","CLJ 2012 1 130.pdf"
,"CLJ_2012_1_141","CLJ 2012 1 141.pdf"
,"CLJ_2012_1_153","CLJ 2012 1 153.pdf"
,"CLJ_2012_1_165","CLJ 2012 1 165.pdf"
,"CLJ_2012_1_176","CLJ 2012 1 176.pdf"
,"CLJ_2012_1_206","CLJ 2012 1 206.pdf"
,"CLJ_2012_1_218","CLJ 2012 1 218.pdf"
,"CLJ_2012_1_228","CLJ 2012 1 228.pdf"
,"CLJ_2012_1_249","CLJ 2012 1 249.pdf"
,"CLJ_2012_1_257","CLJ 2012 1 257.pdf"
,"CLJ_2012_1_268","CLJ 2012 1 268.pdf"
,"CLJ_2012_1_285","CLJ 2012 1 285.pdf"
,"CLJ_2012_1_293","CLJ 2012 1 293.pdf"
,"CLJ_2012_1_301","CLJ 2012 1 301.pdf"
,"CLJ_2012_1_310","CLJ 2012 1 310.pdf"
,"CLJ_2012_1_323","CLJ 2012 1 323.pdf"
,"CLJ_2012_1_346","CLJ 2012 1 346.pdf"
,"CLJ_2012_1_358","CLJ 2012 1 358.pdf"
,"CLJ_2012_1_429","CLJ 2012 1 429.pdf"
,"CLJ_2012_1_448","CLJ 2012 1 448.pdf"
,"CLJ_2012_1_49","CLJ 2012 1 49.pdf"
,"CLJ_2012_1_506","CLJ 2012 1 506.pdf"
,"CLJ_2012_1_522","CLJ 2012 1 522.pdf"
,"CLJ_2012_1_534","CLJ 2012 1 534.pdf"
,"CLJ_2012_1_542","CLJ 2012 1 542.pdf"
,"CLJ_2012_1_569","CLJ 2012 1 569.pdf"
,"CLJ_2012_1_581","CLJ 2012 1 581.pdf"
,"CLJ_2012_1_601","CLJ 2012 1 601.pdf"
,"CLJ_2012_1_610","CLJ 2012 1 610.pdf"
,"CLJ_2012_1_649","CLJ 2012 1 649.pdf"
,"CLJ_2012_1_66","CLJ 2012 1 66.pdf"
,"CLJ_2012_1_678","CLJ 2012 1 678.pdf"
,"CLJ_2012_1_693","CLJ 2012 1 693.pdf"
,"CLJ_2012_1_704","CLJ 2012 1 704.pdf"
,"CLJ_2012_1_712","CLJ 2012 1 712.pdf"
,"CLJ_2012_1_724","CLJ 2012 1 724.pdf"
,"CLJ_2012_1_749","CLJ 2012 1 749.pdf"
,"CLJ_2012_1_75","CLJ 2012 1 75.pdf"
,"CLJ_2012_1_769","CLJ 2012 1 769.pdf"
,"CLJ_2012_1_786","CLJ 2012 1 786.pdf"
,"CLJ_2012_1_805","CLJ 2012 1 805.pdf"
,"CLJ_2012_1_825","CLJ 2012 1 825.pdf"
,"CLJ_2012_1_848","CLJ 2012 1 848.pdf"
,"CLJ_2012_1_862","CLJ 2012 1 862.pdf"
,"CLJ_2012_1_875","CLJ 2012 1 875.pdf"
,"CLJ_2012_1_88","CLJ 2012 1 88.pdf"
,"CLJ_2012_1_893","CLJ 2012 1 893.pdf"
,"CLJ_2012_1_923","CLJ 2012 1 923.pdf"
,"CLJ_2012_1_937","CLJ 2012 1 937.pdf"
,"CLJ_2012_1_959","CLJ 2012 1 959.pdf"
,"CLJ_2012_1_996","CLJ 2012 1 996.pdf"
clj_2012_10,"CLJ_2012_10_1","CLJ 2012 10 1.pdf","Current Law Journal, 2012, Volume 10",[2012],texts,opensource
,"CLJ_2012_10_104","CLJ 2012 10 104.pdf"
,"CLJ_2012_10_111","CLJ 2012 10 111.pdf"
,"CLJ_2012_10_118","CLJ 2012 10 118.pdf"
,"CLJ_2012_10_12","CLJ 2012 10 12.pdf"
,"CLJ_2012_10_128","CLJ 2012 10 128.pdf"
,"CLJ_2012_10_151","CLJ 2012 10 151.pdf"
,"CLJ_2012_10_159","CLJ 2012 10 159.pdf"
,"CLJ_2012_10_167","CLJ 2012 10 167.pdf"
,"CLJ_2012_10_180","CLJ 2012 10 180.pdf"
,"CLJ_2012_10_189","CLJ 2012 10 189.pdf"
,"CLJ_2012_10_217","CLJ 2012 10 217.pdf"
,"CLJ_2012_10_22","CLJ 2012 10 22.pdf"
,"CLJ_2012_10_231","CLJ 2012 10 231.pdf"
,"CLJ_2012_10_248","CLJ 2012 10 248.pdf"
,"CLJ_2012_10_261","CLJ 2012 10 261.pdf"
,"CLJ_2012_10_273","CLJ 2012 10 273.pdf"
,"CLJ_2012_10_287","CLJ 2012 10 287.pdf"
,"CLJ_2012_10_321","CLJ 2012 10 321.pdf"
,"CLJ_2012_10_340","CLJ 2012 10 340.pdf"
,"CLJ_2012_10_350","CLJ 2012 10 350.pdf"
,"CLJ_2012_10_389","CLJ 2012 10 389.pdf"
,"CLJ_2012_10_399","CLJ 2012 10 399.pdf"
,"CLJ_2012_10_406","CLJ 2012 10 406.pdf"
,"CLJ_2012_10_416","CLJ 2012 10 416.pdf"
,"CLJ_2012_10_439","CLJ 2012 10 439.pdf"
,"CLJ_2012_10_463","CLJ 2012 10 463.pdf"
,"CLJ_2012_10_468","CLJ 2012 10 468.pdf"
,"CLJ_2012_10_479","CLJ 2012 10 479.pdf"
,"CLJ_2012_10_499","CLJ 2012 10 499.pdf"
,"CLJ_2012_10_507","CLJ 2012 10 507.pdf"
,"CLJ_2012_10_538","CLJ 2012 10 538.pdf"
,"CLJ_2012_10_545","CLJ 2012 10 545.pdf"
,"CLJ_2012_10_577","CLJ 2012 10 577.pdf"
,"CLJ_2012_10_584","CLJ 2012 10 584.pdf"
,"CLJ_2012_10_593","CLJ 2012 10 593.pdf"
,"CLJ_2012_10_604","CLJ 2012 10 604.pdf"
,"CLJ_2012_10_612","CLJ 2012 10 612.pdf"
,"CLJ_2012_10_626","CLJ 2012 10 626.pdf"
,"CLJ_2012_10_634","CLJ 2012 10 634.pdf"
,"CLJ_2012_10_646","CLJ 2012 10 646.pdf"
,"CLJ_2012_10_658","CLJ 2012 10 658.pdf"
,"CLJ_2012_10_666","CLJ 2012 10 666.pdf"
,"CLJ_2012_10_674","CLJ 2012 10 674.pdf"
,"CLJ_2012_10_692","CLJ 2012 10 692.pdf"
,"CLJ_2012_10_698","CLJ 2012 10 698.pdf"
,"CLJ_2012_10_70","CLJ 2012 10 70.pdf"
,"CLJ_2012_10_712","CLJ 2012 10 712.pdf"
,"CLJ_2012_10_723","CLJ 2012 10 723.pdf"
,"CLJ_2012_10_746","CLJ 2012 10 746.pdf"
,"CLJ_2012_10_761","CLJ 2012 10 761.pdf"
,"CLJ_2012_10_767","CLJ 2012 10 767.pdf"
,"CLJ_2012_10_773","CLJ 2012 10 773.pdf"
,"CLJ_2012_10_782","CLJ 2012 10 782.pdf"
,"CLJ_2012_10_795","CLJ 2012 10 795.pdf"
,"CLJ_2012_10_818","CLJ 2012 10 818.pdf"
,"CLJ_2012_10_82","CLJ 2012 10 82.pdf"
,"CLJ_2012_10_831","CLJ 2012 10 831.pdf"
,"CLJ_2012_10_840","CLJ 2012 10 840.pdf"
,"CLJ_2012_10_855","CLJ 2012 10 855.pdf"
,"CLJ_2012_10_867","CLJ 2012 10 867.pdf"
,"CLJ_2012_10_876","CLJ 2012 10 876.pdf"
,"CLJ_2012_10_88","CLJ 2012 10 88.pdf"
,"CLJ_2012_10_890","CLJ 2012 10 890.pdf"
,"CLJ_2012_10_96","CLJ 2012 10 96.pdf"
clj_2012_2,"CLJ_2012_2_1","CLJ 2012 2 1.pdf","Current Law Journal, 2012, Volume 2",[2012],texts,opensource
,"CLJ_2012_2_1006","CLJ 2012 2 1006.pdf"
,"CLJ_2012_2_1046","CLJ 2012 2 1046.pdf"
,"CLJ_2012_2_1064","CLJ 2012 2 1064.pdf"
,"CLJ_2012_2_1076","CLJ 2012 2 1076.pdf"
,"CLJ_2012_2_1094","CLJ 2012 2 1094.pdf"
,"CLJ_2012_2_115","CLJ 2012 2 115.pdf"
,"CLJ_2012_2_135","CLJ 2012 2 135.pdf"
,"CLJ_2012_2_16","CLJ 2012 2 16.pdf"
,"CLJ_2012_2_165","CLJ 2012 2 165.pdf"
,"CLJ_2012_2_178","CLJ 2012 2 178.pdf"
,"CLJ_2012_2_199","CLJ 2012 2 199.pdf"
,"CLJ_2012_2_211","CLJ 2012 2 211.pdf"
,"CLJ_2012_2_222","CLJ 2012 2 222.pdf"
,"CLJ_2012_2_232","CLJ 2012 2 232.pdf"
,"CLJ_2012_2_239","CLJ 2012 2 239.pdf"
,"CLJ_2012_2_252","CLJ 2012 2 252.pdf"
,"CLJ_2012_2_273","CLJ 2012 2 273.pdf"
,"CLJ_2012_2_288","CLJ 2012 2 288.pdf"
,"CLJ_2012_2_301","CLJ 2012 2 301.pdf"
,"CLJ_2012_2_317","CLJ 2012 2 317.pdf"
,"CLJ_2012_2_326","CLJ 2012 2 326.pdf"
,"CLJ_2012_2_361","CLJ 2012 2 361.pdf"
,"CLJ_2012_2_378","CLJ 2012 2 378.pdf"
,"CLJ_2012_2_389","CLJ 2012 2 389.pdf"
,"CLJ_2012_2_405","CLJ 2012 2 405.pdf"
,"CLJ_2012_2_417","CLJ 2012 2 417.pdf"
,"CLJ_2012_2_438","CLJ 2012 2 438.pdf"
,"CLJ_2012_2_458","CLJ 2012 2 458.pdf"
,"CLJ_2012_2_476","CLJ 2012 2 476.pdf"
,"CLJ_2012_2_488","CLJ 2012 2 488.pdf"
,"CLJ_2012_2_501","CLJ 2012 2 501.pdf"
,"CLJ_2012_2_535","CLJ 2012 2 535.pdf"
,"CLJ_2012_2_56","CLJ 2012 2 56.pdf"
,"CLJ_2012_2_603","CLJ 2012 2 603.pdf"
,"CLJ_2012_2_619","CLJ 2012 2 619.pdf"
,"CLJ_2012_2_649","CLJ 2012 2 649.pdf"
,"CLJ_2012_2_65","CLJ 2012 2 65.pdf"
,"CLJ_2012_2_663","CLJ 2012 2 663.pdf"
,"CLJ_2012_2_687","CLJ 2012 2 687.pdf"
,"CLJ_2012_2_712","CLJ 2012 2 712.pdf"
,"CLJ_2012_2_81","CLJ 2012 2 81.pdf"
,"CLJ_2012_2_849","CLJ 2012 2 849.pdf"
,"CLJ_2012_2_868","CLJ 2012 2 868.pdf"
,"CLJ_2012_2_886","CLJ 2012 2 886.pdf"
,"CLJ_2012_2_906","CLJ 2012 2 906.pdf"
,"CLJ_2012_2_922","CLJ 2012 2 922.pdf"
,"CLJ_2012_2_941","CLJ 2012 2 941.pdf"
,"CLJ_2012_2_96","CLJ 2012 2 96.pdf"
,"CLJ_2012_2_960","CLJ 2012 2 960.pdf"
,"CLJ_2012_2_985","CLJ 2012 2 985.pdf"
clj_2012_3,"CLJ_2012_3_1","CLJ 2012 3 1.pdf","Current Law Journal, 2012, Volume 3",[2012],texts,opensource
,"CLJ_2012_3_1016","CLJ 2012 3 1016.pdf"
,"CLJ_2012_3_1041","CLJ 2012 3 1041.pdf"
,"CLJ_2012_3_117","CLJ 2012 3 117.pdf"
,"CLJ_2012_3_135","CLJ 2012 3 135.pdf"
,"CLJ_2012_3_160","CLJ 2012 3 160.pdf"
,"CLJ_2012_3_181","CLJ 2012 3 181.pdf"
,"CLJ_2012_3_200","CLJ 2012 3 200.pdf"
,"CLJ_2012_3_235","CLJ 2012 3 235.pdf"
,"CLJ_2012_3_249","CLJ 2012 3 249.pdf"
,"CLJ_2012_3_271","CLJ 2012 3 271.pdf"
,"CLJ_2012_3_293","CLJ 2012 3 293.pdf"
,"CLJ_2012_3_302","CLJ 2012 3 302.pdf"
,"CLJ_2012_3_323","CLJ 2012 3 323.pdf"
,"CLJ_2012_3_338","CLJ 2012 3 338.pdf"
,"CLJ_2012_3_351","CLJ 2012 3 351.pdf"
,"CLJ_2012_3_360","CLJ 2012 3 360.pdf"
,"CLJ_2012_3_385","CLJ 2012 3 385.pdf"
,"CLJ_2012_3_401","CLJ 2012 3 401.pdf"
,"CLJ_2012_3_41","CLJ 2012 3 41.pdf"
,"CLJ_2012_3_423","CLJ 2012 3 423.pdf"
,"CLJ_2012_3_450","CLJ 2012 3 450.pdf"
,"CLJ_2012_3_459","CLJ 2012 3 459.pdf"
,"CLJ_2012_3_477","CLJ 2012 3 477.pdf"
,"CLJ_2012_3_499","CLJ 2012 3 499.pdf"
,"CLJ_2012_3_513","CLJ 2012 3 513.pdf"
,"CLJ_2012_3_52","CLJ 2012 3 52.pdf"
,"CLJ_2012_3_521","CLJ 2012 3 521.pdf"
,"CLJ_2012_3_551","CLJ 2012 3 551.pdf"
,"CLJ_2012_3_577","CLJ 2012 3 577.pdf"
,"CLJ_2012_3_606","CLJ 2012 3 606.pdf"
,"CLJ_2012_3_619","CLJ 2012 3 619.pdf"
,"CLJ_2012_3_632","CLJ 2012 3 632.pdf"
,"CLJ_2012_3_654","CLJ 2012 3 654.pdf"
,"CLJ_2012_3_661","CLJ 2012 3 661.pdf"
,"CLJ_2012_3_678","CLJ 2012 3 678.pdf"
,"CLJ_2012_3_692","CLJ 2012 3 692.pdf"
,"CLJ_2012_3_708","CLJ 2012 3 708.pdf"
,"CLJ_2012_3_724","CLJ 2012 3 724.pdf"
,"CLJ_2012_3_741","CLJ 2012 3 741.pdf"
,"CLJ_2012_3_766","CLJ 2012 3 766.pdf"
,"CLJ_2012_3_81","CLJ 2012 3 81.pdf"
,"CLJ_2012_3_813","CLJ 2012 3 813.pdf"
,"CLJ_2012_3_824","CLJ 2012 3 824.pdf"
,"CLJ_2012_3_837","CLJ 2012 3 837.pdf"
,"CLJ_2012_3_846","CLJ 2012 3 846.pdf"
,"CLJ_2012_3_860","CLJ 2012 3 860.pdf"
,"CLJ_2012_3_87","CLJ 2012 3 87.pdf"
,"CLJ_2012_3_870","CLJ 2012 3 870.pdf"
,"CLJ_2012_3_885","CLJ 2012 3 885.pdf"
,"CLJ_2012_3_906","CLJ 2012 3 906.pdf"
,"CLJ_2012_3_913","CLJ 2012 3 913.pdf"
,"CLJ_2012_3_924","CLJ 2012 3 924.pdf"
,"CLJ_2012_3_937","CLJ 2012 3 937.pdf"
,"CLJ_2012_3_983","CLJ 2012 3 983.pdf"
clj_2012_4,"CLJ_2012_4_1","CLJ 2012 4 1.pdf","Current Law Journal, 2012, Volume 4",[2012],texts,opensource
,"CLJ_2012_4_1064","CLJ 2012 4 1064.pdf"
,"CLJ_2012_4_15","CLJ 2012 4 15.pdf"
,"CLJ_2012_4_193","CLJ 2012 4 193.pdf"
,"CLJ_2012_4_207","CLJ 2012 4 207.pdf"
,"CLJ_2012_4_223","CLJ 2012 4 223.pdf"
,"CLJ_2012_4_237","CLJ 2012 4 237.pdf"
,"CLJ_2012_4_255","CLJ 2012 4 255.pdf"
,"CLJ_2012_4_269","CLJ 2012 4 269.pdf"
,"CLJ_2012_4_292","CLJ 2012 4 292.pdf"
,"CLJ_2012_4_309","CLJ 2012 4 309.pdf"
,"CLJ_2012_4_337","CLJ 2012 4 337.pdf"
,"CLJ_2012_4_351","CLJ 2012 4 351.pdf"
,"CLJ_2012_4_356","CLJ 2012 4 356.pdf"
,"CLJ_2012_4_371","CLJ 2012 4 371.pdf"
,"CLJ_2012_4_384","CLJ 2012 4 384.pdf"
,"CLJ_2012_4_401","CLJ 2012 4 401.pdf"
,"CLJ_2012_4_445","CLJ 2012 4 445.pdf"
,"CLJ_2012_4_478","CLJ 2012 4 478.pdf"
,"CLJ_2012_4_494","CLJ 2012 4 494.pdf"
,"CLJ_2012_4_504","CLJ 2012 4 504.pdf"
,"CLJ_2012_4_532","CLJ 2012 4 532.pdf"
,"CLJ_2012_4_576","CLJ 2012 4 576.pdf"
,"CLJ_2012_4_589","CLJ 2012 4 589.pdf"
,"CLJ_2012_4_601","CLJ 2012 4 601.pdf"
,"CLJ_2012_4_613","CLJ 2012 4 613.pdf"
,"CLJ_2012_4_624","CLJ 2012 4 624.pdf"
,"CLJ_2012_4_670","CLJ 2012 4 670.pdf"
,"CLJ_2012_4_681","CLJ 2012 4 681.pdf"
,"CLJ_2012_4_694","CLJ 2012 4 694.pdf"
,"CLJ_2012_4_717","CLJ 2012 4 717.pdf"
,"CLJ_2012_4_736","CLJ 2012 4 736.pdf"
,"CLJ_2012_4_748","CLJ 2012 4 748.pdf"
,"CLJ_2012_4_774","CLJ 2012 4 774.pdf"
,"CLJ_2012_4_783","CLJ 2012 4 783.pdf"
,"CLJ_2012_4_793","CLJ 2012 4 793.pdf"
,"CLJ_2012_4_805","CLJ 2012 4 805.pdf"
,"CLJ_2012_4_813","CLJ 2012 4 813.pdf"
,"CLJ_2012_4_84","CLJ 2012 4 84.pdf"
,"CLJ_2012_4_844","CLJ 2012 4 844.pdf"
,"CLJ_2012_4_853","CLJ 2012 4 853.pdf"
,"CLJ_2012_4_864","CLJ 2012 4 864.pdf"
,"CLJ_2012_4_872","CLJ 2012 4 872.pdf"
,"CLJ_2012_4_894","CLJ 2012 4 894.pdf"
,"CLJ_2012_4_907","CLJ 2012 4 907.pdf"
,"CLJ_2012_4_941","CLJ 2012 4 941.pdf"
,"CLJ_2012_4_951","CLJ 2012 4 951.pdf"
,"CLJ_2012_4_956","CLJ 2012 4 956.pdf"
,"CLJ_2012_4_973","CLJ 2012 4 973.pdf"
,"CLJ_2012_4_987","CLJ 2012 4 987.pdf"
,"CLJ_2012_4_997","CLJ 2012 4 997.pdf"
clj_2012_5,"CLJ_2012_5_1","CLJ 2012 5 1.pdf","Current Law Journal, 2012, Volume 5",[2012],texts,opensource
,"CLJ_2012_5_120","CLJ 2012 5 120.pdf"
,"CLJ_2012_5_133","CLJ 2012 5 133.pdf"
,"CLJ_2012_5_147","CLJ 2012 5 147.pdf"
,"CLJ_2012_5_161","CLJ 2012 5 161.pdf"
,"CLJ_2012_5_169","CLJ 2012 5 169.pdf"
,"CLJ_2012_5_229","CLJ 2012 5 229.pdf"
,"CLJ_2012_5_238","CLJ 2012 5 238.pdf"
,"CLJ_2012_5_246","CLJ 2012 5 246.pdf"
,"CLJ_2012_5_261","CLJ 2012 5 261.pdf"
,"CLJ_2012_5_273","CLJ 2012 5 273.pdf"
,"CLJ_2012_5_284","CLJ 2012 5 284.pdf"
,"CLJ_2012_5_296","CLJ 2012 5 296.pdf"
,"CLJ_2012_5_323","CLJ 2012 5 323.pdf"
,"CLJ_2012_5_33","CLJ 2012 5 33.pdf"
,"CLJ_2012_5_337","CLJ 2012 5 337.pdf"
,"CLJ_2012_5_349","CLJ 2012 5 349.pdf"
,"CLJ_2012_5_360","CLJ 2012 5 360.pdf"
,"CLJ_2012_5_389","CLJ 2012 5 389.pdf"

,"CLJ_2012_5_418","CLJ 2012 5 418.pdf"
,"CLJ_2012_5_428","CLJ 2012 5 428.pdf"
,"CLJ_2012_5_466","CLJ 2012 5 466.pdf"
,"CLJ_2012_5_481","CLJ 2012 5 481.pdf"
,"CLJ_2012_5_537","CLJ 2012 5 537.pdf"
,"CLJ_2012_5_553","CLJ 2012 5 553.pdf"
,"CLJ_2012_5_561","CLJ 2012 5 561.pdf"
,"CLJ_2012_5_580","CLJ 2012 5 580.pdf"
,"CLJ_2012_5_61","CLJ 2012 5 61.pdf"
,"CLJ_2012_5_651","CLJ 2012 5 651.pdf"
,"CLJ_2012_5_659","CLJ 2012 5 659.pdf"
,"CLJ_2012_5_669","CLJ 2012 5 669.pdf"
,"CLJ_2012_5_684","CLJ 2012 5 684.pdf"
,"CLJ_2012_5_716","CLJ 2012 5 716.pdf"
,"CLJ_2012_5_723","CLJ 2012 5 723.pdf"
,"CLJ_2012_5_735","CLJ 2012 5 735.pdf"
,"CLJ_2012_5_749","CLJ 2012 5 749.pdf"
,"CLJ_2012_5_773","CLJ 2012 5 773.pdf"
,"CLJ_2012_5_781","CLJ 2012 5 781.pdf"
,"CLJ_2012_5_794","CLJ 2012 5 794.pdf"
,"CLJ_2012_5_800","CLJ 2012 5 800.pdf"
,"CLJ_2012_5_821","CLJ 2012 5 821.pdf"
,"CLJ_2012_5_851","CLJ 2012 5 851.pdf"
,"CLJ_2012_5_86","CLJ 2012 5 86.pdf"
,"CLJ_2012_5_868","CLJ 2012 5 868.pdf"
,"CLJ_2012_5_880","CLJ 2012 5 880.pdf"
,"CLJ_2012_5_885","CLJ 2012 5 885.pdf"
,"CLJ_2012_5_900","CLJ 2012 5 900.pdf"
,"CLJ_2012_5_915","CLJ 2012 5 915.pdf"
,"CLJ_2012_5_920","CLJ 2012 5 920.pdf"
,"CLJ_2012_5_938","CLJ 2012 5 938.pdf"
,"CLJ_2012_5_944","CLJ 2012 5 944.pdf"
,"CLJ_2012_5_956","CLJ 2012 5 956.pdf"
,"CLJ_2012_5_983","CLJ 2012 5 983.pdf"
,"CLJ_2012_5_991","CLJ 2012 5 991.pdf"
clj_2012_6,"CLJ_2012_6_1","CLJ 2012 6 1.pdf","Current Law Journal, 2012, Volume 6",[2012],texts,opensource
,"CLJ_2012_6_108","CLJ 2012 6 108.pdf"
,"CLJ_2012_6_117","CLJ 2012 6 117.pdf"
,"CLJ_2012_6_134","CLJ 2012 6 134.pdf"
,"CLJ_2012_6_143","CLJ 2012 6 143.pdf"
,"CLJ_2012_6_156","CLJ 2012 6 156.pdf"
,"CLJ_2012_6_17","CLJ 2012 6 17.pdf"
,"CLJ_2012_6_180","CLJ 2012 6 180.pdf"
,"CLJ_2012_6_184","CLJ 2012 6 184.pdf"
,"CLJ_2012_6_191","CLJ 2012 6 191.pdf"
,"CLJ_2012_6_206","CLJ 2012 6 206.pdf"
,"CLJ_2012_6_217","CLJ 2012 6 217.pdf"
,"CLJ_2012_6_236","CLJ 2012 6 236.pdf"
,"CLJ_2012_6_254","CLJ 2012 6 254.pdf"
,"CLJ_2012_6_266","CLJ 2012 6 266.pdf"
,"CLJ_2012_6_284","CLJ 2012 6 284.pdf"
,"CLJ_2012_6_29","CLJ 2012 6 29.pdf"
,"CLJ_2012_6_294","CLJ 2012 6 294.pdf"
,"CLJ_2012_6_316","CLJ 2012 6 316.pdf"
,"CLJ_2012_6_337","CLJ 2012 6 337.pdf"
,"CLJ_2012_6_357","CLJ 2012 6 357.pdf"
,"CLJ_2012_6_36","CLJ 2012 6 36.pdf"
,"CLJ_2012_6_370","CLJ 2012 6 370.pdf"
,"CLJ_2012_6_383","CLJ 2012 6 383.pdf"
,"CLJ_2012_6_394","CLJ 2012 6 394.pdf"
,"CLJ_2012_6_417","CLJ 2012 6 417.pdf"
,"CLJ_2012_6_423","CLJ 2012 6 423.pdf"
,"CLJ_2012_6_457","CLJ 2012 6 457.pdf"
,"CLJ_2012_6_47","CLJ 2012 6 47.pdf"
,"CLJ_2012_6_471","CLJ 2012 6 471.pdf"
,"CLJ_2012_6_481","CLJ 2012 6 481.pdf"
,"CLJ_2012_6_503","CLJ 2012 6 503.pdf"
,"CLJ_2012_6_523","CLJ 2012 6 523.pdf"
,"CLJ_2012_6_540","CLJ 2012 6 540.pdf"
,"CLJ_2012_6_563","CLJ 2012 6 563.pdf"
,"CLJ_2012_6_573","CLJ 2012 6 573.pdf"
,"CLJ_2012_6_592","CLJ 2012 6 592.pdf"
,"CLJ_2012_6_624","CLJ 2012 6 624.pdf"
,"CLJ_2012_6_641","CLJ 2012 6 641.pdf"
,"CLJ_2012_6_662","CLJ 2012 6 662.pdf"
,"CLJ_2012_6_676","CLJ 2012 6 676.pdf"
,"CLJ_2012_6_681","CLJ 2012 6 681.pdf"
,"CLJ_2012_6_693","CLJ 2012 6 693.pdf"
,"CLJ_2012_6_704","CLJ 2012 6 704.pdf"
,"CLJ_2012_6_728","CLJ 2012 6 728.pdf"
,"CLJ_2012_6_765","CLJ 2012 6 765.pdf"
,"CLJ_2012_6_781","CLJ 2012 6 781.pdf"
,"CLJ_2012_6_786","CLJ 2012 6 786.pdf"
,"CLJ_2012_6_80","CLJ 2012 6 80.pdf"
,"CLJ_2012_6_809","CLJ 2012 6 809.pdf"
,"CLJ_2012_6_823","CLJ 2012 6 823.pdf"
,"CLJ_2012_6_851","CLJ 2012 6 851.pdf"
,"CLJ_2012_6_865","CLJ 2012 6 865.pdf"
,"CLJ_2012_6_879","CLJ 2012 6 879.pdf"
,"CLJ_2012_6_901","CLJ 2012 6 901.pdf"
,"CLJ_2012_6_93","CLJ 2012 6 93.pdf"
clj_2012_7,"CLJ_2012_7_1","CLJ 2012 7 1.pdf","Current Law Journal, 2012, Volume 7",[2012],texts,opensource
,"CLJ_2012_7_113","CLJ 2012 7 113.pdf"
,"CLJ_2012_7_137","CLJ 2012 7 137.pdf"
,"CLJ_2012_7_141","CLJ 2012 7 141.pdf"
,"CLJ_2012_7_149","CLJ 2012 7 149.pdf"
,"CLJ_2012_7_16","CLJ 2012 7 16.pdf"
,"CLJ_2012_7_170","CLJ 2012 7 170.pdf"
,"CLJ_2012_7_180","CLJ 2012 7 180.pdf"
,"CLJ_2012_7_196","CLJ 2012 7 196.pdf"
,"CLJ_2012_7_205","CLJ 2012 7 205.pdf"
,"CLJ_2012_7_220","CLJ 2012 7 220.pdf"
,"CLJ_2012_7_236","CLJ 2012 7 236.pdf"
,"CLJ_2012_7_257","CLJ 2012 7 257.pdf"
,"CLJ_2012_7_271","CLJ 2012 7 271.pdf"
,"CLJ_2012_7_292","CLJ 2012 7 292.pdf"
,"CLJ_2012_7_310","CLJ 2012 7 310.pdf"
,"CLJ_2012_7_337","CLJ 2012 7 337.pdf"
,"CLJ_2012_7_35","CLJ 2012 7 35.pdf"
,"CLJ_2012_7_351","CLJ 2012 7 351.pdf"
,"CLJ_2012_7_361","CLJ 2012 7 361.pdf"
,"CLJ_2012_7_372","CLJ 2012 7 372.pdf"
,"CLJ_2012_7_385","CLJ 2012 7 385.pdf"
,"CLJ_2012_7_407","CLJ 2012 7 407.pdf"
,"CLJ_2012_7_43","CLJ 2012 7 43.pdf"
,"CLJ_2012_7_431","CLJ 2012 7 431.pdf"
,"CLJ_2012_7_445","CLJ 2012 7 445.pdf"
,"CLJ_2012_7_458","CLJ 2012 7 458.pdf"
,"CLJ_2012_7_476","CLJ 2012 7 476.pdf"
,"CLJ_2012_7_490","CLJ 2012 7 490.pdf"
,"CLJ_2012_7_499","CLJ 2012 7 499.pdf"
,"CLJ_2012_7_531","CLJ 2012 7 531.pdf"
,"CLJ_2012_7_540","CLJ 2012 7 540.pdf"
,"CLJ_2012_7_557","CLJ 2012 7 557.pdf"
,"CLJ_2012_7_580","CLJ 2012 7 580.pdf"
,"CLJ_2012_7_593","CLJ 2012 7 593.pdf"
,"CLJ_2012_7_609","CLJ 2012 7 609.pdf"
,"CLJ_2012_7_623","CLJ 2012 7 623.pdf"
,"CLJ_2012_7_651","CLJ 2012 7 651.pdf"
,"CLJ_2012_7_66","CLJ 2012 7 66.pdf"
,"CLJ_2012_7_678","CLJ 2012 7 678.pdf"
,"CLJ_2012_7_685","CLJ 2012 7 685.pdf"
,"CLJ_2012_7_693","CLJ 2012 7 693.pdf"
,"CLJ_2012_7_715","CLJ 2012 7 715.pdf"
,"CLJ_2012_7_731","CLJ 2012 7 731.pdf"
,"CLJ_2012_7_743","CLJ 2012 7 743.pdf"
,"CLJ_2012_7_757","CLJ 2012 7 757.pdf"
,"CLJ_2012_7_77","CLJ 2012 7 77.pdf"
,"CLJ_2012_7_777","CLJ 2012 7 777.pdf"
,"CLJ_2012_7_789","CLJ 2012 7 789.pdf"
,"CLJ_2012_7_802","CLJ 2012 7 802.pdf"
,"CLJ_2012_7_823","CLJ 2012 7 823.pdf"
,"CLJ_2012_7_830","CLJ 2012 7 830.pdf"
,"CLJ_2012_7_845","CLJ 2012 7 845.pdf"
,"CLJ_2012_7_862","CLJ 2012 7 862.pdf"
,"CLJ_2012_7_878","CLJ 2012 7 878.pdf"
,"CLJ_2012_7_89","CLJ 2012 7 89.pdf"
,"CLJ_2012_7_94","CLJ 2012 7 94.pdf"
clj_2012_8,"CLJ_2012_8_1","CLJ 2012 8 1.pdf","Current Law Journal, 2012, Volume 8",[2012],texts,opensource
,"CLJ_2012_8_1005","CLJ 2012 8 1005.pdf"
,"CLJ_2012_8_105","CLJ 2012 8 105.pdf"
,"CLJ_2012_8_119","CLJ 2012 8 119.pdf"
,"CLJ_2012_8_133","CLJ 2012 8 133.pdf"
,"CLJ_2012_8_164","CLJ 2012 8 164.pdf"
,"CLJ_2012_8_195","CLJ 2012 8 195.pdf"
,"CLJ_2012_8_213","CLJ 2012 8 213.pdf"
,"CLJ_2012_8_221","CLJ 2012 8 221.pdf"
,"CLJ_2012_8_231","CLJ 2012 8 231.pdf"
,"CLJ_2012_8_247","CLJ 2012 8 247.pdf"
,"CLJ_2012_8_285","CLJ 2012 8 285.pdf"
,"CLJ_2012_8_29","CLJ 2012 8 29.pdf"
,"CLJ_2012_8_296","CLJ 2012 8 296.pdf"
,"CLJ_2012_8_311","CLJ 2012 8 311.pdf"
,"CLJ_2012_8_334","CLJ 2012 8 334.pdf"
,"CLJ_2012_8_351","CLJ 2012 8 351.pdf"
,"CLJ_2012_8_360","CLJ 2012 8 360.pdf"
,"CLJ_2012_8_388","CLJ 2012 8 388.pdf"
,"CLJ_2012_8_405","CLJ 2012 8 405.pdf"
,"CLJ_2012_8_41","CLJ 2012 8 41.pdf"
,"CLJ_2012_8_419","CLJ 2012 8 419.pdf"
,"CLJ_2012_8_440","CLJ 2012 8 440.pdf"
,"CLJ_2012_8_457","CLJ 2012 8 457.pdf"
,"CLJ_2012_8_477","CLJ 2012 8 477.pdf"
,"CLJ_2012_8_490","CLJ 2012 8 490.pdf"
,"CLJ_2012_8_506","CLJ 2012 8 506.pdf"
,"CLJ_2012_8_513","CLJ 2012 8 513.pdf"
,"CLJ_2012_8_537","CLJ 2012 8 537.pdf"
,"CLJ_2012_8_549","CLJ 2012 8 549.pdf"
,"CLJ_2012_8_563","CLJ 2012 8 563.pdf"
,"CLJ_2012_8_583","CLJ 2012 8 583.pdf"
,"CLJ_2012_8_601","CLJ 2012 8 601.pdf"
,"CLJ_2012_8_621","CLJ 2012 8 621.pdf"
,"CLJ_2012_8_626","CLJ 2012 8 626.pdf"
,"CLJ_2012_8_63","CLJ 2012 8 63.pdf"
,"CLJ_2012_8_645","CLJ 2012 8 645.pdf"
,"CLJ_2012_8_667","CLJ 2012 8 667.pdf"
,"CLJ_2012_8_678","CLJ 2012 8 678.pdf"
,"CLJ_2012_8_706","CLJ 2012 8 706.pdf"
,"CLJ_2012_8_72","CLJ 2012 8 72.pdf"
,"CLJ_2012_8_729","CLJ 2012 8 729.pdf"
,"CLJ_2012_8_740","CLJ 2012 8 740.pdf"
,"CLJ_2012_8_757","CLJ 2012 8 757.pdf"
,"CLJ_2012_8_773","CLJ 2012 8 773.pdf"
,"CLJ_2012_8_801","CLJ 2012 8 801.pdf"
,"CLJ_2012_8_823","CLJ 2012 8 823.pdf"
,"CLJ_2012_8_832","CLJ 2012 8 832.pdf"
,"CLJ_2012_8_846","CLJ 2012 8 846.pdf"
,"CLJ_2012_8_858","CLJ 2012 8 858.pdf"
,"CLJ_2012_8_885","CLJ 2012 8 885.pdf"
,"CLJ_2012_8_89","CLJ 2012 8 89.pdf"
,"CLJ_2012_8_905","CLJ 2012 8 905.pdf"
,"CLJ_2012_8_933","CLJ 2012 8 933.pdf"
,"CLJ_2012_8_939","CLJ 2012 8 939.pdf"
,"CLJ_2012_8_956","CLJ 2012 8 956.pdf"
,"CLJ_2012_8_995","CLJ 2012 8 995.pdf"
clj_2012_9,"CLJ_2012_9_1","CLJ 2012 9 1.pdf","Current Law Journal, 2012, Volume 9",[2012],texts,opensource
,"CLJ_2012_9_1003","CLJ 2012 9 1003.pdf"
,"CLJ_2012_9_1014","CLJ 2012 9 1014.pdf"
,"CLJ_2012_9_1029","CLJ 2012 9 1029.pdf"
,"CLJ_2012_9_1045","CLJ 2012 9 1045.pdf"
,"CLJ_2012_9_1071","CLJ 2012 9 1071.pdf"
,"CLJ_2012_9_108","CLJ 2012 9 108.pdf"
,"CLJ_2012_9_119","CLJ 2012 9 119.pdf"
,"CLJ_2012_9_129","CLJ 2012 9 129.pdf"
,"CLJ_2012_9_141","CLJ 2012 9 141.pdf"
,"CLJ_2012_9_158","CLJ 2012 9 158.pdf"
,"CLJ_2012_9_168","CLJ 2012 9 168.pdf"
,"CLJ_2012_9_183","CLJ 2012 9 183.pdf"
,"CLJ_2012_9_208","CLJ 2012 9 208.pdf"
,"CLJ_2012_9_21","CLJ 2012 9 21.pdf"
,"CLJ_2012_9_219","CLJ 2012 9 219.pdf"
,"CLJ_2012_9_234","CLJ 2012 9 234.pdf"
,"CLJ_2012_9_262","CLJ 2012 9 262.pdf"
,"CLJ_2012_9_285","CLJ 2012 9 285.pdf"
,"CLJ_2012_9_297","CLJ 2012 9 297.pdf"
,"CLJ_2012_9_308","CLJ 2012 9 308.pdf"
,"CLJ_2012_9_320","CLJ 2012 9 320.pdf"
,"CLJ_2012_9_328","CLJ 2012 9 328.pdf"
,"CLJ_2012_9_341","CLJ 2012 9 341.pdf"
,"CLJ_2012_9_352","CLJ 2012 9 352.pdf"
,"CLJ_2012_9_371","CLJ 2012 9 371.pdf"
,"CLJ_2012_9_389","CLJ 2012 9 389.pdf"
,"CLJ_2012_9_418","CLJ 2012 9 418.pdf"
,"CLJ_2012_9_429","CLJ 2012 9 429.pdf"
,"CLJ_2012_9_443","CLJ 2012 9 443.pdf"
,"CLJ_2012_9_458","CLJ 2012 9 458.pdf"
,"CLJ_2012_9_465","CLJ 2012 9 465.pdf"
,"CLJ_2012_9_49","CLJ 2012 9 49.pdf"
,"CLJ_2012_9_494","CLJ 2012 9 494.pdf"
,"CLJ_2012_9_507","CLJ 2012 9 507.pdf"
,"CLJ_2012_9_516","CLJ 2012 9 516.pdf"
,"CLJ_2012_9_540","CLJ 2012 9 540.pdf"
,"CLJ_2012_9_557","CLJ 2012 9 557.pdf"
,"CLJ_2012_9_576","CLJ 2012 9 576.pdf"
,"CLJ_2012_9_598","CLJ 2012 9 598.pdf"
,"CLJ_2012_9_607","CLJ 2012 9 607.pdf"
,"CLJ_2012_9_613","CLJ 2012 9 613.pdf"
,"CLJ_2012_9_622","CLJ 2012 9 622.pdf"
,"CLJ_2012_9_65","CLJ 2012 9 65.pdf"
,"CLJ_2012_9_681","CLJ 2012 9 681.pdf"
,"CLJ_2012_9_689","CLJ 2012 9 689.pdf"
,"CLJ_2012_9_699","CLJ 2012 9 699.pdf"
,"CLJ_2012_9_727","CLJ 2012 9 727.pdf"
,"CLJ_2012_9_743","CLJ 2012 9 743.pdf"
,"CLJ_2012_9_780","CLJ 2012 9 780.pdf"
,"CLJ_2012_9_79","CLJ 2012 9 79.pdf"
,"CLJ_2012_9_803","CLJ 2012 9 803.pdf"
,"CLJ_2012_9_820","CLJ 2012 9 820.pdf"
,"CLJ_2012_9_833","CLJ 2012 9 833.pdf"
,"CLJ_2012_9_848","CLJ 2012 9 848.pdf"
,"CLJ_2012_9_858","CLJ 2012 9 858.pdf"
,"CLJ_2012_9_912","CLJ 2012 9 912.pdf"
,"CLJ_2012_9_920","CLJ 2012 9 920.pdf"
,"CLJ_2012_9_950","CLJ 2012 9 950.pdf"
,"CLJ_2012_9_977","CLJ 2012 9 977.pdf"
,"CLJ_2012_9_993","CLJ 2012 9 993.pdf"
clj_2013_1,"CLJ_2013_1_1","CLJ 2013 1 1.pdf","Current Law Journal, 2013, Volume 1",[2013],texts,opensource
,"CLJ_2013_1_1008","CLJ 2013 1 1008.pdf"
,"CLJ_2013_1_1017","CLJ 2013 1 1017.pdf"
,"CLJ_2013_1_1034","CLJ 2013 1 1034.pdf"
,"CLJ_2013_1_1049","CLJ 2013 1 1049.pdf"
,"CLJ_2013_1_1060","CLJ 2013 1 1060.pdf"
,"CLJ_2013_1_107","CLJ 2013 1 107.pdf"
,"CLJ_2013_1_1072","CLJ 2013 1 1072.pdf"
,"CLJ_2013_1_1081","CLJ 2013 1 1081.pdf"
,"CLJ_2013_1_1106","CLJ 2013 1 1106.pdf"
,"CLJ_2013_1_1117","CLJ 2013 1 1117.pdf"
,"CLJ_2013_1_124","CLJ 2013 1 124.pdf"
,"CLJ_2013_1_137","CLJ 2013 1 137.pdf"
,"CLJ_2013_1_153","CLJ 2013 1 153.pdf"
,"CLJ_2013_1_177","CLJ 2013 1 177.pdf"
,"CLJ_2013_1_190","CLJ 2013 1 190.pdf"
,"CLJ_2013_1_200","CLJ 2013 1 200.pdf"
,"CLJ_2013_1_213","CLJ 2013 1 213.pdf"
,"CLJ_2013_1_224","CLJ 2013 1 224.pdf"
,"CLJ_2013_1_230","CLJ 2013 1 230.pdf"
,"CLJ_2013_1_24","CLJ 2013 1 24.pdf"
,"CLJ_2013_1_249","CLJ 2013 1 249.pdf"
,"CLJ_2013_1_274","CLJ 2013 1 274.pdf"
,"CLJ_2013_1_286","CLJ 2013 1 286.pdf"
,"CLJ_2013_1_291","CLJ 2013 1 291.pdf"
,"CLJ_2013_1_333","CLJ 2013 1 333.pdf"
,"CLJ_2013_1_349","CLJ 2013 1 349.pdf"
,"CLJ_2013_1_359","CLJ 2013 1 359.pdf"
,"CLJ_2013_1_377","CLJ 2013 1 377.pdf"
,"CLJ_2013_1_39","CLJ 2013 1 39.pdf"
,"CLJ_2013_1_393","CLJ 2013 1 393.pdf"
,"CLJ_2013_1_420","CLJ 2013 1 420.pdf"
,"CLJ_2013_1_441","CLJ 2013 1 441.pdf"
,"CLJ_2013_1_465","CLJ 2013 1 465.pdf"
,"CLJ_2013_1_518","CLJ 2013 1 518.pdf"
,"CLJ_2013_1_537","CLJ 2013 1 537.pdf"
,"CLJ_2013_1_563","CLJ 2013 1 563.pdf"
,"CLJ_2013_1_574","CLJ 2013 1 574.pdf"
,"CLJ_2013_1_583","CLJ 2013 1 583.pdf"
,"CLJ_2013_1_596","CLJ 2013 1 596.pdf"
,"CLJ_2013_1_605","CLJ 2013 1 605.pdf"
,"CLJ_2013_1_61","CLJ 2013 1 61.pdf"
,"CLJ_2013_1_619","CLJ 2013 1 619.pdf"
,"CLJ_2013_1_632","CLJ 2013 1 632.pdf"
,"CLJ_2013_1_669","CLJ 2013 1 669.pdf"
,"CLJ_2013_1_683","CLJ 2013 1 683.pdf"
,"CLJ_2013_1_69","CLJ 2013 1 69.pdf"
,"CLJ_2013_1_692","CLJ 2013 1 692.pdf"
,"CLJ_2013_1_699","CLJ 2013 1 699.pdf"
,"CLJ_2013_1_722","CLJ 2013 1 722.pdf"
,"CLJ_2013_1_728","CLJ 2013 1 728.pdf"
,"CLJ_2013_1_737","CLJ 2013 1 737.pdf"
,"CLJ_2013_1_744","CLJ 2013 1 744.pdf"
,"CLJ_2013_1_750","CLJ 2013 1 750.pdf"
,"CLJ_2013_1_77","CLJ 2013 1 77.pdf"
,"CLJ_2013_1_797","CLJ 2013 1 797.pdf"
,"CLJ_2013_1_810","CLJ 2013 1 810.pdf"
,"CLJ_2013_1_833","CLJ 2013 1 833.pdf"
,"CLJ_2013_1_873","CLJ 2013 1 873.pdf"
,"CLJ_2013_1_879","CLJ 2013 1 879.pdf"
,"CLJ_2013_1_889","CLJ 2013 1 889.pdf"
,"CLJ_2013_1_906","CLJ 2013 1 906.pdf"
,"CLJ_2013_1_928","CLJ 2013 1 928.pdf"
,"CLJ_2013_1_938","CLJ 2013 1 938.pdf"
,"CLJ_2013_1_954","CLJ 2013 1 954.pdf"
,"CLJ_2013_1_96","CLJ 2013 1 96.pdf"
,"CLJ_2013_1_993","CLJ 2013 1 993.pdf"
clj_2013_10,"CLJ_2013_10_1","CLJ 2013 10 1.pdf","Current Law Journal, 2013, Volume 10",[2013],texts,opensource
,"CLJ_2013_10_115","CLJ 2013 10 115.pdf"
,"CLJ_2013_10_122","CLJ 2013 10 122.pdf"
,"CLJ_2013_10_130","CLJ 2013 10 130.pdf"
,"CLJ_2013_10_144","CLJ 2013 10 144.pdf"
,"CLJ_2013_10_158","CLJ 2013 10 158.pdf"
,"CLJ_2013_10_176","CLJ 2013 10 176.pdf"
,"CLJ_2013_10_181","CLJ 2013 10 181.pdf"
,"CLJ_2013_10_190","CLJ 2013 10 190.pdf"
,"CLJ_2013_10_200","CLJ 2013 10 200.pdf"
,"CLJ_2013_10_209","CLJ 2013 10 209.pdf"
,"CLJ_2013_10_241","CLJ 2013 10 241.pdf"
,"CLJ_2013_10_251","CLJ 2013 10 251.pdf"
,"CLJ_2013_10_263","CLJ 2013 10 263.pdf"
,"CLJ_2013_10_282","CLJ 2013 10 282.pdf"
,"CLJ_2013_10_292","CLJ 2013 10 292.pdf"
,"CLJ_2013_10_30","CLJ 2013 10 30.pdf"
,"CLJ_2013_10_303","CLJ 2013 10 303.pdf"
,"CLJ_2013_10_316","CLJ 2013 10 316.pdf"
,"CLJ_2013_10_329","CLJ 2013 10 329.pdf"
,"CLJ_2013_10_336","CLJ 2013 10 336.pdf"
,"CLJ_2013_10_347","CLJ 2013 10 347.pdf"
,"CLJ_2013_10_365","CLJ 2013 10 365.pdf"
,"CLJ_2013_10_374","CLJ 2013 10 374.pdf"
,"CLJ_2013_10_383","CLJ 2013 10 383.pdf"
,"CLJ_2013_10_40","CLJ 2013 10 40.pdf"
,"CLJ_2013_10_401","CLJ 2013 10 401.pdf"
,"CLJ_2013_10_412","CLJ 2013 10 412.pdf"
,"CLJ_2013_10_436","CLJ 2013 10 436.pdf"
,"CLJ_2013_10_452","CLJ 2013 10 452.pdf"
,"CLJ_2013_10_461","CLJ 2013 10 461.pdf"
,"CLJ_2013_10_467","CLJ 2013 10 467.pdf"
,"CLJ_2013_10_488","CLJ 2013 10 488.pdf"
,"CLJ_2013_10_505","CLJ 2013 10 505.pdf"
,"CLJ_2013_10_512","CLJ 2013 10 512.pdf"
,"CLJ_2013_10_52","CLJ 2013 10 52.pdf"
,"CLJ_2013_10_526","CLJ 2013 10 526.pdf"
,"CLJ_2013_10_534","CLJ 2013 10 534.pdf"
,"CLJ_2013_10_570","CLJ 2013 10 570.pdf"
,"CLJ_2013_10_588","CLJ 2013 10 588.pdf"
,"CLJ_2013_10_621","CLJ 2013 10 621.pdf"
,"CLJ_2013_10_628","CLJ 2013 10 628.pdf"
,"CLJ_2013_10_636","CLJ 2013 10 636.pdf"
,"CLJ_2013_10_650","CLJ 2013 10 650.pdf"
,"CLJ_2013_10_663","CLJ 2013 10 663.pdf"
,"CLJ_2013_10_683","CLJ 2013 10 683.pdf"
,"CLJ_2013_10_696","CLJ 2013 10 696.pdf"
,"CLJ_2013_10_702","CLJ 2013 10 702.pdf"
,"CLJ_2013_10_727","CLJ 2013 10 727.pdf"
,"CLJ_2013_10_745","CLJ 2013 10 745.pdf"
,"CLJ_2013_10_753","CLJ 2013 10 753.pdf"
,"CLJ_2013_10_771","CLJ 2013 10 771.pdf"
,"CLJ_2013_10_809","CLJ 2013 10 809.pdf"
,"CLJ_2013_10_822","CLJ 2013 10 822.pdf"
,"CLJ_2013_10_833","CLJ 2013 10 833.pdf"
,"CLJ_2013_10_846","CLJ 2013 10 846.pdf"
,"CLJ_2013_10_854","CLJ 2013 10 854.pdf"
,"CLJ_2013_10_862","CLJ 2013 10 862.pdf"
,"CLJ_2013_10_87","CLJ 2013 10 87.pdf"
,"CLJ_2013_10_95","CLJ 2013 10 95.pdf"
clj_2013_2,"CLJ_2013_2_1","CLJ 2013 2 1.pdf","Current Law Journal, 2013, Volume 2",[2013],texts,opensource
,"CLJ_2013_2_1009","CLJ 2013 2 1009.pdf"
,"CLJ_2013_2_1025","CLJ 2013 2 1025.pdf"
,"CLJ_2013_2_1042","CLJ 2013 2 1042.pdf"
,"CLJ_2013_2_1069","CLJ 2013 2 1069.pdf"
,"CLJ_2013_2_1082","CLJ 2013 2 1082.pdf"
,"CLJ_2013_2_1089","CLJ 2013 2 1089.pdf"
,"CLJ_2013_2_1096","CLJ 2013 2 1096.pdf"
,"CLJ_2013_2_110","CLJ 2013 2 110.pdf"
,"CLJ_2013_2_1126","CLJ 2013 2 1126.pdf"
,"CLJ_2013_2_1136","CLJ 2013 2 1136.pdf"
,"CLJ_2013_2_1153","CLJ 2013 2 1153.pdf"
,"CLJ_2013_2_121","CLJ 2013 2 121.pdf"
,"CLJ_2013_2_137","CLJ 2013 2 137.pdf"
,"CLJ_2013_2_155","CLJ 2013 2 155.pdf"
,"CLJ_2013_2_168","CLJ 2013 2 168.pdf"
,"CLJ_2013_2_189","CLJ 2013 2 189.pdf"
,"CLJ_2013_2_211","CLJ 2013 2 211.pdf"
,"CLJ_2013_2_219","CLJ 2013 2 219.pdf"
,"CLJ_2013_2_229","CLJ 2013 2 229.pdf"
,"CLJ_2013_2_277","CLJ 2013 2 277.pdf"
,"CLJ_2013_2_306","CLJ 2013 2 306.pdf"
,"CLJ_2013_2_32","CLJ 2013 2 32.pdf"
,"CLJ_2013_2_362","CLJ 2013 2 362.pdf"
,"CLJ_2013_2_383","CLJ 2013 2 383.pdf"
,"CLJ_2013_2_395","CLJ 2013 2 395.pdf"
,"CLJ_2013_2_414","CLJ 2013 2 414.pdf"
,"CLJ_2013_2_427","CLJ 2013 2 427.pdf"
,"CLJ_2013_2_437","CLJ 2013 2 437.pdf"
,"CLJ_2013_2_448","CLJ 2013 2 448.pdf"
,"CLJ_2013_2_462","CLJ 2013 2 462.pdf"
,"CLJ_2013_2_467","CLJ 2013 2 467.pdf"
,"CLJ_2013_2_50","CLJ 2013 2 50.pdf"
,"CLJ_2013_2_527","CLJ 2013 2 527.pdf"
,"CLJ_2013_2_541","CLJ 2013 2 541.pdf"
,"CLJ_2013_2_556","CLJ 2013 2 556.pdf"
,"CLJ_2013_2_595","CLJ 2013 2 595.pdf"
,"CLJ_2013_2_601","CLJ 2013 2 601.pdf"
,"CLJ_2013_2_615","CLJ 2013 2 615.pdf"
,"CLJ_2013_2_63","CLJ 2013 2 63.pdf"
,"CLJ_2013_2_644","CLJ 2013 2 644.pdf"
,"CLJ_2013_2_660","CLJ 2013 2 660.pdf"
,"CLJ_2013_2_676","CLJ 2013 2 676.pdf"
,"CLJ_2013_2_686","CLJ 2013 2 686.pdf"
,"CLJ_2013_2_697","CLJ 2013 2 697.pdf"
,"CLJ_2013_2_717","CLJ 2013 2 717.pdf"
,"CLJ_2013_2_734","CLJ 2013 2 734.pdf"
,"CLJ_2013_2_753","CLJ 2013 2 753.pdf"
,"CLJ_2013_2_776","CLJ 2013 2 776.pdf"
,"CLJ_2013_2_78","CLJ 2013 2 78.pdf"
,"CLJ_2013_2_799","CLJ 2013 2 799.pdf"
,"CLJ_2013_2_804","CLJ 2013 2 804.pdf"
,"CLJ_2013_2_824","CLJ 2013 2 824.pdf"
,"CLJ_2013_2_844","CLJ 2013 2 844.pdf"
,"CLJ_2013_2_857","CLJ 2013 2 857.pdf"
,"CLJ_2013_2_893","CLJ 2013 2 893.pdf"
,"CLJ_2013_2_910","CLJ 2013 2 910.pdf"
,"CLJ_2013_2_92","CLJ 2013 2 92.pdf"
,"CLJ_2013_2_926","CLJ 2013 2 926.pdf"
,"CLJ_2013_2_936","CLJ 2013 2 936.pdf"
,"CLJ_2013_2_961","CLJ 2013 2 961.pdf"
,"CLJ_2013_2_971","CLJ 2013 2 971.pdf"
,"CLJ_2013_2_990","CLJ 2013 2 990.pdf"
clj_2013_3,"CLJ_2013_3_1","CLJ 2013 3 1.pdf","Current Law Journal, 2013, Volume 3",[2013],texts,opensource
,"CLJ_2013_3_1006","CLJ 2013 3 1006.pdf"
,"CLJ_2013_3_1027","CLJ 2013 3 1027.pdf"
,"CLJ_2013_3_1043","CLJ 2013 3 1043.pdf"
,"CLJ_2013_3_1049","CLJ 2013 3 1049.pdf"
,"CLJ_2013_3_1068","CLJ 2013 3 1068.pdf"
,"CLJ_2013_3_1077","CLJ 2013 3 1077.pdf"
,"CLJ_2013_3_1101","CLJ 2013 3 1101.pdf"
,"CLJ_2013_3_1115","CLJ 2013 3 1115.pdf"
,"CLJ_2013_3_1130","CLJ 2013 3 1130.pdf"
,"CLJ_2013_3_1155","CLJ 2013 3 1155.pdf"
,"CLJ_2013_3_1161","CLJ 2013 3 1161.pdf"
,"CLJ_2013_3_1214","CLJ 2013 3 1214.pdf"
,"CLJ_2013_3_1221","CLJ 2013 3 1221.pdf"
,"CLJ_2013_3_1234","CLJ 2013 3 1234.pdf"
,"CLJ_2013_3_1253","CLJ 2013 3 1253.pdf"
,"CLJ_2013_3_142","CLJ 2013 3 142.pdf"
,"CLJ_2013_3_150","CLJ 2013 3 150.pdf"
,"CLJ_2013_3_161","CLJ 2013 3 161.pdf"
,"CLJ_2013_3_17","CLJ 2013 3 17.pdf"
,"CLJ_2013_3_185","CLJ 2013 3 185.pdf"
,"CLJ_2013_3_196","CLJ 2013 3 196.pdf"
,"CLJ_2013_3_209","CLJ 2013 3 209.pdf"
,"CLJ_2013_3_258","CLJ 2013 3 258.pdf"
,"CLJ_2013_3_277","CLJ 2013 3 277.pdf"
,"CLJ_2013_3_287","CLJ 2013 3 287.pdf"
,"CLJ_2013_3_294","CLJ 2013 3 294.pdf"
,"CLJ_2013_3_31","CLJ 2013 3 31.pdf"
,"CLJ_2013_3_317","CLJ 2013 3 317.pdf"
,"CLJ_2013_3_355","CLJ 2013 3 355.pdf"
,"CLJ_2013_3_381","CLJ 2013 3 381.pdf"
,"CLJ_2013_3_397","CLJ 2013 3 397.pdf"
,"CLJ_2013_3_423","CLJ 2013 3 423.pdf"
,"CLJ_2013_3_440","CLJ 2013 3 440.pdf"
,"CLJ_2013_3_457","CLJ 2013 3 457.pdf"
,"CLJ_2013_3_467","CLJ 2013 3 467.pdf"
,"CLJ_2013_3_47","CLJ 2013 3 47.pdf"
,"CLJ_2013_3_481","CLJ 2013 3 481.pdf"
,"CLJ_2013_3_494","CLJ 2013 3 494.pdf"
,"CLJ_2013_3_503","CLJ 2013 3 503.pdf"
,"CLJ_2013_3_510","CLJ 2013 3 510.pdf"
,"CLJ_2013_3_534","CLJ 2013 3 534.pdf"
,"CLJ_2013_3_543","CLJ 2013 3 543.pdf"
,"CLJ_2013_3_595","CLJ 2013 3 595.pdf"
,"CLJ_2013_3_61","CLJ 2013 3 61.pdf"
,"CLJ_2013_3_622","CLJ 2013 3 622.pdf"
,"CLJ_2013_3_649","CLJ 2013 3 649.pdf"
,"CLJ_2013_3_663","CLJ 2013 3 663.pdf"
,"CLJ_2013_3_676","CLJ 2013 3 676.pdf"
,"CLJ_2013_3_688","CLJ 2013 3 688.pdf"
,"CLJ_2013_3_700","CLJ 2013 3 700.pdf"
,"CLJ_2013_3_737","CLJ 2013 3 737.pdf"
,"CLJ_2013_3_743","CLJ 2013 3 743.pdf"
,"CLJ_2013_3_774","CLJ 2013 3 774.pdf"
,"CLJ_2013_3_81","CLJ 2013 3 81.pdf"
,"CLJ_2013_3_813","CLJ 2013 3 813.pdf"
,"CLJ_2013_3_833","CLJ 2013 3 833.pdf"
,"CLJ_2013_3_843","CLJ 2013 3 843.pdf"
,"CLJ_2013_3_863","CLJ 2013 3 863.pdf"
,"CLJ_2013_3_886","CLJ 2013 3 886.pdf"
,"CLJ_2013_3_906","CLJ 2013 3 906.pdf"
,"CLJ_2013_3_923","CLJ 2013 3 923.pdf"
,"CLJ_2013_3_947","CLJ 2013 3 947.pdf"
,"CLJ_2013_3_969","CLJ 2013 3 969.pdf"
,"CLJ_2013_3_987","CLJ 2013 3 987.pdf"
,"CLJ_2013_3_997","CLJ 2013 3 997.pdf"
clj_2013_4,"CLJ_2013_4_1","CLJ 2013 4 1.pdf","Current Law Journal, 2013, Volume 4",[2013],texts,opensource
,"CLJ_2013_4_1016","CLJ 2013 4 1016.pdf"
,"CLJ_2013_4_1029","CLJ 2013 4 1029.pdf"
,"CLJ_2013_4_1053","CLJ 2013 4 1053.pdf"
,"CLJ_2013_4_107","CLJ 2013 4 107.pdf"
,"CLJ_2013_4_1081","CLJ 2013 4 1081.pdf"
,"CLJ_2013_4_1096","CLJ 2013 4 1096.pdf"
,"CLJ_2013_4_1110","CLJ 2013 4 1110.pdf"
,"CLJ_2013_4_1120","CLJ 2013 4 1120.pdf"
,"CLJ_2013_4_117","CLJ 2013 4 117.pdf"
,"CLJ_2013_4_1172","CLJ 2013 4 1172.pdf"
,"CLJ_2013_4_1202","CLJ 2013 4 1202.pdf"
,"CLJ_2013_4_134","CLJ 2013 4 134.pdf"
,"CLJ_2013_4_149","CLJ 2013 4 149.pdf"
,"CLJ_2013_4_193","CLJ 2013 4 193.pdf"
,"CLJ_2013_4_208","CLJ 2013 4 208.pdf"
,"CLJ_2013_4_21","CLJ 2013 4 21.pdf"
,"CLJ_2013_4_228","CLJ 2013 4 228.pdf"
,"CLJ_2013_4_250","CLJ 2013 4 250.pdf"
,"CLJ_2013_4_262","CLJ 2013 4 262.pdf"
,"CLJ_2013_4_275","CLJ 2013 4 275.pdf"
,"CLJ_2013_4_291","CLJ 2013 4 291.pdf"
,"CLJ_2013_4_305","CLJ 2013 4 305.pdf"
,"CLJ_2013_4_329","CLJ 2013 4 329.pdf"
,"CLJ_2013_4_342","CLJ 2013 4 342.pdf"
,"CLJ_2013_4_364","CLJ 2013 4 364.pdf"
,"CLJ_2013_4_384","CLJ 2013 4 384.pdf"
,"CLJ_2013_4_396","CLJ 2013 4 396.pdf"
,"CLJ_2013_4_411","CLJ 2013 4 411.pdf"
,"CLJ_2013_4_427","CLJ 2013 4 427.pdf"
,"CLJ_2013_4_441","CLJ 2013 4 441.pdf"
,"CLJ_2013_4_453","CLJ 2013 4 453.pdf"
,"CLJ_2013_4_47","CLJ 2013 4 47.pdf"
,"CLJ_2013_4_470","CLJ 2013 4 470.pdf"
,"CLJ_2013_4_493","CLJ 2013 4 493.pdf"
,"CLJ_2013_4_508","CLJ 2013 4 508.pdf"
,"CLJ_2013_4_533","CLJ 2013 4 533.pdf"
,"CLJ_2013_4_553","CLJ 2013 4 553.pdf"
,"CLJ_2013_4_579","CLJ 2013 4 579.pdf"
,"CLJ_2013_4_600","CLJ 2013 4 600.pdf"
,"CLJ_2013_4_613","CLJ 2013 4 613.pdf"
,"CLJ_2013_4_627","CLJ 2013 4 627.pdf"
,"CLJ_2013_4_640","CLJ 2013 4 640.pdf"
,"CLJ_2013_4_653","CLJ 2013 4 653.pdf"
,"CLJ_2013_4_66","CLJ 2013 4 66.pdf"
,"CLJ_2013_4_684","CLJ 2013 4 684.pdf"
,"CLJ_2013_4_702","CLJ 2013 4 702.pdf"
,"CLJ_2013_4_716","CLJ 2013 4 716.pdf"
,"CLJ_2013_4_724","CLJ 2013 4 724.pdf"
,"CLJ_2013_4_746","CLJ 2013 4 746.pdf"
,"CLJ_2013_4_757","CLJ 2013 4 757.pdf"
,"CLJ_2013_4_774","CLJ 2013 4 774.pdf"
,"CLJ_2013_4_794","CLJ 2013 4 794.pdf"
,"CLJ_2013_4_807","CLJ 2013 4 807.pdf"
,"CLJ_2013_4_820","CLJ 2013 4 820.pdf"
,"CLJ_2013_4_83","CLJ 2013 4 83.pdf"
,"CLJ_2013_4_842","CLJ 2013 4 842.pdf"
,"CLJ_2013_4_861","CLJ 2013 4 861.pdf"
,"CLJ_2013_4_876","CLJ 2013 4 876.pdf"
,"CLJ_2013_4_901","CLJ 2013 4 901.pdf"
,"CLJ_2013_4_928","CLJ 2013 4 928.pdf"
,"CLJ_2013_4_949","CLJ 2013 4 949.pdf"
,"CLJ_2013_4_96","CLJ 2013 4 96.pdf"
,"CLJ_2013_4_961","CLJ 2013 4 961.pdf"
,"CLJ_2013_4_980","CLJ 2013 4 980.pdf"
,"CLJ_2013_4_994","CLJ 2013 4 994.pdf"
clj_2013_5,"CLJ_2013_5_1","CLJ 2013 5 1.pdf","Current Law Journal, 2013, Volume 5",[2013],texts,opensource
,"CLJ_2013_5_1004","CLJ 2013 5 1004.pdf"
,"CLJ_2013_5_1013","CLJ 2013 5 1013.pdf"
,"CLJ_2013_5_1025","CLJ 2013 5 1025.pdf"
,"CLJ_2013_5_107","CLJ 2013 5 107.pdf"
,"CLJ_2013_5_130","CLJ 2013 5 130.pdf"
,"CLJ_2013_5_161","CLJ 2013 5 161.pdf"
,"CLJ_2013_5_208","CLJ 2013 5 208.pdf"
,"CLJ_2013_5_222","CLJ 2013 5 222.pdf"
,"CLJ_2013_5_239","CLJ 2013 5 239.pdf"
,"CLJ_2013_5_25","CLJ 2013 5 25.pdf"
,"CLJ_2013_5_256","CLJ 2013 5 256.pdf"
,"CLJ_2013_5_285","CLJ 2013 5 285.pdf"
,"CLJ_2013_5_301","CLJ 2013 5 301.pdf"
,"CLJ_2013_5_308","CLJ 2013 5 308.pdf"
,"CLJ_2013_5_323","CLJ 2013 5 323.pdf"
,"CLJ_2013_5_36","CLJ 2013 5 36.pdf"
,"CLJ_2013_5_382","CLJ 2013 5 382.pdf"
,"CLJ_2013_5_392","CLJ 2013 5 392.pdf"
,"CLJ_2013_5_403","CLJ 2013 5 403.pdf"
,"CLJ_2013_5_417","CLJ 2013 5 417.pdf"
,"CLJ_2013_5_425","CLJ 2013 5 425.pdf"
,"CLJ_2013_5_447","CLJ 2013 5 447.pdf"
,"CLJ_2013_5_461","CLJ 2013 5 461.pdf"
,"CLJ_2013_5_488","CLJ 2013 5 488.pdf"
,"CLJ_2013_5_522","CLJ 2013 5 522.pdf"
,"CLJ_2013_5_537","CLJ 2013 5 537.pdf"
,"CLJ_2013_5_548","CLJ 2013 5 548.pdf"
,"CLJ_2013_5_553","CLJ 2013 5 553.pdf"
,"CLJ_2013_5_571","CLJ 2013 5 571.pdf"
,"CLJ_2013_5_580","CLJ 2013 5 580.pdf"
,"CLJ_2013_5_59","CLJ 2013 5 59.pdf"
,"CLJ_2013_5_590","CLJ 2013 5 590.pdf"
,"CLJ_2013_5_605","CLJ 2013 5 605.pdf"
,"CLJ_2013_5_639","CLJ 2013 5 639.pdf"
,"CLJ_2013_5_656","CLJ 2013 5 656.pdf"
,"CLJ_2013_5_668","CLJ 2013 5 668.pdf"
,"CLJ_2013_5_689","CLJ 2013 5 689.pdf"
,"CLJ_2013_5_69","CLJ 2013 5 69.pdf"
,"CLJ_2013_5_697","CLJ 2013 5 697.pdf"
,"CLJ_2013_5_710","CLJ 2013 5 710.pdf"
,"CLJ_2013_5_733","CLJ 2013 5 733.pdf"
,"CLJ_2013_5_740","CLJ 2013 5 740.pdf"
,"CLJ_2013_5_751","CLJ 2013 5 751.pdf"
,"CLJ_2013_5_790","CLJ 2013 5 790.pdf"
,"CLJ_2013_5_810","CLJ 2013 5 810.pdf"
,"CLJ_2013_5_822","CLJ 2013 5 822.pdf"
,"CLJ_2013_5_837","CLJ 2013 5 837.pdf"
,"CLJ_2013_5_850","CLJ 2013 5 850.pdf"
,"CLJ_2013_5_872","CLJ 2013 5 872.pdf"
,"CLJ_2013_5_89","CLJ 2013 5 89.pdf"
,"CLJ_2013_5_904","CLJ 2013 5 904.pdf"
,"CLJ_2013_5_914","CLJ 2013 5 914.pdf"
,"CLJ_2013_5_921","CLJ 2013 5 921.pdf"
,"CLJ_2013_5_932","CLJ 2013 5 932.pdf"
,"CLJ_2013_5_945","CLJ 2013 5 945.pdf"
,"CLJ_2013_5_949","CLJ 2013 5 949.pdf"
,"CLJ_2013_5_977","CLJ 2013 5 977.pdf"
,"CLJ_2013_5_995","CLJ 2013 5 995.pdf"
clj_2013_6,"CLJ_2013_6_1000","CLJ 2013 6 1000.pdf","Current Law Journal, 2013, Volume 6",[2013],texts,opensource
,"CLJ_2013_6_1009","CLJ 2013 6 1009.pdf"
,"CLJ_2013_6_1032","CLJ 2013 6 1032.pdf"
,"CLJ_2013_6_1048","CLJ 2013 6 1048.pdf"
,"CLJ_2013_6_1057","CLJ 2013 6 1057.pdf"
,"CLJ_2013_6_121","CLJ 2013 6 121.pdf"
,"CLJ_2013_6_133","CLJ 2013 6 133.pdf"
,"CLJ_2013_6_154","CLJ 2013 6 154.pdf"
,"CLJ_2013_6_169","CLJ 2013 6 169.pdf"
,"CLJ_2013_6_185","CLJ 2013 6 185.pdf"
,"CLJ_2013_6_201","CLJ 2013 6 201.pdf"
,"CLJ_2013_6_21","CLJ 2013 6 21.pdf"
,"CLJ_2013_6_219","CLJ 2013 6 219.pdf"
,"CLJ_2013_6_261","CLJ 2013 6 261.pdf"
,"CLJ_2013_6_272","CLJ 2013 6 272.pdf"
,"CLJ_2013_6_413","CLJ 2013 6 413.pdf"
,"CLJ_2013_6_42","CLJ 2013 6 42.pdf"
,"CLJ_2013_6_431","CLJ 2013 6 431.pdf"
,"CLJ_2013_6_464","CLJ 2013 6 464.pdf"
,"CLJ_2013_6_53","CLJ 2013 6 53.pdf"
,"CLJ_2013_6_530","CLJ 2013 6 530.pdf"
,"CLJ_2013_6_541","CLJ 2013 6 541.pdf"
,"CLJ_2013_6_579","CLJ 2013 6 579.pdf"
,"CLJ_2013_6_588","CLJ 2013 6 588.pdf"
,"CLJ_2013_6_597","CLJ 2013 6 597.pdf"
,"CLJ_2013_6_620","CLJ 2013 6 620.pdf"
,"CLJ_2013_6_634","CLJ 2013 6 634.pdf"
,"CLJ_2013_6_659","CLJ 2013 6 659.pdf"
,"CLJ_2013_6_673","CLJ 2013 6 673.pdf"
,"CLJ_2013_6_702","CLJ 2013 6 702.pdf"
,"CLJ_2013_6_724","CLJ 2013 6 724.pdf"
,"CLJ_2013_6_737","CLJ 2013 6 737.pdf"
,"CLJ_2013_6_74","CLJ 2013 6 74.pdf"
,"CLJ_2013_6_782","CLJ 2013 6 782.pdf"
,"CLJ_2013_6_790","CLJ 2013 6 790.pdf"
,"CLJ_2013_6_805","CLJ 2013 6 805.pdf"
,"CLJ_2013_6_837","CLJ 2013 6 837.pdf"
,"CLJ_2013_6_849","CLJ 2013 6 849.pdf"
,"CLJ_2013_6_862","CLJ 2013 6 862.pdf"
,"CLJ_2013_6_870","CLJ 2013 6 870.pdf"
,"CLJ_2013_6_899","CLJ 2013 6 899.pdf"
,"CLJ_2013_6_91","CLJ 2013 6 91.pdf"
,"CLJ_2013_6_913","CLJ 2013 6 913.pdf"
,"CLJ_2013_6_945","CLJ 2013 6 945.pdf"
,"CLJ_2013_6_958","CLJ 2013 6 958.pdf"
,"CLJ_2013_6_98","CLJ 2013 6 98.pdf"
clj_2013_7,"CLJ_2013_7_1","CLJ 2013 7 1.pdf","Current Law Journal, 2013, Volume 7",[2013],texts,opensource
,"CLJ_2013_7_1032","CLJ 2013 7 1032.pdf"
,"CLJ_2013_7_1059","CLJ 2013 7 1059.pdf"
,"CLJ_2013_7_127","CLJ 2013 7 127.pdf"
,"CLJ_2013_7_141","CLJ 2013 7 141.pdf"
,"CLJ_2013_7_166","CLJ 2013 7 166.pdf"
,"CLJ_2013_7_178","CLJ 2013 7 178.pdf"
,"CLJ_2013_7_18","CLJ 2013 7 18.pdf"
,"CLJ_2013_7_192","CLJ 2013 7 192.pdf"
,"CLJ_2013_7_205","CLJ 2013 7 205.pdf"
,"CLJ_2013_7_249","CLJ 2013 7 249.pdf"
,"CLJ_2013_7_258","CLJ 2013 7 258.pdf"
,"CLJ_2013_7_265","CLJ 2013 7 265.pdf"
,"CLJ_2013_7_277","CLJ 2013 7 277.pdf"
,"CLJ_2013_7_285","CLJ 2013 7 285.pdf"
,"CLJ_2013_7_301","CLJ 2013 7 301.pdf"
,"CLJ_2013_7_312","CLJ 2013 7 312.pdf"
,"CLJ_2013_7_359","CLJ 2013 7 359.pdf"
,"CLJ_2013_7_37","CLJ 2013 7 37.pdf"
,"CLJ_2013_7_370","CLJ 2013 7 370.pdf"
,"CLJ_2013_7_393","CLJ 2013 7 393.pdf"
,"CLJ_2013_7_404","CLJ 2013 7 404.pdf"
,"CLJ_2013_7_413","CLJ 2013 7 413.pdf"
,"CLJ_2013_7_435","CLJ 2013 7 435.pdf"
,"CLJ_2013_7_451","CLJ 2013 7 451.pdf"
,"CLJ_2013_7_462","CLJ 2013 7 462.pdf"
,"CLJ_2013_7_468","CLJ 2013 7 468.pdf"
,"CLJ_2013_7_483","CLJ 2013 7 483.pdf"
,"CLJ_2013_7_505","CLJ 2013 7 505.pdf"
,"CLJ_2013_7_514","CLJ 2013 7 514.pdf"
,"CLJ_2013_7_53","CLJ 2013 7 53.pdf"
,"CLJ_2013_7_533","CLJ 2013 7 533.pdf"
,"CLJ_2013_7_577","CLJ 2013 7 577.pdf"
,"CLJ_2013_7_625","CLJ 2013 7 625.pdf"
,"CLJ_2013_7_636","CLJ 2013 7 636.pdf"
,"CLJ_2013_7_654","CLJ 2013 7 654.pdf"
,"CLJ_2013_7_667","CLJ 2013 7 667.pdf"
,"CLJ_2013_7_68","CLJ 2013 7 68.pdf"
,"CLJ_2013_7_681","CLJ 2013 7 681.pdf"
,"CLJ_2013_7_696","CLJ 2013 7 696.pdf"
,"CLJ_2013_7_713","CLJ 2013 7 713.pdf"
,"CLJ_2013_7_735","CLJ 2013 7 735.pdf"
,"CLJ_2013_7_756","CLJ 2013 7 756.pdf"
,"CLJ_2013_7_783","CLJ 2013 7 783.pdf"
,"CLJ_2013_7_799","CLJ 2013 7 799.pdf"
,"CLJ_2013_7_817","CLJ 2013 7 817.pdf"
,"CLJ_2013_7_82","CLJ 2013 7 82.pdf"
,"CLJ_2013_7_843","CLJ 2013 7 843.pdf"
,"CLJ_2013_7_856","CLJ 2013 7 856.pdf"
,"CLJ_2013_7_872","CLJ 2013 7 872.pdf"
,"CLJ_2013_7_886","CLJ 2013 7 886.pdf"
,"CLJ_2013_7_918","CLJ 2013 7 918.pdf"
,"CLJ_2013_7_934","CLJ 2013 7 934.pdf"
,"CLJ_2013_7_957","CLJ 2013 7 957.pdf"
,"CLJ_2013_7_969","CLJ 2013 7 969.pdf"
clj_2013_8,"CLJ_2013_8_1","CLJ 2013 8 1.pdf","Current Law Journal, 2013, Volume 8",[2013],texts,opensource
,"CLJ_2013_8_1001","CLJ 2013 8 1001.pdf"
,"CLJ_2013_8_1010","CLJ 2013 8 1010.pdf"
,"CLJ_2013_8_1020","CLJ 2013 8 1020.pdf"
,"CLJ_2013_8_1040","CLJ 2013 8 1040.pdf"
,"CLJ_2013_8_1058","CLJ 2013 8 1058.pdf"
,"CLJ_2013_8_1083","CLJ 2013 8 1083.pdf"
,"CLJ_2013_8_1095","CLJ 2013 8 1095.pdf"
,"CLJ_2013_8_120","CLJ 2013 8 120.pdf"
,"CLJ_2013_8_141","CLJ 2013 8 141.pdf"
,"CLJ_2013_8_28","CLJ 2013 8 28.pdf"
,"CLJ_2013_8_282","CLJ 2013 8 282.pdf"
,"CLJ_2013_8_297","CLJ 2013 8 297.pdf"
,"CLJ_2013_8_309","CLJ 2013 8 309.pdf"
,"CLJ_2013_8_329","CLJ 2013 8 329.pdf"
,"CLJ_2013_8_359","CLJ 2013 8 359.pdf"
,"CLJ_2013_8_38","CLJ 2013 8 38.pdf"
,"CLJ_2013_8_391","CLJ 2013 8 391.pdf"
,"CLJ_2013_8_429","CLJ 2013 8 429.pdf"
,"CLJ_2013_8_449","CLJ 2013 8 449.pdf"
,"CLJ_2013_8_471","CLJ 2013 8 471.pdf"
,"CLJ_2013_8_498","CLJ 2013 8 498.pdf"
,"CLJ_2013_8_516","CLJ 2013 8 516.pdf"
,"CLJ_2013_8_52","CLJ 2013 8 52.pdf"
,"CLJ_2013_8_533","CLJ 2013 8 533.pdf"
,"CLJ_2013_8_547","CLJ 2013 8 547.pdf"
,"CLJ_2013_8_586","CLJ 2013 8 586.pdf"
,"CLJ_2013_8_597","CLJ 2013 8 597.pdf"
,"CLJ_2013_8_611","CLJ 2013 8 611.pdf"
,"CLJ_2013_8_632","CLJ 2013 8 632.pdf"
,"CLJ_2013_8_655","CLJ 2013 8 655.pdf"
,"CLJ_2013_8_685","CLJ 2013 8 685.pdf"
,"CLJ_2013_8_693","CLJ 2013 8 693.pdf"
,"CLJ_2013_8_708","CLJ 2013 8 708.pdf"
,"CLJ_2013_8_725","CLJ 2013 8 725.pdf"
,"CLJ_2013_8_73","CLJ 2013 8 73.pdf"
,"CLJ_2013_8_745","CLJ 2013 8 745.pdf"
,"CLJ_2013_8_800","CLJ 2013 8 800.pdf"
,"CLJ_2013_8_814","CLJ 2013 8 814.pdf"
,"CLJ_2013_8_834","CLJ 2013 8 834.pdf"
,"CLJ_2013_8_842","CLJ 2013 8 842.pdf"
,"CLJ_2013_8_855","CLJ 2013 8 855.pdf"
,"CLJ_2013_8_86","CLJ 2013 8 86.pdf"
,"CLJ_2013_8_869","CLJ 2013 8 869.pdf"
,"CLJ_2013_8_883","CLJ 2013 8 883.pdf"
,"CLJ_2013_8_890","CLJ 2013 8 890.pdf"
,"CLJ_2013_8_964","CLJ 2013 8 964.pdf"
clj_2013_9,"CLJ_2013_9_1","CLJ 2013 9 1.pdf","Current Law Journal, 2013, Volume 9",[2013],texts,opensource
,"CLJ_2013_9_1003","CLJ 2013 9 1003.pdf"
,"CLJ_2013_9_1020","CLJ 2013 9 1020.pdf"
,"CLJ_2013_9_1027","CLJ 2013 9 1027.pdf"
,"CLJ_2013_9_111","CLJ 2013 9 111.pdf"
,"CLJ_2013_9_119","CLJ 2013 9 119.pdf"
,"CLJ_2013_9_141","CLJ 2013 9 141.pdf"
,"CLJ_2013_9_152","CLJ 2013 9 152.pdf"
,"CLJ_2013_9_162","CLJ 2013 9 162.pdf"
,"CLJ_2013_9_183","CLJ 2013 9 183.pdf"
,"CLJ_2013_9_214","CLJ 2013 9 214.pdf"
,"CLJ_2013_9_229","CLJ 2013 9 229.pdf"
,"CLJ_2013_9_243","CLJ 2013 9 243.pdf"
,"CLJ_2013_9_277","CLJ 2013 9 277.pdf"
,"CLJ_2013_9_287","CLJ 2013 9 287.pdf"
,"CLJ_2013_9_29","CLJ 2013 9 29.pdf"
,"CLJ_2013_9_387","CLJ 2013 9 387.pdf"
,"CLJ_2013_9_397","CLJ 2013 9 397.pdf"
,"CLJ_2013_9_404","CLJ 2013 9 404.pdf"
,"CLJ_2013_9_409","CLJ 2013 9 409.pdf"
,"CLJ_2013_9_433","CLJ 2013 9 433.pdf"
,"CLJ_2013_9_444","CLJ 2013 9 444.pdf"
,"CLJ_2013_9_460","CLJ 2013 9 460.pdf"
,"CLJ_2013_9_476","CLJ 2013 9 476.pdf"
,"CLJ_2013_9_48","CLJ 2013 9 48.pdf"
,"CLJ_2013_9_489","CLJ 2013 9 489.pdf"
,"CLJ_2013_9_524","CLJ 2013 9 524.pdf"
,"CLJ_2013_9_533","CLJ 2013 9 533.pdf"
,"CLJ_2013_9_545","CLJ 2013 9 545.pdf"
,"CLJ_2013_9_559","CLJ 2013 9 559.pdf"
,"CLJ_2013_9_577","CLJ 2013 9 577.pdf"
,"CLJ_2013_9_623","CLJ 2013 9 623.pdf"
,"CLJ_2013_9_650","CLJ 2013 9 650.pdf"
,"CLJ_2013_9_670","CLJ 2013 9 670.pdf"
,"CLJ_2013_9_681","CLJ 2013 9 681.pdf"
,"CLJ_2013_9_69","CLJ 2013 9 69.pdf"
,"CLJ_2013_9_692","CLJ 2013 9 692.pdf"
,"CLJ_2013_9_728","CLJ 2013 9 728.pdf"
,"CLJ_2013_9_750","CLJ 2013 9 750.pdf"
,"CLJ_2013_9_766","CLJ 2013 9 766.pdf"
,"CLJ_2013_9_782","CLJ 2013 9 782.pdf"
,"CLJ_2013_9_813","CLJ 2013 9 813.pdf"
,"CLJ_2013_9_828","CLJ 2013 9 828.pdf"
,"CLJ_2013_9_841","CLJ 2013 9 841.pdf"
,"CLJ_2013_9_874","CLJ 2013 9 874.pdf"
,"CLJ_2013_9_886","CLJ 2013 9 886.pdf"
,"CLJ_2013_9_899","CLJ 2013 9 899.pdf"
,"CLJ_2013_9_91","CLJ 2013 9 91.pdf"
,"CLJ_2013_9_924","CLJ 2013 9 924.pdf"
,"CLJ_2013_9_941","CLJ 2013 9 941.pdf"
,"CLJ_2013_9_955","CLJ 2013 9 955.pdf"
,"CLJ_2013_9_978","CLJ 2013 9 978.pdf"
,"CLJ_2013_9_986","CLJ 2013 9 986.pdf"
clj_2014_1,"CLJ_2014_1_1","CLJ 2014 1 1.pdf","Current Law Journal, 2014, Volume 1",[2014],texts,opensource
,"CLJ_2014_1_1026","CLJ 2014 1 1026.pdf"
,"CLJ_2014_1_1048","CLJ 2014 1 1048.pdf"
,"CLJ_2014_1_1058","CLJ 2014 1 1058.pdf"
,"CLJ_2014_1_1076","CLJ 2014 1 1076.pdf"
,"CLJ_2014_1_1112","CLJ 2014 1 1112.pdf"
,"CLJ_2014_1_113","CLJ 2014 1 113.pdf"
,"CLJ_2014_1_123","CLJ 2014 1 123.pdf"
,"CLJ_2014_1_136","CLJ 2014 1 136.pdf"
,"CLJ_2014_1_149","CLJ 2014 1 149.pdf"
,"CLJ_2014_1_161","CLJ 2014 1 161.pdf"
,"CLJ_2014_1_18","CLJ 2014 1 18.pdf"
,"CLJ_2014_1_188","CLJ 2014 1 188.pdf"
,"CLJ_2014_1_207","CLJ 2014 1 207.pdf"
,"CLJ_2014_1_233","CLJ 2014 1 233.pdf"
,"CLJ_2014_1_254","CLJ 2014 1 254.pdf"
,"CLJ_2014_1_264","CLJ 2014 1 264.pdf"
,"CLJ_2014_1_276","CLJ 2014 1 276.pdf"
,"CLJ_2014_1_289","CLJ 2014 1 289.pdf"
,"CLJ_2014_1_299","CLJ 2014 1 299.pdf"
,"CLJ_2014_1_316","CLJ 2014 1 316.pdf"
,"CLJ_2014_1_333","CLJ 2014 1 333.pdf"
,"CLJ_2014_1_344","CLJ 2014 1 344.pdf"
,"CLJ_2014_1_354","CLJ 2014 1 354.pdf"
,"CLJ_2014_1_371","CLJ 2014 1 371.pdf"
,"CLJ_2014_1_387","CLJ 2014 1 387.pdf"
,"CLJ_2014_1_397","CLJ 2014 1 397.pdf"
,"CLJ_2014_1_433","CLJ 2014 1 433.pdf"
,"CLJ_2014_1_46","CLJ 2014 1 46.pdf"
,"CLJ_2014_1_464","CLJ 2014 1 464.pdf"
,"CLJ_2014_1_499","CLJ 2014 1 499.pdf"
,"CLJ_2014_1_517","CLJ 2014 1 517.pdf"
,"CLJ_2014_1_524","CLJ 2014 1 524.pdf"
,"CLJ_2014_1_534","CLJ 2014 1 534.pdf"
,"CLJ_2014_1_552","CLJ 2014 1 552.pdf"
,"CLJ_2014_1_565","CLJ 2014 1 565.pdf"
,"CLJ_2014_1_575","CLJ 2014 1 575.pdf"
,"CLJ_2014_1_58","CLJ 2014 1 58.pdf"
,"CLJ_2014_1_598","CLJ 2014 1 598.pdf"
,"CLJ_2014_1_635","CLJ 2014 1 635.pdf"
,"CLJ_2014_1_660","CLJ 2014 1 660.pdf"
,"CLJ_2014_1_682","CLJ 2014 1 682.pdf"
,"CLJ_2014_1_697","CLJ 2014 1 697.pdf"
,"CLJ_2014_1_70","CLJ 2014 1 70.pdf"
,"CLJ_2014_1_708","CLJ 2014 1 708.pdf"
,"CLJ_2014_1_726","CLJ 2014 1 726.pdf"
,"CLJ_2014_1_733","CLJ 2014 1 733.pdf"
,"CLJ_2014_1_774","CLJ 2014 1 774.pdf"
,"CLJ_2014_1_793","CLJ 2014 1 793.pdf"
,"CLJ_2014_1_804","CLJ 2014 1 804.pdf"
,"CLJ_2014_1_821","CLJ 2014 1 821.pdf"
,"CLJ_2014_1_838","CLJ 2014 1 838.pdf"
,"CLJ_2014_1_880","CLJ 2014 1 880.pdf"
,"CLJ_2014_1_90","CLJ 2014 1 90.pdf"
,"CLJ_2014_1_901","CLJ 2014 1 901.pdf"
,"CLJ_2014_1_919","CLJ 2014 1 919.pdf"
,"CLJ_2014_1_931","CLJ 2014 1 931.pdf"
,"CLJ_2014_1_948","CLJ 2014 1 948.pdf"
,"CLJ_2014_1_97","CLJ 2014 1 97.pdf"
,"CLJ_2014_1_973","CLJ 2014 1 973.pdf"
,"CLJ_2014_1_987","CLJ 2014 1 987.pdf"
clj_2014_10,"CLJ_2014_10_1","CLJ 2014 10 1.pdf","Current Law Journal, 2014, Volume 10",[2014],texts,opensource
,"CLJ_2014_10_102","CLJ 2014 10 102.pdf"
,"CLJ_2014_10_114","CLJ 2014 10 114.pdf"
,"CLJ_2014_10_119","CLJ 2014 10 119.pdf"
,"CLJ_2014_10_126","CLJ 2014 10 126.pdf"
,"CLJ_2014_10_133","CLJ 2014 10 133.pdf"
,"CLJ_2014_10_144","CLJ 2014 10 144.pdf"
,"CLJ_2014_10_149","CLJ 2014 10 149.pdf"
,"CLJ_2014_10_173","CLJ 2014 10 173.pdf"
,"CLJ_2014_10_179","CLJ 2014 10 179.pdf"
,"CLJ_2014_10_18","CLJ 2014 10 18.pdf"
,"CLJ_2014_10_196","CLJ 2014 10 196.pdf"
,"CLJ_2014_10_233","CLJ 2014 10 233.pdf"
,"CLJ_2014_10_245","CLJ 2014 10 245.pdf"
,"CLJ_2014_10_251","CLJ 2014 10 251.pdf"
,"CLJ_2014_10_266","CLJ 2014 10 266.pdf"
,"CLJ_2014_10_279","CLJ 2014 10 279.pdf"
,"CLJ_2014_10_295","CLJ 2014 10 295.pdf"
,"CLJ_2014_10_305","CLJ 2014 10 305.pdf"
,"CLJ_2014_10_31","CLJ 2014 10 31.pdf"
,"CLJ_2014_10_320","CLJ 2014 10 320.pdf"
,"CLJ_2014_10_333","CLJ 2014 10 333.pdf"
,"CLJ_2014_10_354","CLJ 2014 10 354.pdf"
,"CLJ_2014_10_364","CLJ 2014 10 364.pdf"
,"CLJ_2014_10_373","CLJ 2014 10 373.pdf"
,"CLJ_2014_10_391","CLJ 2014 10 391.pdf"
,"CLJ_2014_10_40","CLJ 2014 10 40.pdf"
,"CLJ_2014_10_403","CLJ 2014 10 403.pdf"
,"CLJ_2014_10_442","CLJ 2014 10 442.pdf"
,"CLJ_2014_10_467","CLJ 2014 10 467.pdf"
,"CLJ_2014_10_476","CLJ 2014 10 476.pdf"
,"CLJ_2014_10_48","CLJ 2014 10 48.pdf"
,"CLJ_2014_10_484","CLJ 2014 10 484.pdf"
,"CLJ_2014_10_500","CLJ 2014 10 500.pdf"
,"CLJ_2014_10_511","CLJ 2014 10 511.pdf"
,"CLJ_2014_10_533","CLJ 2014 10 533.pdf"
,"CLJ_2014_10_543","CLJ 2014 10 543.pdf"
,"CLJ_2014_10_548","CLJ 2014 10 548.pdf"
,"CLJ_2014_10_557","CLJ 2014 10 557.pdf"
,"CLJ_2014_10_571","CLJ 2014 10 571.pdf"
,"CLJ_2014_10_587","CLJ 2014 10 587.pdf"
,"CLJ_2014_10_602","CLJ 2014 10 602.pdf"
,"CLJ_2014_10_611","CLJ 2014 10 611.pdf"
,"CLJ_2014_10_618","CLJ 2014 10 618.pdf"
,"CLJ_2014_10_627","CLJ 2014 10 627.pdf"
,"CLJ_2014_10_64","CLJ 2014 10 64.pdf"
,"CLJ_2014_10_642","CLJ 2014 10 642.pdf"
,"CLJ_2014_10_661","CLJ 2014 10 661.pdf"
,"CLJ_2014_10_672","CLJ 2014 10 672.pdf"
,"CLJ_2014_10_686","CLJ 2014 10 686.pdf"
,"CLJ_2014_10_735","CLJ 2014 10 735.pdf"
,"CLJ_2014_10_758","CLJ 2014 10 758.pdf"
,"CLJ_2014_10_783","CLJ 2014 10 783.pdf"
,"CLJ_2014_10_79","CLJ 2014 10 79.pdf"
,"CLJ_2014_10_791","CLJ 2014 10 791.pdf"
,"CLJ_2014_10_802","CLJ 2014 10 802.pdf"
,"CLJ_2014_10_818","CLJ 2014 10 818.pdf"
,"CLJ_2014_10_830","CLJ 2014 10 830.pdf"
,"CLJ_2014_10_841","CLJ 2014 10 841.pdf"
,"CLJ_2014_10_85","CLJ 2014 10 85.pdf"
clj_2014_2,"CLJ_2014_2_1","CLJ 2014 2 1.pdf","Current Law Journal, 2014, Volume 2",[2014],texts,opensource
,"CLJ_2014_2_1012","CLJ 2014 2 1012.pdf"
,"CLJ_2014_2_1020","CLJ 2014 2 1020.pdf"
,"CLJ_2014_2_1036","CLJ 2014 2 1036.pdf"
,"CLJ_2014_2_115","CLJ 2014 2 115.pdf"
,"CLJ_2014_2_12","CLJ 2014 2 12.pdf"
,"CLJ_2014_2_125","CLJ 2014 2 125.pdf"
,"CLJ_2014_2_145","CLJ 2014 2 145.pdf"
,"CLJ_2014_2_161","CLJ 2014 2 161.pdf"
,"CLJ_2014_2_175","CLJ 2014 2 175.pdf"
,"CLJ_2014_2_205","CLJ 2014 2 205.pdf"
,"CLJ_2014_2_215","CLJ 2014 2 215.pdf"
,"CLJ_2014_2_239","CLJ 2014 2 239.pdf"
,"CLJ_2014_2_25","CLJ 2014 2 25.pdf"
,"CLJ_2014_2_257","CLJ 2014 2 257.pdf"
,"CLJ_2014_2_273","CLJ 2014 2 273.pdf"
,"CLJ_2014_2_376","CLJ 2014 2 376.pdf"
,"CLJ_2014_2_383","CLJ 2014 2 383.pdf"
,"CLJ_2014_2_401","CLJ 2014 2 401.pdf"
,"CLJ_2014_2_44","CLJ 2014 2 44.pdf"
,"CLJ_2014_2_445","CLJ 2014 2 445.pdf"
,"CLJ_2014_2_490","CLJ 2014 2 490.pdf"
,"CLJ_2014_2_498","CLJ 2014 2 498.pdf"
,"CLJ_2014_2_509","CLJ 2014 2 509.pdf"
,"CLJ_2014_2_519","CLJ 2014 2 519.pdf"
,"CLJ_2014_2_525","CLJ 2014 2 525.pdf"
,"CLJ_2014_2_554","CLJ 2014 2 554.pdf"
,"CLJ_2014_2_563","CLJ 2014 2 563.pdf"
,"CLJ_2014_2_596","CLJ 2014 2 596.pdf"
,"CLJ_2014_2_605","CLJ 2014 2 605.pdf"
,"CLJ_2014_2_624","CLJ 2014 2 624.pdf"
,"CLJ_2014_2_649","CLJ 2014 2 649.pdf"
,"CLJ_2014_2_670","CLJ 2014 2 670.pdf"
,"CLJ_2014_2_682","CLJ 2014 2 682.pdf"
,"CLJ_2014_2_705","CLJ 2014 2 705.pdf"
,"CLJ_2014_2_711","CLJ 2014 2 711.pdf"
,"CLJ_2014_2_72","CLJ 2014 2 72.pdf"
,"CLJ_2014_2_743","CLJ 2014 2 743.pdf"
,"CLJ_2014_2_755","CLJ 2014 2 755.pdf"
,"CLJ_2014_2_762","CLJ 2014 2 762.pdf"
,"CLJ_2014_2_773","CLJ 2014 2 773.pdf"
,"CLJ_2014_2_903","CLJ 2014 2 903.pdf"
,"CLJ_2014_2_915","CLJ 2014 2 915.pdf"
,"CLJ_2014_2_925","CLJ 2014 2 925.pdf"
,"CLJ_2014_2_940","CLJ 2014 2 940.pdf"
,"CLJ_2014_2_963","CLJ 2014 2 963.pdf"
,"CLJ_2014_2_980","CLJ 2014 2 980.pdf"
,"CLJ_2014_2_997","CLJ 2014 2 997.pdf"
clj_2014_3,"CLJ_2014_3_1","CLJ 2014 3 1.pdf","Current Law Journal, 2014, Volume 3",[2014],texts,opensource
,"CLJ_2014_3_102","CLJ 2014 3 102.pdf"
,"CLJ_2014_3_1053","CLJ 2014 3 1053.pdf"
,"CLJ_2014_3_1064","CLJ 2014 3 1064.pdf"
,"CLJ_2014_3_115","CLJ 2014 3 115.pdf"
,"CLJ_2014_3_126","CLJ 2014 3 126.pdf"
,"CLJ_2014_3_141","CLJ 2014 3 141.pdf"
,"CLJ_2014_3_173","CLJ 2014 3 173.pdf"
,"CLJ_2014_3_239","CLJ 2014 3 239.pdf"
,"CLJ_2014_3_272","CLJ 2014 3 272.pdf"
,"CLJ_2014_3_285","CLJ 2014 3 285.pdf"
,"CLJ_2014_3_293","CLJ 2014 3 293.pdf"
,"CLJ_2014_3_309","CLJ 2014 3 309.pdf"
,"CLJ_2014_3_322","CLJ 2014 3 322.pdf"
,"CLJ_2014_3_339","CLJ 2014 3 339.pdf"
,"CLJ_2014_3_353","CLJ 2014 3 353.pdf"
,"CLJ_2014_3_367","CLJ 2014 3 367.pdf"
,"CLJ_2014_3_394","CLJ 2014 3 394.pdf"
,"CLJ_2014_3_421","CLJ 2014 3 421.pdf"
,"CLJ_2014_3_441","CLJ 2014 3 441.pdf"
,"CLJ_2014_3_452","CLJ 2014 3 452.pdf"
,"CLJ_2014_3_467","CLJ 2014 3 467.pdf"
,"CLJ_2014_3_482","CLJ 2014 3 482.pdf"
,"CLJ_2014_3_520","CLJ 2014 3 520.pdf"
,"CLJ_2014_3_536","CLJ 2014 3 536.pdf"
,"CLJ_2014_3_545","CLJ 2014 3 545.pdf"
,"CLJ_2014_3_560","CLJ 2014 3 560.pdf"
,"CLJ_2014_3_584","CLJ 2014 3 584.pdf"
,"CLJ_2014_3_607","CLJ 2014 3 607.pdf"
,"CLJ_2014_3_632","CLJ 2014 3 632.pdf"
,"CLJ_2014_3_661","CLJ 2014 3 661.pdf"
,"CLJ_2014_3_672","CLJ 2014 3 672.pdf"
,"CLJ_2014_3_681","CLJ 2014 3 681.pdf"
,"CLJ_2014_3_695","CLJ 2014 3 695.pdf"
,"CLJ_2014_3_720","CLJ 2014 3 720.pdf"
,"CLJ_2014_3_73","CLJ 2014 3 73.pdf"
,"CLJ_2014_3_733","CLJ 2014 3 733.pdf"
,"CLJ_2014_3_745","CLJ 2014 3 745.pdf"
,"CLJ_2014_3_767","CLJ 2014 3 767.pdf"
,"CLJ_2014_3_783","CLJ 2014 3 783.pdf"
,"CLJ_2014_3_803","CLJ 2014 3 803.pdf"
,"CLJ_2014_3_813","CLJ 2014 3 813.pdf"
,"CLJ_2014_3_847","CLJ 2014 3 847.pdf"
,"CLJ_2014_3_869","CLJ 2014 3 869.pdf"
,"CLJ_2014_3_897","CLJ 2014 3 897.pdf"
,"CLJ_2014_3_915","CLJ 2014 3 915.pdf"
,"CLJ_2014_3_949","CLJ 2014 3 949.pdf"
,"CLJ_2014_3_959","CLJ 2014 3 959.pdf"
,"CLJ_2014_3_970","CLJ 2014 3 970.pdf"
,"CLJ_2014_3_984","CLJ 2014 3 984.pdf"
clj_2014_4,"CLJ_2014_4_1","CLJ 2014 4 1.pdf","Current Law Journal, 2014, Volume 4",[2014],texts,opensource
,"CLJ_2014_4_1016","CLJ 2014 4 1016.pdf"
,"CLJ_2014_4_1037","CLJ 2014 4 1037.pdf"
,"CLJ_2014_4_1056","CLJ 2014 4 1056.pdf"
,"CLJ_2014_4_12","CLJ 2014 4 12.pdf"
,"CLJ_2014_4_133","CLJ 2014 4 133.pdf"
,"CLJ_2014_4_148","CLJ 2014 4 148.pdf"
,"CLJ_2014_4_162","CLJ 2014 4 162.pdf"
,"CLJ_2014_4_216","CLJ 2014 4 216.pdf"
,"CLJ_2014_4_23","CLJ 2014 4 23.pdf"
,"CLJ_2014_4_232","CLJ 2014 4 232.pdf"
,"CLJ_2014_4_253","CLJ 2014 4 253.pdf"
,"CLJ_2014_4_274","CLJ 2014 4 274.pdf"
,"CLJ_2014_4_305","CLJ 2014 4 305.pdf"
,"CLJ_2014_4_323","CLJ 2014 4 323.pdf"
,"CLJ_2014_4_345","CLJ 2014 4 345.pdf"
,"CLJ_2014_4_36","CLJ 2014 4 36.pdf"
,"CLJ_2014_4_373","CLJ 2014 4 373.pdf"
,"CLJ_2014_4_393","CLJ 2014 4 393.pdf"
,"CLJ_2014_4_406","CLJ 2014 4 406.pdf"
,"CLJ_2014_4_418","CLJ 2014 4 418.pdf"
,"CLJ_2014_4_432","CLJ 2014 4 432.pdf"
,"CLJ_2014_4_44","CLJ 2014 4 44.pdf"
,"CLJ_2014_4_510","CLJ 2014 4 510.pdf"
,"CLJ_2014_4_525","CLJ 2014 4 525.pdf"
,"CLJ_2014_4_540","CLJ 2014 4 540.pdf"
,"CLJ_2014_4_551","CLJ 2014 4 551.pdf"
,"CLJ_2014_4_568","CLJ 2014 4 568.pdf"
,"CLJ_2014_4_577","CLJ 2014 4 577.pdf"
,"CLJ_2014_4_601","CLJ 2014 4 601.pdf"
,"CLJ_2014_4_62","CLJ 2014 4 62.pdf"
,"CLJ_2014_4_629","CLJ 2014 4 629.pdf"
,"CLJ_2014_4_653","CLJ 2014 4 653.pdf"
,"CLJ_2014_4_666","CLJ 2014 4 666.pdf"
,"CLJ_2014_4_688","CLJ 2014 4 688.pdf"
,"CLJ_2014_4_701","CLJ 2014 4 701.pdf"
,"CLJ_2014_4_715","CLJ 2014 4 715.pdf"
,"CLJ_2014_4_737","CLJ 2014 4 737.pdf"
,"CLJ_2014_4_753","CLJ 2014 4 753.pdf"
,"CLJ_2014_4_773","CLJ 2014 4 773.pdf"
,"CLJ_2014_4_785","CLJ 2014 4 785.pdf"
,"CLJ_2014_4_801","CLJ 2014 4 801.pdf"
,"CLJ_2014_4_816","CLJ 2014 4 816.pdf"
,"CLJ_2014_4_836","CLJ 2014 4 836.pdf"
,"CLJ_2014_4_881","CLJ 2014 4 881.pdf"
,"CLJ_2014_4_895","CLJ 2014 4 895.pdf"
,"CLJ_2014_4_929","CLJ 2014 4 929.pdf"
,"CLJ_2014_4_936","CLJ 2014 4 936.pdf"
,"CLJ_2014_4_944","CLJ 2014 4 944.pdf"
clj_2014_5,"CLJ_2014_5_1","CLJ 2014 5 1.pdf","Current Law Journal, 2014, Volume 5",[2014],texts,opensource
,"CLJ_2014_5_10","CLJ 2014 5 10.pdf"
,"CLJ_2014_5_1032","CLJ 2014 5 1032.pdf"
,"CLJ_2014_5_104","CLJ 2014 5 104.pdf"
,"CLJ_2014_5_116","CLJ 2014 5 116.pdf"
,"CLJ_2014_5_129","CLJ 2014 5 129.pdf"
,"CLJ_2014_5_134","CLJ 2014 5 134.pdf"
,"CLJ_2014_5_154","CLJ 2014 5 154.pdf"
,"CLJ_2014_5_171","CLJ 2014 5 171.pdf"
,"CLJ_2014_5_186","CLJ 2014 5 186.pdf"
,"CLJ_2014_5_213","CLJ 2014 5 213.pdf"
,"CLJ_2014_5_22","CLJ 2014 5 22.pdf"
,"CLJ_2014_5_255","CLJ 2014 5 255.pdf"
,"CLJ_2014_5_265","CLJ 2014 5 265.pdf"
,"CLJ_2014_5_275","CLJ 2014 5 275.pdf"
,"CLJ_2014_5_292","CLJ 2014 5 292.pdf"
,"CLJ_2014_5_318","CLJ 2014 5 318.pdf"
,"CLJ_2014_5_341","CLJ 2014 5 341.pdf"
,"CLJ_2014_5_353","CLJ 2014 5 353.pdf"
,"CLJ_2014_5_365","CLJ 2014 5 365.pdf"
,"CLJ_2014_5_401","CLJ 2014 5 401.pdf"
,"CLJ_2014_5_431","CLJ 2014 5 431.pdf"
,"CLJ_2014_5_443","CLJ 2014 5 443.pdf"
,"CLJ_2014_5_466","CLJ 2014 5 466.pdf"
,"CLJ_2014_5_477","CLJ 2014 5 477.pdf"
,"CLJ_2014_5_492","CLJ 2014 5 492.pdf"
,"CLJ_2014_5_512","CLJ 2014 5 512.pdf"
,"CLJ_2014_5_533","CLJ 2014 5 533.pdf"
,"CLJ_2014_5_562","CLJ 2014 5 562.pdf"
,"CLJ_2014_5_574","CLJ 2014 5 574.pdf"
,"CLJ_2014_5_605","CLJ 2014 5 605.pdf"
,"CLJ_2014_5_629","CLJ 2014 5 629.pdf"
,"CLJ_2014_5_639","CLJ 2014 5 639.pdf"
,"CLJ_2014_5_669","CLJ 2014 5 669.pdf"
,"CLJ_2014_5_679","CLJ 2014 5 679.pdf"
,"CLJ_2014_5_68","CLJ 2014 5 68.pdf"
,"CLJ_2014_5_695","CLJ 2014 5 695.pdf"
,"CLJ_2014_5_707","CLJ 2014 5 707.pdf"
,"CLJ_2014_5_726","CLJ 2014 5 726.pdf"
,"CLJ_2014_5_745","CLJ 2014 5 745.pdf"
,"CLJ_2014_5_780","CLJ 2014 5 780.pdf"
,"CLJ_2014_5_805","CLJ 2014 5 805.pdf"
,"CLJ_2014_5_817","CLJ 2014 5 817.pdf"
,"CLJ_2014_5_851","CLJ 2014 5 851.pdf"
,"CLJ_2014_5_88","CLJ 2014 5 88.pdf"
,"CLJ_2014_5_881","CLJ 2014 5 881.pdf"
,"CLJ_2014_5_906","CLJ 2014 5 906.pdf"
,"CLJ_2014_5_919","CLJ 2014 5 919.pdf"
,"CLJ_2014_5_929","CLJ 2014 5 929.pdf"
,"CLJ_2014_5_937","CLJ 2014 5 937.pdf"
,"CLJ_2014_5_955","CLJ 2014 5 955.pdf"
,"CLJ_2014_5_983","CLJ 2014 5 983.pdf"
clj_2014_6,"CLJ_2014_6_1","CLJ 2014 6 1.pdf","Current Law Journal, 2014, Volume 6",[2014],texts,opensource
,"CLJ_2014_6_1005","CLJ 2014 6 1005.pdf"
,"CLJ_2014_6_1036","CLJ 2014 6 1036.pdf"
,"CLJ_2014_6_1067","CLJ 2014 6 1067.pdf"
,"CLJ_2014_6_110","CLJ 2014 6 110.pdf"
,"CLJ_2014_6_134","CLJ 2014 6 134.pdf"
,"CLJ_2014_6_149","CLJ 2014 6 149.pdf"
,"CLJ_2014_6_168","CLJ 2014 6 168.pdf"
,"CLJ_2014_6_17","CLJ 2014 6 17.pdf"
,"CLJ_2014_6_175","CLJ 2014 6 175.pdf"
,"CLJ_2014_6_188","CLJ 2014 6 188.pdf"
,"CLJ_2014_6_205","CLJ 2014 6 205.pdf"
,"CLJ_2014_6_220","CLJ 2014 6 220.pdf"
,"CLJ_2014_6_231","CLJ 2014 6 231.pdf"
,"CLJ_2014_6_251","CLJ 2014 6 251.pdf"
,"CLJ_2014_6_269","CLJ 2014 6 269.pdf"
,"CLJ_2014_6_285","CLJ 2014 6 285.pdf"
,"CLJ_2014_6_308","CLJ 2014 6 308.pdf"
,"CLJ_2014_6_371","CLJ 2014 6 371.pdf"
,"CLJ_2014_6_382","CLJ 2014 6 382.pdf"
,"CLJ_2014_6_40","CLJ 2014 6 40.pdf"
,"CLJ_2014_6_409","CLJ 2014 6 409.pdf"
,"CLJ_2014_6_423","CLJ 2014 6 423.pdf"
,"CLJ_2014_6_438","CLJ 2014 6 438.pdf"
,"CLJ_2014_6_471","CLJ 2014 6 471.pdf"
,"CLJ_2014_6_485","CLJ 2014 6 485.pdf"
,"CLJ_2014_6_502","CLJ 2014 6 502.pdf"
,"CLJ_2014_6_519","CLJ 2014 6 519.pdf"
,"CLJ_2014_6_541","CLJ 2014 6 541.pdf"
,"CLJ_2014_6_55","CLJ 2014 6 55.pdf"
,"CLJ_2014_6_64","CLJ 2014 6 64.pdf"
,"CLJ_2014_6_649","CLJ 2014 6 649.pdf"
,"CLJ_2014_6_670","CLJ 2014 6 670.pdf"
,"CLJ_2014_6_677","CLJ 2014 6 677.pdf"
,"CLJ_2014_6_691","CLJ 2014 6 691.pdf"
,"CLJ_2014_6_713","CLJ 2014 6 713.pdf"
,"CLJ_2014_6_728","CLJ 2014 6 728.pdf"
,"CLJ_2014_6_753","CLJ 2014 6 753.pdf"
,"CLJ_2014_6_775","CLJ 2014 6 775.pdf"
,"CLJ_2014_6_795","CLJ 2014 6 795.pdf"
,"CLJ_2014_6_809","CLJ 2014 6 809.pdf"
,"CLJ_2014_6_81","CLJ 2014 6 81.pdf"
,"CLJ_2014_6_821","CLJ 2014 6 821.pdf"
,"CLJ_2014_6_850","CLJ 2014 6 850.pdf"
,"CLJ_2014_6_863","CLJ 2014 6 863.pdf"
,"CLJ_2014_6_876","CLJ 2014 6 876.pdf"
,"CLJ_2014_6_904","CLJ 2014 6 904.pdf"
,"CLJ_2014_6_915","CLJ 2014 6 915.pdf"
,"CLJ_2014_6_941","CLJ 2014 6 941.pdf"
,"CLJ_2014_6_950","CLJ 2014 6 950.pdf"
,"CLJ_2014_6_965","CLJ 2014 6 965.pdf"
,"CLJ_2014_6_979","CLJ 2014 6 979.pdf"
,"CLJ_2014_6_991","CLJ 2014 6 991.pdf"
clj_2014_7,"CLJ_2014_7_1","CLJ 2014 7 1.pdf","Current Law Journal, 2014, Volume 7",[2014],texts,opensource
,"CLJ_2014_7_1006","CLJ 2014 7 1006.pdf"
,"CLJ_2014_7_1017","CLJ 2014 7 1017.pdf"
,"CLJ_2014_7_102","CLJ 2014 7 102.pdf"
,"CLJ_2014_7_1025","CLJ 2014 7 1025.pdf"
,"CLJ_2014_7_1034","CLJ 2014 7 1034.pdf"
,"CLJ_2014_7_1117","CLJ 2014 7 1117.pdf"
,"CLJ_2014_7_121","CLJ 2014 7 121.pdf"
,"CLJ_2014_7_135","CLJ 2014 7 135.pdf"
,"CLJ_2014_7_149","CLJ 2014 7 149.pdf"
,"CLJ_2014_7_169","CLJ 2014 7 169.pdf"
,"CLJ_2014_7_191","CLJ 2014 7 191.pdf"
,"CLJ_2014_7_202","CLJ 2014 7 202.pdf"
,"CLJ_2014_7_218","CLJ 2014 7 218.pdf"
,"CLJ_2014_7_229","CLJ 2014 7 229.pdf"
,"CLJ_2014_7_248","CLJ 2014 7 248.pdf"
,"CLJ_2014_7_266","CLJ 2014 7 266.pdf"
,"CLJ_2014_7_293","CLJ 2014 7 293.pdf"
,"CLJ_2014_7_32","CLJ 2014 7 32.pdf"
,"CLJ_2014_7_339","CLJ 2014 7 339.pdf"
,"CLJ_2014_7_371","CLJ 2014 7 371.pdf"
,"CLJ_2014_7_380","CLJ 2014 7 380.pdf"
,"CLJ_2014_7_392","CLJ 2014 7 392.pdf"
,"CLJ_2014_7_405","CLJ 2014 7 405.pdf"
,"CLJ_2014_7_416","CLJ 2014 7 416.pdf"
,"CLJ_2014_7_429","CLJ 2014 7 429.pdf"
,"CLJ_2014_7_441","CLJ 2014 7 441.pdf"
,"CLJ_2014_7_461","CLJ 2014 7 461.pdf"
,"CLJ_2014_7_479","CLJ 2014 7 479.pdf"
,"CLJ_2014_7_490","CLJ 2014 7 490.pdf"
,"CLJ_2014_7_505","CLJ 2014 7 505.pdf"
,"CLJ_2014_7_52","CLJ 2014 7 52.pdf"
,"CLJ_2014_7_533","CLJ 2014 7 533.pdf"
,"CLJ_2014_7_552","CLJ 2014 7 552.pdf"
,"CLJ_2014_7_575","CLJ 2014 7 575.pdf"
,"CLJ_2014_7_597","CLJ 2014 7 597.pdf"
,"CLJ_2014_7_631","CLJ 2014 7 631.pdf"
,"CLJ_2014_7_644","CLJ 2014 7 644.pdf"
,"CLJ_2014_7_67","CLJ 2014 7 67.pdf"
,"CLJ_2014_7_684","CLJ 2014 7 684.pdf"
,"CLJ_2014_7_691","CLJ 2014 7 691.pdf"
,"CLJ_2014_7_714","CLJ 2014 7 714.pdf"
,"CLJ_2014_7_723","CLJ 2014 7 723.pdf"
,"CLJ_2014_7_737","CLJ 2014 7 737.pdf"
,"CLJ_2014_7_749","CLJ 2014 7 749.pdf"
,"CLJ_2014_7_76","CLJ 2014 7 76.pdf"
,"CLJ_2014_7_764","CLJ 2014 7 764.pdf"
,"CLJ_2014_7_773","CLJ 2014 7 773.pdf"
,"CLJ_2014_7_782","CLJ 2014 7 782.pdf"
,"CLJ_2014_7_804","CLJ 2014 7 804.pdf"
,"CLJ_2014_7_843","CLJ 2014 7 843.pdf"
,"CLJ_2014_7_861","CLJ 2014 7 861.pdf"
,"CLJ_2014_7_88","CLJ 2014 7 88.pdf"
,"CLJ_2014_7_882","CLJ 2014 7 882.pdf"
,"CLJ_2014_7_897","CLJ 2014 7 897.pdf"
,"CLJ_2014_7_911","CLJ 2014 7 911.pdf"
,"CLJ_2014_7_943","CLJ 2014 7 943.pdf"
,"CLJ_2014_7_970","CLJ 2014 7 970.pdf"
,"CLJ_2014_7_997","CLJ 2014 7 997.pdf"
clj_2014_8,"CLJ_2014_8_1","CLJ 2014 8 1.pdf","Current Law Journal, 2014, Volume 8",[2014],texts,opensource
,"CLJ_2014_8_1019","CLJ 2014 8 1019.pdf"
,"CLJ_2014_8_1034","CLJ 2014 8 1034.pdf"
,"CLJ_2014_8_1050","CLJ 2014 8 1050.pdf"
,"CLJ_2014_8_107","CLJ 2014 8 107.pdf"
,"CLJ_2014_8_1071","CLJ 2014 8 1071.pdf"
,"CLJ_2014_8_1088","CLJ 2014 8 1088.pdf"
,"CLJ_2014_8_133","CLJ 2014 8 133.pdf"
,"CLJ_2014_8_14","CLJ 2014 8 14.pdf"
,"CLJ_2014_8_156","CLJ 2014 8 156.pdf"
,"CLJ_2014_8_169","CLJ 2014 8 169.pdf"
,"CLJ_2014_8_188","CLJ 2014 8 188.pdf"
,"CLJ_2014_8_208","CLJ 2014 8 208.pdf"
,"CLJ_2014_8_218","CLJ 2014 8 218.pdf"
,"CLJ_2014_8_230","CLJ 2014 8 230.pdf"
,"CLJ_2014_8_238","CLJ 2014 8 238.pdf"
,"CLJ_2014_8_251","CLJ 2014 8 251.pdf"
,"CLJ_2014_8_265","CLJ 2014 8 265.pdf"
,"CLJ_2014_8_285","CLJ 2014 8 285.pdf"
,"CLJ_2014_8_304","CLJ 2014 8 304.pdf"
,"CLJ_2014_8_316","CLJ 2014 8 316.pdf"
,"CLJ_2014_8_326","CLJ 2014 8 326.pdf"
,"CLJ_2014_8_337","CLJ 2014 8 337.pdf"
,"CLJ_2014_8_34","CLJ 2014 8 34.pdf"
,"CLJ_2014_8_363","CLJ 2014 8 363.pdf"
,"CLJ_2014_8_387","CLJ 2014 8 387.pdf"
,"CLJ_2014_8_399","CLJ 2014 8 399.pdf"
,"CLJ_2014_8_413","CLJ 2014 8 413.pdf"
,"CLJ_2014_8_434","CLJ 2014 8 434.pdf"
,"CLJ_2014_8_451","CLJ 2014 8 451.pdf"
,"CLJ_2014_8_461","CLJ 2014 8 461.pdf"
,"CLJ_2014_8_488","CLJ 2014 8 488.pdf"
,"CLJ_2014_8_509","CLJ 2014 8 509.pdf"
,"CLJ_2014_8_51","CLJ 2014 8 51.pdf"
,"CLJ_2014_8_527","CLJ 2014 8 527.pdf"
,"CLJ_2014_8_536","CLJ 2014 8 536.pdf"
,"CLJ_2014_8_545","CLJ 2014 8 545.pdf"
,"CLJ_2014_8_559","CLJ 2014 8 559.pdf"
,"CLJ_2014_8_571","CLJ 2014 8 571.pdf"
,"CLJ_2014_8_592","CLJ 2014 8 592.pdf"
,"CLJ_2014_8_601","CLJ 2014 8 601.pdf"
,"CLJ_2014_8_626","CLJ 2014 8 626.pdf"
,"CLJ_2014_8_656","CLJ 2014 8 656.pdf"
,"CLJ_2014_8_678","CLJ 2014 8 678.pdf"
,"CLJ_2014_8_689","CLJ 2014 8 689.pdf"
,"CLJ_2014_8_704","CLJ 2014 8 704.pdf"
,"CLJ_2014_8_719","CLJ 2014 8 719.pdf"
,"CLJ_2014_8_735","CLJ 2014 8 735.pdf"
,"CLJ_2014_8_74","CLJ 2014 8 74.pdf"
,"CLJ_2014_8_747","CLJ 2014 8 747.pdf"
,"CLJ_2014_8_760","CLJ 2014 8 760.pdf"
,"CLJ_2014_8_786","CLJ 2014 8 786.pdf"
,"CLJ_2014_8_804","CLJ 2014 8 804.pdf"
,"CLJ_2014_8_821","CLJ 2014 8 821.pdf"
,"CLJ_2014_8_83","CLJ 2014 8 83.pdf"
,"CLJ_2014_8_840","CLJ 2014 8 840.pdf"
,"CLJ_2014_8_854","CLJ 2014 8 854.pdf"
,"CLJ_2014_8_865","CLJ 2014 8 865.pdf"
,"CLJ_2014_8_876","CLJ 2014 8 876.pdf"
,"CLJ_2014_8_884","CLJ 2014 8 884.pdf"
,"CLJ_2014_8_921","CLJ 2014 8 921.pdf"
,"CLJ_2014_8_934","CLJ 2014 8 934.pdf"
,"CLJ_2014_8_943","CLJ 2014 8 943.pdf"
,"CLJ_2014_8_953","CLJ 2014 8 953.pdf"
,"CLJ_2014_8_961","CLJ 2014 8 961.pdf"
,"CLJ_2014_8_979","CLJ 2014 8 979.pdf"
,"CLJ_2014_8_998","CLJ 2014 8 998.pdf"
clj_2014_9,"CLJ_2014_9_1","CLJ 2014 9 1.pdf","Current Law Journal, 2014, Volume 9",[2014],texts,opensource
,"CLJ_2014_9_1009","CLJ 2014 9 1009.pdf"
,"CLJ_2014_9_1012","CLJ 2014 9 1012.pdf"
,"CLJ_2014_9_1038","CLJ 2014 9 1038.pdf"
,"CLJ_2014_9_105","CLJ 2014 9 105.pdf"
,"CLJ_2014_9_1064","CLJ 2014 9 1064.pdf"
,"CLJ_2014_9_1086","CLJ 2014 9 1086.pdf"
,"CLJ_2014_9_1102","CLJ 2014 9 1102.pdf"
,"CLJ_2014_9_1117","CLJ 2014 9 1117.pdf"
,"CLJ_2014_9_126","CLJ 2014 9 126.pdf"
,"CLJ_2014_9_139","CLJ 2014 9 139.pdf"
,"CLJ_2014_9_149","CLJ 2014 9 149.pdf"
,"CLJ_2014_9_15","CLJ 2014 9 15.pdf"
,"CLJ_2014_9_162","CLJ 2014 9 162.pdf"
,"CLJ_2014_9_173","CLJ 2014 9 173.pdf"
,"CLJ_2014_9_198","CLJ 2014 9 198.pdf"
,"CLJ_2014_9_208","CLJ 2014 9 208.pdf"
,"CLJ_2014_9_225","CLJ 2014 9 225.pdf"
,"CLJ_2014_9_275","CLJ 2014 9 275.pdf"
,"CLJ_2014_9_289","CLJ 2014 9 289.pdf"
,"CLJ_2014_9_313","CLJ 2014 9 313.pdf"
,"CLJ_2014_9_321","CLJ 2014 9 321.pdf"
,"CLJ_2014_9_337","CLJ 2014 9 337.pdf"
,"CLJ_2014_9_370","CLJ 2014 9 370.pdf"
,"CLJ_2014_9_389","CLJ 2014 9 389.pdf"
,"CLJ_2014_9_406","CLJ 2014 9 406.pdf"
,"CLJ_2014_9_429","CLJ 2014 9 429.pdf"
,"CLJ_2014_9_442","CLJ 2014 9 442.pdf"
,"CLJ_2014_9_468","CLJ 2014 9 468.pdf"
,"CLJ_2014_9_478","CLJ 2014 9 478.pdf"
,"CLJ_2014_9_489","CLJ 2014 9 489.pdf"
,"CLJ_2014_9_530","CLJ 2014 9 530.pdf"
,"CLJ_2014_9_548","CLJ 2014 9 548.pdf"
,"CLJ_2014_9_55","CLJ 2014 9 55.pdf"
,"CLJ_2014_9_563","CLJ 2014 9 563.pdf"
,"CLJ_2014_9_577","CLJ 2014 9 577.pdf"
,"CLJ_2014_9_599","CLJ 2014 9 599.pdf"

,"CLJ_2014_9_625","CLJ 2014 9 625.pdf"
,"CLJ_2014_9_639","CLJ 2014 9 639.pdf"
,"CLJ_2014_9_683","CLJ 2014 9 683.pdf"
,"CLJ_2014_9_694","CLJ 2014 9 694.pdf"
,"CLJ_2014_9_717","CLJ 2014 9 717.pdf"
,"CLJ_2014_9_726","CLJ 2014 9 726.pdf"
,"CLJ_2014_9_733","CLJ 2014 9 733.pdf"
,"CLJ_2014_9_74","CLJ 2014 9 74.pdf"
,"CLJ_2014_9_748","CLJ 2014 9 748.pdf"
,"CLJ_2014_9_764","CLJ 2014 9 764.pdf"
,"CLJ_2014_9_779","CLJ 2014 9 779.pdf"
,"CLJ_2014_9_791","CLJ 2014 9 791.pdf"
,"CLJ_2014_9_812","CLJ 2014 9 812.pdf"
,"CLJ_2014_9_825","CLJ 2014 9 825.pdf"
,"CLJ_2014_9_837","CLJ 2014 9 837.pdf"
,"CLJ_2014_9_857","CLJ 2014 9 857.pdf"
,"CLJ_2014_9_861","CLJ 2014 9 861.pdf"
,"CLJ_2014_9_887","CLJ 2014 9 887.pdf"
,"CLJ_2014_9_899","CLJ 2014 9 899.pdf"
,"CLJ_2014_9_90","CLJ 2014 9 90.pdf"
,"CLJ_2014_9_915","CLJ 2014 9 915.pdf"
,"CLJ_2014_9_939","CLJ 2014 9 939.pdf"
,"CLJ_2014_9_953","CLJ 2014 9 953.pdf"
,"CLJ_2014_9_971","CLJ 2014 9 971.pdf"
,"CLJ_2014_9_985","CLJ 2014 9 985.pdf"
,"CLJ_2014_9_992","CLJ 2014 9 992.pdf"
clj_2015_1,"CLJ_2015_1_1","CLJ 2015 1 1.pdf","Current Law Journal, 2015, Volume 1",[2015],texts,opensource
,"CLJ_2015_1_100","CLJ 2015 1 100.pdf"
,"CLJ_2015_1_1004","CLJ 2015 1 1004.pdf"
,"CLJ_2015_1_1019","CLJ 2015 1 1019.pdf"
,"CLJ_2015_1_1039","CLJ 2015 1 1039.pdf"
,"CLJ_2015_1_1056","CLJ 2015 1 1056.pdf"
,"CLJ_2015_1_1080","CLJ 2015 1 1080.pdf"
,"CLJ_2015_1_1086","CLJ 2015 1 1086.pdf"
,"CLJ_2015_1_1099","CLJ 2015 1 1099.pdf"
,"CLJ_2015_1_110","CLJ 2015 1 110.pdf"
,"CLJ_2015_1_1114","CLJ 2015 1 1114.pdf"
,"CLJ_2015_1_1125","CLJ 2015 1 1125.pdf"
,"CLJ_2015_1_1137","CLJ 2015 1 1137.pdf"
,"CLJ_2015_1_1146","CLJ 2015 1 1146.pdf"
,"CLJ_2015_1_1156","CLJ 2015 1 1156.pdf"
,"CLJ_2015_1_118","CLJ 2015 1 118.pdf"
,"CLJ_2015_1_136","CLJ 2015 1 136.pdf"
,"CLJ_2015_1_145","CLJ 2015 1 145.pdf"
,"CLJ_2015_1_157","CLJ 2015 1 157.pdf"
,"CLJ_2015_1_176","CLJ 2015 1 176.pdf"
,"CLJ_2015_1_18","CLJ 2015 1 18.pdf"
,"CLJ_2015_1_191","CLJ 2015 1 191.pdf"
,"CLJ_2015_1_202","CLJ 2015 1 202.pdf"
,"CLJ_2015_1_210","CLJ 2015 1 210.pdf"
,"CLJ_2015_1_217","CLJ 2015 1 217.pdf"
,"CLJ_2015_1_224","CLJ 2015 1 224.pdf"
,"CLJ_2015_1_243","CLJ 2015 1 243.pdf"
,"CLJ_2015_1_264","CLJ 2015 1 264.pdf"
,"CLJ_2015_1_276","CLJ 2015 1 276.pdf"
,"CLJ_2015_1_295","CLJ 2015 1 295.pdf"
,"CLJ_2015_1_309","CLJ 2015 1 309.pdf"
,"CLJ_2015_1_33","CLJ 2015 1 33.pdf"
,"CLJ_2015_1_335","CLJ 2015 1 335.pdf"
,"CLJ_2015_1_346","CLJ 2015 1 346.pdf"
,"CLJ_2015_1_357","CLJ 2015 1 357.pdf"
,"CLJ_2015_1_382","CLJ 2015 1 382.pdf"
,"CLJ_2015_1_392","CLJ 2015 1 392.pdf"
,"CLJ_2015_1_400","CLJ 2015 1 400.pdf"
,"CLJ_2015_1_416","CLJ 2015 1 416.pdf"
,"CLJ_2015_1_431","CLJ 2015 1 431.pdf"
,"CLJ_2015_1_44","CLJ 2015 1 44.pdf"
,"CLJ_2015_1_443","CLJ 2015 1 443.pdf"
,"CLJ_2015_1_471","CLJ 2015 1 471.pdf"
,"CLJ_2015_1_494","CLJ 2015 1 494.pdf"
,"CLJ_2015_1_506","CLJ 2015 1 506.pdf"
,"CLJ_2015_1_521","CLJ 2015 1 521.pdf"
,"CLJ_2015_1_528","CLJ 2015 1 528.pdf"
,"CLJ_2015_1_532","CLJ 2015 1 532.pdf"
,"CLJ_2015_1_544","CLJ 2015 1 544.pdf"
,"CLJ_2015_1_553","CLJ 2015 1 553.pdf"
,"CLJ_2015_1_570","CLJ 2015 1 570.pdf"
,"CLJ_2015_1_579","CLJ 2015 1 579.pdf"
,"CLJ_2015_1_59","CLJ 2015 1 59.pdf"
,"CLJ_2015_1_617","CLJ 2015 1 617.pdf"
,"CLJ_2015_1_640","CLJ 2015 1 640.pdf"
,"CLJ_2015_1_645","CLJ 2015 1 645.pdf"
,"CLJ_2015_1_659","CLJ 2015 1 659.pdf"
,"CLJ_2015_1_678","CLJ 2015 1 678.pdf"
,"CLJ_2015_1_691","CLJ 2015 1 691.pdf"
,"CLJ_2015_1_706","CLJ 2015 1 706.pdf"
,"CLJ_2015_1_719","CLJ 2015 1 719.pdf"
,"CLJ_2015_1_72","CLJ 2015 1 72.pdf"
,"CLJ_2015_1_765","CLJ 2015 1 765.pdf"
,"CLJ_2015_1_787","CLJ 2015 1 787.pdf"
,"CLJ_2015_1_803","CLJ 2015 1 803.pdf"
,"CLJ_2015_1_810","CLJ 2015 1 810.pdf"
,"CLJ_2015_1_822","CLJ 2015 1 822.pdf"
,"CLJ_2015_1_825","CLJ 2015 1 825.pdf"
,"CLJ_2015_1_865","CLJ 2015 1 865.pdf"
,"CLJ_2015_1_887","CLJ 2015 1 887.pdf"
,"CLJ_2015_1_89","CLJ 2015 1 89.pdf"
,"CLJ_2015_1_908","CLJ 2015 1 908.pdf"
,"CLJ_2015_1_918","CLJ 2015 1 918.pdf"
,"CLJ_2015_1_933","CLJ 2015 1 933.pdf"
,"CLJ_2015_1_954","CLJ 2015 1 954.pdf"
,"CLJ_2015_1_979","CLJ 2015 1 979.pdf"
,"CLJ_2015_1_993","CLJ 2015 1 993.pdf"
clj_2015_10,"CLJ_2015_10_1","CLJ 2015 10 1.pdf","Current Law Journal, 2015, Volume 10",[2015],texts,opensource
,"CLJ_2015_10_114","CLJ 2015 10 114.pdf"
,"CLJ_2015_10_133","CLJ 2015 10 133.pdf"
,"CLJ_2015_10_14","CLJ 2015 10 14.pdf"
,"CLJ_2015_10_147","CLJ 2015 10 147.pdf"
,"CLJ_2015_10_157","CLJ 2015 10 157.pdf"
,"CLJ_2015_10_172","CLJ 2015 10 172.pdf"
,"CLJ_2015_10_184","CLJ 2015 10 184.pdf"
,"CLJ_2015_10_197","CLJ 2015 10 197.pdf"
,"CLJ_2015_10_207","CLJ 2015 10 207.pdf"
,"CLJ_2015_10_222","CLJ 2015 10 222.pdf"
,"CLJ_2015_10_245","CLJ 2015 10 245.pdf"
,"CLJ_2015_10_259","CLJ 2015 10 259.pdf"
,"CLJ_2015_10_272","CLJ 2015 10 272.pdf"
,"CLJ_2015_10_29","CLJ 2015 10 29.pdf"
,"CLJ_2015_10_297","CLJ 2015 10 297.pdf"
,"CLJ_2015_10_315","CLJ 2015 10 315.pdf"
,"CLJ_2015_10_332","CLJ 2015 10 332.pdf"
,"CLJ_2015_10_350","CLJ 2015 10 350.pdf"
,"CLJ_2015_10_366","CLJ 2015 10 366.pdf"
,"CLJ_2015_10_37","CLJ 2015 10 37.pdf"
,"CLJ_2015_10_380","CLJ 2015 10 380.pdf"
,"CLJ_2015_10_393","CLJ 2015 10 393.pdf"
,"CLJ_2015_10_409","CLJ 2015 10 409.pdf"
,"CLJ_2015_10_419","CLJ 2015 10 419.pdf"
,"CLJ_2015_10_432","CLJ 2015 10 432.pdf"
,"CLJ_2015_10_444","CLJ 2015 10 444.pdf"
,"CLJ_2015_10_457","CLJ 2015 10 457.pdf"
,"CLJ_2015_10_465","CLJ 2015 10 465.pdf"
,"CLJ_2015_10_474","CLJ 2015 10 474.pdf"
,"CLJ_2015_10_48","CLJ 2015 10 48.pdf"
,"CLJ_2015_10_487","CLJ 2015 10 487.pdf"
,"CLJ_2015_10_509","CLJ 2015 10 509.pdf"
,"CLJ_2015_10_561","CLJ 2015 10 561.pdf"
,"CLJ_2015_10_569","CLJ 2015 10 569.pdf"
,"CLJ_2015_10_585","CLJ 2015 10 585.pdf"
,"CLJ_2015_10_599","CLJ 2015 10 599.pdf"
,"CLJ_2015_10_62","CLJ 2015 10 62.pdf"
,"CLJ_2015_10_628","CLJ 2015 10 628.pdf"
,"CLJ_2015_10_684","CLJ 2015 10 684.pdf"
,"CLJ_2015_10_690","CLJ 2015 10 690.pdf"
,"CLJ_2015_10_696","CLJ 2015 10 696.pdf"
,"CLJ_2015_10_707","CLJ 2015 10 707.pdf"
,"CLJ_2015_10_724","CLJ 2015 10 724.pdf"
,"CLJ_2015_10_745","CLJ 2015 10 745.pdf"
,"CLJ_2015_10_752","CLJ 2015 10 752.pdf"
,"CLJ_2015_10_766","CLJ 2015 10 766.pdf"
,"CLJ_2015_10_793","CLJ 2015 10 793.pdf"
,"CLJ_2015_10_801","CLJ 2015 10 801.pdf"
,"CLJ_2015_10_821","CLJ 2015 10 821.pdf"
,"CLJ_2015_10_831","CLJ 2015 10 831.pdf"
,"CLJ_2015_10_843","CLJ 2015 10 843.pdf"
,"CLJ_2015_10_85","CLJ 2015 10 85.pdf"
,"CLJ_2015_10_859","CLJ 2015 10 859.pdf"
,"CLJ_2015_10_866","CLJ 2015 10 866.pdf"
,"CLJ_2015_10_875","CLJ 2015 10 875.pdf"
,"CLJ_2015_10_889","CLJ 2015 10 889.pdf"
,"CLJ_2015_10_924","CLJ 2015 10 924.pdf"
,"CLJ_2015_10_96","CLJ 2015 10 96.pdf"
,"CLJ_2015_10_982","CLJ 2015 10 982.pdf"
clj_2015_2,"CLJ_2015_2_1","CLJ 2015 2 1.pdf","Current Law Journal, 2015, Volume 2",[2015],texts,opensource
,"CLJ_2015_2_10","CLJ 2015 2 10.pdf"
,"CLJ_2015_2_1013","CLJ 2015 2 1013.pdf"
,"CLJ_2015_2_102","CLJ 2015 2 102.pdf"
,"CLJ_2015_2_1023","CLJ 2015 2 1023.pdf"
,"CLJ_2015_2_1029","CLJ 2015 2 1029.pdf"
,"CLJ_2015_2_1037","CLJ 2015 2 1037.pdf"
,"CLJ_2015_2_1062","CLJ 2015 2 1062.pdf"
,"CLJ_2015_2_1079","CLJ 2015 2 1079.pdf"
,"CLJ_2015_2_109","CLJ 2015 2 109.pdf"
,"CLJ_2015_2_1094","CLJ 2015 2 1094.pdf"
,"CLJ_2015_2_1101","CLJ 2015 2 1101.pdf"
,"CLJ_2015_2_1109","CLJ 2015 2 1109.pdf"
,"CLJ_2015_2_1121","CLJ 2015 2 1121.pdf"
,"CLJ_2015_2_1133","CLJ 2015 2 1133.pdf"
,"CLJ_2015_2_116","CLJ 2015 2 116.pdf"
,"CLJ_2015_2_145","CLJ 2015 2 145.pdf"
,"CLJ_2015_2_208","CLJ 2015 2 208.pdf"
,"CLJ_2015_2_231","CLJ 2015 2 231.pdf"
,"CLJ_2015_2_252","CLJ 2015 2 252.pdf"
,"CLJ_2015_2_268","CLJ 2015 2 268.pdf"
,"CLJ_2015_2_286","CLJ 2015 2 286.pdf"
,"CLJ_2015_2_299","CLJ 2015 2 299.pdf"
,"CLJ_2015_2_305","CLJ 2015 2 305.pdf"
,"CLJ_2015_2_328","CLJ 2015 2 328.pdf"
,"CLJ_2015_2_358","CLJ 2015 2 358.pdf"
,"CLJ_2015_2_36","CLJ 2015 2 36.pdf"
,"CLJ_2015_2_364","CLJ 2015 2 364.pdf"
,"CLJ_2015_2_375","CLJ 2015 2 375.pdf"
,"CLJ_2015_2_408","CLJ 2015 2 408.pdf"
,"CLJ_2015_2_42","CLJ 2015 2 42.pdf"
,"CLJ_2015_2_427","CLJ 2015 2 427.pdf"
,"CLJ_2015_2_453","CLJ 2015 2 453.pdf"
,"CLJ_2015_2_510","CLJ 2015 2 510.pdf"
,"CLJ_2015_2_525","CLJ 2015 2 525.pdf"
,"CLJ_2015_2_530","CLJ 2015 2 530.pdf"
,"CLJ_2015_2_548","CLJ 2015 2 548.pdf"
,"CLJ_2015_2_557","CLJ 2015 2 557.pdf"
,"CLJ_2015_2_574","CLJ 2015 2 574.pdf"
,"CLJ_2015_2_593","CLJ 2015 2 593.pdf"
,"CLJ_2015_2_605","CLJ 2015 2 605.pdf"
,"CLJ_2015_2_644","CLJ 2015 2 644.pdf"
,"CLJ_2015_2_670","CLJ 2015 2 670.pdf"
,"CLJ_2015_2_681","CLJ 2015 2 681.pdf"
,"CLJ_2015_2_692","CLJ 2015 2 692.pdf"
,"CLJ_2015_2_709","CLJ 2015 2 709.pdf"
,"CLJ_2015_2_720","CLJ 2015 2 720.pdf"
,"CLJ_2015_2_729","CLJ 2015 2 729.pdf"
,"CLJ_2015_2_745","CLJ 2015 2 745.pdf"
,"CLJ_2015_2_758","CLJ 2015 2 758.pdf"
,"CLJ_2015_2_766","CLJ 2015 2 766.pdf"
,"CLJ_2015_2_791","CLJ 2015 2 791.pdf"
,"CLJ_2015_2_798","CLJ 2015 2 798.pdf"
,"CLJ_2015_2_80","CLJ 2015 2 80.pdf"
,"CLJ_2015_2_828","CLJ 2015 2 828.pdf"
,"CLJ_2015_2_844","CLJ 2015 2 844.pdf"
,"CLJ_2015_2_859","CLJ 2015 2 859.pdf"
,"CLJ_2015_2_86","CLJ 2015 2 86.pdf"
,"CLJ_2015_2_889","CLJ 2015 2 889.pdf"
,"CLJ_2015_2_912","CLJ 2015 2 912.pdf"
,"CLJ_2015_2_92","CLJ 2015 2 92.pdf"
,"CLJ_2015_2_921","CLJ 2015 2 921.pdf"
,"CLJ_2015_2_929","CLJ 2015 2 929.pdf"
,"CLJ_2015_2_940","CLJ 2015 2 940.pdf"
,"CLJ_2015_2_946","CLJ 2015 2 946.pdf"
,"CLJ_2015_2_990","CLJ 2015 2 990.pdf"
,"CLJ_2015_2_996","CLJ 2015 2 996.pdf"
clj_2015_3,"CLJ_2015_3_1","CLJ 2015 3 1.pdf","Current Law Journal, 2015, Volume 3",[2015],texts,opensource
,"CLJ_2015_3_1009","CLJ 2015 3 1009.pdf"
,"CLJ_2015_3_1017","CLJ 2015 3 1017.pdf"
,"CLJ_2015_3_1053","CLJ 2015 3 1053.pdf"
,"CLJ_2015_3_1062","CLJ 2015 3 1062.pdf"
,"CLJ_2015_3_1082","CLJ 2015 3 1082.pdf"
,"CLJ_2015_3_1093","CLJ 2015 3 1093.pdf"
,"CLJ_2015_3_1100","CLJ 2015 3 1100.pdf"
,"CLJ_2015_3_1114","CLJ 2015 3 1114.pdf"
,"CLJ_2015_3_1126","CLJ 2015 3 1126.pdf"
,"CLJ_2015_3_1144","CLJ 2015 3 1144.pdf"
,"CLJ_2015_3_153","CLJ 2015 3 153.pdf"
,"CLJ_2015_3_168","CLJ 2015 3 168.pdf"
,"CLJ_2015_3_17","CLJ 2015 3 17.pdf"
,"CLJ_2015_3_194","CLJ 2015 3 194.pdf"
,"CLJ_2015_3_215","CLJ 2015 3 215.pdf"
,"CLJ_2015_3_234","CLJ 2015 3 234.pdf"
,"CLJ_2015_3_254","CLJ 2015 3 254.pdf"
,"CLJ_2015_3_265","CLJ 2015 3 265.pdf"
,"CLJ_2015_3_273","CLJ 2015 3 273.pdf"
,"CLJ_2015_3_277","CLJ 2015 3 277.pdf"
,"CLJ_2015_3_28","CLJ 2015 3 28.pdf"
,"CLJ_2015_3_291","CLJ 2015 3 291.pdf"
,"CLJ_2015_3_318","CLJ 2015 3 318.pdf"
,"CLJ_2015_3_336","CLJ 2015 3 336.pdf"
,"CLJ_2015_3_342","CLJ 2015 3 342.pdf"
,"CLJ_2015_3_354","CLJ 2015 3 354.pdf"
,"CLJ_2015_3_37","CLJ 2015 3 37.pdf"
,"CLJ_2015_3_375","CLJ 2015 3 375.pdf"
,"CLJ_2015_3_390","CLJ 2015 3 390.pdf"
,"CLJ_2015_3_399","CLJ 2015 3 399.pdf"
,"CLJ_2015_3_404","CLJ 2015 3 404.pdf"
,"CLJ_2015_3_421","CLJ 2015 3 421.pdf"
,"CLJ_2015_3_43","CLJ 2015 3 43.pdf"
,"CLJ_2015_3_439","CLJ 2015 3 439.pdf"
,"CLJ_2015_3_461","CLJ 2015 3 461.pdf"
,"CLJ_2015_3_48","CLJ 2015 3 48.pdf"
,"CLJ_2015_3_489","CLJ 2015 3 489.pdf"
,"CLJ_2015_3_505","CLJ 2015 3 505.pdf"
,"CLJ_2015_3_525","CLJ 2015 3 525.pdf"
,"CLJ_2015_3_537","CLJ 2015 3 537.pdf"
,"CLJ_2015_3_547","CLJ 2015 3 547.pdf"
,"CLJ_2015_3_577","CLJ 2015 3 577.pdf"
,"CLJ_2015_3_615","CLJ 2015 3 615.pdf"
,"CLJ_2015_3_626","CLJ 2015 3 626.pdf"
,"CLJ_2015_3_63","CLJ 2015 3 63.pdf"
,"CLJ_2015_3_636","CLJ 2015 3 636.pdf"
,"CLJ_2015_3_656","CLJ 2015 3 656.pdf"
,"CLJ_2015_3_663","CLJ 2015 3 663.pdf"
,"CLJ_2015_3_682","CLJ 2015 3 682.pdf"
,"CLJ_2015_3_699","CLJ 2015 3 699.pdf"
,"CLJ_2015_3_710","CLJ 2015 3 710.pdf"
,"CLJ_2015_3_717","CLJ 2015 3 717.pdf"
,"CLJ_2015_3_752","CLJ 2015 3 752.pdf"
,"CLJ_2015_3_763","CLJ 2015 3 763.pdf"
,"CLJ_2015_3_775","CLJ 2015 3 775.pdf"
,"CLJ_2015_3_789","CLJ 2015 3 789.pdf"
,"CLJ_2015_3_808","CLJ 2015 3 808.pdf"
,"CLJ_2015_3_825","CLJ 2015 3 825.pdf"
,"CLJ_2015_3_838","CLJ 2015 3 838.pdf"
,"CLJ_2015_3_85","CLJ 2015 3 85.pdf"
,"CLJ_2015_3_851","CLJ 2015 3 851.pdf"
,"CLJ_2015_3_861","CLJ 2015 3 861.pdf"
,"CLJ_2015_3_900","CLJ 2015 3 900.pdf"
,"CLJ_2015_3_916","CLJ 2015 3 916.pdf"
,"CLJ_2015_3_92","CLJ 2015 3 92.pdf"
,"CLJ_2015_3_929","CLJ 2015 3 929.pdf"
,"CLJ_2015_3_940","CLJ 2015 3 940.pdf"
,"CLJ_2015_3_958","CLJ 2015 3 958.pdf"
,"CLJ_2015_3_971","CLJ 2015 3 971.pdf"
,"CLJ_2015_3_984","CLJ 2015 3 984.pdf"
,"CLJ_2015_3_998","CLJ 2015 3 998.pdf"
clj_2015_4,"CLJ_2015_4_1","CLJ 2015 4 1.pdf","Current Law Journal, 2015, Volume 4",[2015],texts,opensource
,"CLJ_2015_4_1005","CLJ 2015 4 1005.pdf"
,"CLJ_2015_4_1016","CLJ 2015 4 1016.pdf"
,"CLJ_2015_4_1027","CLJ 2015 4 1027.pdf"
,"CLJ_2015_4_1035","CLJ 2015 4 1035.pdf"
,"CLJ_2015_4_104","CLJ 2015 4 104.pdf"
,"CLJ_2015_4_1062","CLJ 2015 4 1062.pdf"
,"CLJ_2015_4_1083","CLJ 2015 4 1083.pdf"
,"CLJ_2015_4_1089","CLJ 2015 4 1089.pdf"
,"CLJ_2015_4_109","CLJ 2015 4 109.pdf"
,"CLJ_2015_4_1107","CLJ 2015 4 1107.pdf"
,"CLJ_2015_4_113","CLJ 2015 4 113.pdf"
,"CLJ_2015_4_149","CLJ 2015 4 149.pdf"
,"CLJ_2015_4_162","CLJ 2015 4 162.pdf"
,"CLJ_2015_4_180","CLJ 2015 4 180.pdf"
,"CLJ_2015_4_186","CLJ 2015 4 186.pdf"
,"CLJ_2015_4_198","CLJ 2015 4 198.pdf"
,"CLJ_2015_4_20","CLJ 2015 4 20.pdf"
,"CLJ_2015_4_209","CLJ 2015 4 209.pdf"
,"CLJ_2015_4_219","CLJ 2015 4 219.pdf"
,"CLJ_2015_4_239","CLJ 2015 4 239.pdf"
,"CLJ_2015_4_247","CLJ 2015 4 247.pdf"
,"CLJ_2015_4_260","CLJ 2015 4 260.pdf"
,"CLJ_2015_4_272","CLJ 2015 4 272.pdf"
,"CLJ_2015_4_281","CLJ 2015 4 281.pdf"
,"CLJ_2015_4_295","CLJ 2015 4 295.pdf"
,"CLJ_2015_4_312","CLJ 2015 4 312.pdf"
,"CLJ_2015_4_321","CLJ 2015 4 321.pdf"
,"CLJ_2015_4_334","CLJ 2015 4 334.pdf"
,"CLJ_2015_4_382","CLJ 2015 4 382.pdf"
,"CLJ_2015_4_394","CLJ 2015 4 394.pdf"
,"CLJ_2015_4_41","CLJ 2015 4 41.pdf"
,"CLJ_2015_4_425","CLJ 2015 4 425.pdf"
,"CLJ_2015_4_433","CLJ 2015 4 433.pdf"
,"CLJ_2015_4_446","CLJ 2015 4 446.pdf"
,"CLJ_2015_4_462","CLJ 2015 4 462.pdf"
,"CLJ_2015_4_474","CLJ 2015 4 474.pdf"
,"CLJ_2015_4_491","CLJ 2015 4 491.pdf"
,"CLJ_2015_4_506","CLJ 2015 4 506.pdf"
,"CLJ_2015_4_517","CLJ 2015 4 517.pdf"
,"CLJ_2015_4_526","CLJ 2015 4 526.pdf"
,"CLJ_2015_4_54","CLJ 2015 4 54.pdf"
,"CLJ_2015_4_561","CLJ 2015 4 561.pdf"
,"CLJ_2015_4_595","CLJ 2015 4 595.pdf"
,"CLJ_2015_4_607","CLJ 2015 4 607.pdf"
,"CLJ_2015_4_624","CLJ 2015 4 624.pdf"
,"CLJ_2015_4_635","CLJ 2015 4 635.pdf"
,"CLJ_2015_4_653","CLJ 2015 4 653.pdf"
,"CLJ_2015_4_660","CLJ 2015 4 660.pdf"
,"CLJ_2015_4_674","CLJ 2015 4 674.pdf"
,"CLJ_2015_4_701","CLJ 2015 4 701.pdf"
,"CLJ_2015_4_709","CLJ 2015 4 709.pdf"
,"CLJ_2015_4_71","CLJ 2015 4 71.pdf"
,"CLJ_2015_4_734","CLJ 2015 4 734.pdf"
,"CLJ_2015_4_743","CLJ 2015 4 743.pdf"
,"CLJ_2015_4_763","CLJ 2015 4 763.pdf"
,"CLJ_2015_4_774","CLJ 2015 4 774.pdf"
,"CLJ_2015_4_783","CLJ 2015 4 783.pdf"
,"CLJ_2015_4_807","CLJ 2015 4 807.pdf"
,"CLJ_2015_4_81","CLJ 2015 4 81.pdf"
,"CLJ_2015_4_853","CLJ 2015 4 853.pdf"
,"CLJ_2015_4_869","CLJ 2015 4 869.pdf"
,"CLJ_2015_4_880","CLJ 2015 4 880.pdf"
,"CLJ_2015_4_892","CLJ 2015 4 892.pdf"
,"CLJ_2015_4_902","CLJ 2015 4 902.pdf"
,"CLJ_2015_4_916","CLJ 2015 4 916.pdf"
,"CLJ_2015_4_928","CLJ 2015 4 928.pdf"
,"CLJ_2015_4_94","CLJ 2015 4 94.pdf"
,"CLJ_2015_4_968","CLJ 2015 4 968.pdf"
,"CLJ_2015_4_995","CLJ 2015 4 995.pdf"
clj_2015_5,"CLJ_2015_5_1","CLJ 2015 5 1.pdf","Current Law Journal, 2015, Volume 5",[2015],texts,opensource
,"CLJ_2015_5_1005","CLJ 2015 5 1005.pdf"
,"CLJ_2015_5_1009","CLJ 2015 5 1009.pdf"
,"CLJ_2015_5_1018","CLJ 2015 5 1018.pdf"
,"CLJ_2015_5_1026","CLJ 2015 5 1026.pdf"

,"CLJ_2015_5_1052","CLJ 2015 5 1052.pdf"
,"CLJ_2015_5_1074","CLJ 2015 5 1074.pdf"
,"CLJ_2015_5_1096","CLJ 2015 5 1096.pdf"
,"CLJ_2015_5_1105","CLJ 2015 5 1105.pdf"
,"CLJ_2015_5_120","CLJ 2015 5 120.pdf"
,"CLJ_2015_5_138","CLJ 2015 5 138.pdf"
,"CLJ_2015_5_157","CLJ 2015 5 157.pdf"
,"CLJ_2015_5_17","CLJ 2015 5 17.pdf"
,"CLJ_2015_5_176","CLJ 2015 5 176.pdf"
,"CLJ_2015_5_189","CLJ 2015 5 189.pdf"
,"CLJ_2015_5_204","CLJ 2015 5 204.pdf"
,"CLJ_2015_5_223","CLJ 2015 5 223.pdf"
,"CLJ_2015_5_260","CLJ 2015 5 260.pdf"
,"CLJ_2015_5_301","CLJ 2015 5 301.pdf"
,"CLJ_2015_5_32","CLJ 2015 5 32.pdf"
,"CLJ_2015_5_324","CLJ 2015 5 324.pdf"
,"CLJ_2015_5_354","CLJ 2015 5 354.pdf"
,"CLJ_2015_5_364","CLJ 2015 5 364.pdf"
,"CLJ_2015_5_388","CLJ 2015 5 388.pdf"
,"CLJ_2015_5_394","CLJ 2015 5 394.pdf"
,"CLJ_2015_5_402","CLJ 2015 5 402.pdf"
,"CLJ_2015_5_426","CLJ 2015 5 426.pdf"
,"CLJ_2015_5_457","CLJ 2015 5 457.pdf"
,"CLJ_2015_5_462","CLJ 2015 5 462.pdf"
,"CLJ_2015_5_480","CLJ 2015 5 480.pdf"
,"CLJ_2015_5_509","CLJ 2015 5 509.pdf"
,"CLJ_2015_5_517","CLJ 2015 5 517.pdf"
,"CLJ_2015_5_52","CLJ 2015 5 52.pdf"
,"CLJ_2015_5_527","CLJ 2015 5 527.pdf"
,"CLJ_2015_5_602","CLJ 2015 5 602.pdf"
,"CLJ_2015_5_609","CLJ 2015 5 609.pdf"
,"CLJ_2015_5_623","CLJ 2015 5 623.pdf"
,"CLJ_2015_5_636","CLJ 2015 5 636.pdf"
,"CLJ_2015_5_652","CLJ 2015 5 652.pdf"
,"CLJ_2015_5_702","CLJ 2015 5 702.pdf"
,"CLJ_2015_5_71","CLJ 2015 5 71.pdf"
,"CLJ_2015_5_725","CLJ 2015 5 725.pdf"
,"CLJ_2015_5_735","CLJ 2015 5 735.pdf"
,"CLJ_2015_5_745","CLJ 2015 5 745.pdf"
,"CLJ_2015_5_753","CLJ 2015 5 753.pdf"
,"CLJ_2015_5_788","CLJ 2015 5 788.pdf"
,"CLJ_2015_5_798","CLJ 2015 5 798.pdf"
,"CLJ_2015_5_813","CLJ 2015 5 813.pdf"
,"CLJ_2015_5_827","CLJ 2015 5 827.pdf"
,"CLJ_2015_5_836","CLJ 2015 5 836.pdf"
,"CLJ_2015_5_848","CLJ 2015 5 848.pdf"
,"CLJ_2015_5_865","CLJ 2015 5 865.pdf"
,"CLJ_2015_5_880","CLJ 2015 5 880.pdf"
,"CLJ_2015_5_893","CLJ 2015 5 893.pdf"
,"CLJ_2015_5_923","CLJ 2015 5 923.pdf"
,"CLJ_2015_5_93","CLJ 2015 5 93.pdf"
,"CLJ_2015_5_938","CLJ 2015 5 938.pdf"
,"CLJ_2015_5_955","CLJ 2015 5 955.pdf"
,"CLJ_2015_5_966","CLJ 2015 5 966.pdf"
,"CLJ_2015_5_979","CLJ 2015 5 979.pdf"
,"CLJ_2015_5_996","CLJ 2015 5 996.pdf"
clj_2015_6,"CLJ_2015_6_1","CLJ 2015 6 1.pdf","Current Law Journal, 2015, Volume 6",[2015],texts,opensource
,"CLJ_2015_6_10","CLJ 2015 6 10.pdf"
,"CLJ_2015_6_1005","CLJ 2015 6 1005.pdf"
,"CLJ_2015_6_1028","CLJ 2015 6 1028.pdf"
,"CLJ_2015_6_1045","CLJ 2015 6 1045.pdf"
,"CLJ_2015_6_1070","CLJ 2015 6 1070.pdf"
,"CLJ_2015_6_1094","CLJ 2015 6 1094.pdf"
,"CLJ_2015_6_1104","CLJ 2015 6 1104.pdf"
,"CLJ_2015_6_1127","CLJ 2015 6 1127.pdf"
,"CLJ_2015_6_117","CLJ 2015 6 117.pdf"
,"CLJ_2015_6_125","CLJ 2015 6 125.pdf"
,"CLJ_2015_6_135","CLJ 2015 6 135.pdf"
,"CLJ_2015_6_149","CLJ 2015 6 149.pdf"
,"CLJ_2015_6_163","CLJ 2015 6 163.pdf"
,"CLJ_2015_6_181","CLJ 2015 6 181.pdf"
,"CLJ_2015_6_199","CLJ 2015 6 199.pdf"
,"CLJ_2015_6_217","CLJ 2015 6 217.pdf"
,"CLJ_2015_6_225","CLJ 2015 6 225.pdf"
,"CLJ_2015_6_246","CLJ 2015 6 246.pdf"
,"CLJ_2015_6_269","CLJ 2015 6 269.pdf"
,"CLJ_2015_6_27","CLJ 2015 6 27.pdf"
,"CLJ_2015_6_277","CLJ 2015 6 277.pdf"
,"CLJ_2015_6_295","CLJ 2015 6 295.pdf"
,"CLJ_2015_6_312","CLJ 2015 6 312.pdf"
,"CLJ_2015_6_328","CLJ 2015 6 328.pdf"
,"CLJ_2015_6_35","CLJ 2015 6 35.pdf"
,"CLJ_2015_6_357","CLJ 2015 6 357.pdf"
,"CLJ_2015_6_367","CLJ 2015 6 367.pdf"
,"CLJ_2015_6_375","CLJ 2015 6 375.pdf"
,"CLJ_2015_6_387","CLJ 2015 6 387.pdf"
,"CLJ_2015_6_396","CLJ 2015 6 396.pdf"
,"CLJ_2015_6_407","CLJ 2015 6 407.pdf"
,"CLJ_2015_6_418","CLJ 2015 6 418.pdf"
,"CLJ_2015_6_425","CLJ 2015 6 425.pdf"
,"CLJ_2015_6_438","CLJ 2015 6 438.pdf"
,"CLJ_2015_6_449","CLJ 2015 6 449.pdf"
,"CLJ_2015_6_464","CLJ 2015 6 464.pdf"
,"CLJ_2015_6_476","CLJ 2015 6 476.pdf"
,"CLJ_2015_6_486","CLJ 2015 6 486.pdf"
,"CLJ_2015_6_497","CLJ 2015 6 497.pdf"
,"CLJ_2015_6_511","CLJ 2015 6 511.pdf"
,"CLJ_2015_6_532","CLJ 2015 6 532.pdf"
,"CLJ_2015_6_561","CLJ 2015 6 561.pdf"
,"CLJ_2015_6_579","CLJ 2015 6 579.pdf"
,"CLJ_2015_6_594","CLJ 2015 6 594.pdf"
,"CLJ_2015_6_620","CLJ 2015 6 620.pdf"
,"CLJ_2015_6_634","CLJ 2015 6 634.pdf"
,"CLJ_2015_6_649","CLJ 2015 6 649.pdf"
,"CLJ_2015_6_691","CLJ 2015 6 691.pdf"
,"CLJ_2015_6_705","CLJ 2015 6 705.pdf"
,"CLJ_2015_6_726","CLJ 2015 6 726.pdf"
,"CLJ_2015_6_740","CLJ 2015 6 740.pdf"
,"CLJ_2015_6_751","CLJ 2015 6 751.pdf"
,"CLJ_2015_6_760","CLJ 2015 6 760.pdf"
,"CLJ_2015_6_788","CLJ 2015 6 788.pdf"
,"CLJ_2015_6_814","CLJ 2015 6 814.pdf"
,"CLJ_2015_6_822","CLJ 2015 6 822.pdf"
,"CLJ_2015_6_857","CLJ 2015 6 857.pdf"
,"CLJ_2015_6_897","CLJ 2015 6 897.pdf"
,"CLJ_2015_6_914","CLJ 2015 6 914.pdf"
,"CLJ_2015_6_928","CLJ 2015 6 928.pdf"
,"CLJ_2015_6_945","CLJ 2015 6 945.pdf"
,"CLJ_2015_6_954","CLJ 2015 6 954.pdf"
,"CLJ_2015_6_97","CLJ 2015 6 97.pdf"
,"CLJ_2015_6_972","CLJ 2015 6 972.pdf"
,"CLJ_2015_6_997","CLJ 2015 6 997.pdf"
clj_2015_7,"CLJ_2015_7_1","CLJ 2015 7 1.pdf","Current Law Journal, 2015, Volume 7",[2015],texts,opensource
,"CLJ_2015_7_1008","CLJ 2015 7 1008.pdf"
,"CLJ_2015_7_101","CLJ 2015 7 101.pdf"
,"CLJ_2015_7_1039","CLJ 2015 7 1039.pdf"
,"CLJ_2015_7_1051","CLJ 2015 7 1051.pdf"
,"CLJ_2015_7_1071","CLJ 2015 7 1071.pdf"
,"CLJ_2015_7_1114","CLJ 2015 7 1114.pdf"
,"CLJ_2015_7_121","CLJ 2015 7 121.pdf"
,"CLJ_2015_7_132","CLJ 2015 7 132.pdf"
,"CLJ_2015_7_138","CLJ 2015 7 138.pdf"
,"CLJ_2015_7_149","CLJ 2015 7 149.pdf"
,"CLJ_2015_7_16","CLJ 2015 7 16.pdf"
,"CLJ_2015_7_180","CLJ 2015 7 180.pdf"
,"CLJ_2015_7_203","CLJ 2015 7 203.pdf"
,"CLJ_2015_7_219","CLJ 2015 7 219.pdf"
,"CLJ_2015_7_230","CLJ 2015 7 230.pdf"
,"CLJ_2015_7_238","CLJ 2015 7 238.pdf"
,"CLJ_2015_7_252","CLJ 2015 7 252.pdf"
,"CLJ_2015_7_266","CLJ 2015 7 266.pdf"
,"CLJ_2015_7_27","CLJ 2015 7 27.pdf"
,"CLJ_2015_7_270","CLJ 2015 7 270.pdf"
,"CLJ_2015_7_289","CLJ 2015 7 289.pdf"
,"CLJ_2015_7_301","CLJ 2015 7 301.pdf"
,"CLJ_2015_7_309","CLJ 2015 7 309.pdf"
,"CLJ_2015_7_318","CLJ 2015 7 318.pdf"
,"CLJ_2015_7_328","CLJ 2015 7 328.pdf"
,"CLJ_2015_7_343","CLJ 2015 7 343.pdf"
,"CLJ_2015_7_354","CLJ 2015 7 354.pdf"
,"CLJ_2015_7_374","CLJ 2015 7 374.pdf"
,"CLJ_2015_7_40","CLJ 2015 7 40.pdf"
,"CLJ_2015_7_403","CLJ 2015 7 403.pdf"
,"CLJ_2015_7_425","CLJ 2015 7 425.pdf"
,"CLJ_2015_7_438","CLJ 2015 7 438.pdf"
,"CLJ_2015_7_450","CLJ 2015 7 450.pdf"
,"CLJ_2015_7_468","CLJ 2015 7 468.pdf"
,"CLJ_2015_7_485","CLJ 2015 7 485.pdf"
,"CLJ_2015_7_503","CLJ 2015 7 503.pdf"
,"CLJ_2015_7_508","CLJ 2015 7 508.pdf"
,"CLJ_2015_7_522","CLJ 2015 7 522.pdf"
,"CLJ_2015_7_533","CLJ 2015 7 533.pdf"
,"CLJ_2015_7_546","CLJ 2015 7 546.pdf"
,"CLJ_2015_7_561","CLJ 2015 7 561.pdf"
,"CLJ_2015_7_584","CLJ 2015 7 584.pdf"
,"CLJ_2015_7_59","CLJ 2015 7 59.pdf"
,"CLJ_2015_7_600","CLJ 2015 7 600.pdf"
,"CLJ_2015_7_608","CLJ 2015 7 608.pdf"
,"CLJ_2015_7_616","CLJ 2015 7 616.pdf"
,"CLJ_2015_7_632","CLJ 2015 7 632.pdf"
,"CLJ_2015_7_647","CLJ 2015 7 647.pdf"
,"CLJ_2015_7_677","CLJ 2015 7 677.pdf"
,"CLJ_2015_7_688","CLJ 2015 7 688.pdf"
,"CLJ_2015_7_705","CLJ 2015 7 705.pdf"
,"CLJ_2015_7_714","CLJ 2015 7 714.pdf"
,"CLJ_2015_7_727","CLJ 2015 7 727.pdf"
,"CLJ_2015_7_745","CLJ 2015 7 745.pdf"
,"CLJ_2015_7_753","CLJ 2015 7 753.pdf"
,"CLJ_2015_7_785","CLJ 2015 7 785.pdf"
,"CLJ_2015_7_795","CLJ 2015 7 795.pdf"
,"CLJ_2015_7_805","CLJ 2015 7 805.pdf"
,"CLJ_2015_7_825","CLJ 2015 7 825.pdf"
,"CLJ_2015_7_838","CLJ 2015 7 838.pdf"
,"CLJ_2015_7_849","CLJ 2015 7 849.pdf"
,"CLJ_2015_7_870","CLJ 2015 7 870.pdf"
,"CLJ_2015_7_882","CLJ 2015 7 882.pdf"
,"CLJ_2015_7_897","CLJ 2015 7 897.pdf"
,"CLJ_2015_7_930","CLJ 2015 7 930.pdf"
,"CLJ_2015_7_955","CLJ 2015 7 955.pdf"
,"CLJ_2015_7_960","CLJ 2015 7 960.pdf"
,"CLJ_2015_7_972","CLJ 2015 7 972.pdf"
,"CLJ_2015_7_984","CLJ 2015 7 984.pdf"
,"CLJ_2015_7_993","CLJ 2015 7 993.pdf"
clj_2015_8,"CLJ_2015_8_1","CLJ 2015 8 1.pdf","Current Law Journal, 2015, Volume 8",[2015],texts,opensource
,"CLJ_2015_8_1003","CLJ 2015 8 1003.pdf"
,"CLJ_2015_8_1011","CLJ 2015 8 1011.pdf"
,"CLJ_2015_8_1019","CLJ 2015 8 1019.pdf"
,"CLJ_2015_8_103","CLJ 2015 8 103.pdf"
,"CLJ_2015_8_1036","CLJ 2015 8 1036.pdf"
,"CLJ_2015_8_1047","CLJ 2015 8 1047.pdf"
,"CLJ_2015_8_1057","CLJ 2015 8 1057.pdf"
,"CLJ_2015_8_1068","CLJ 2015 8 1068.pdf"
,"CLJ_2015_8_1117","CLJ 2015 8 1117.pdf"
,"CLJ_2015_8_1173","CLJ 2015 8 1173.pdf"
,"CLJ_2015_8_1189","CLJ 2015 8 1189.pdf"
,"CLJ_2015_8_1202","CLJ 2015 8 1202.pdf"
,"CLJ_2015_8_125","CLJ 2015 8 125.pdf"
,"CLJ_2015_8_16","CLJ 2015 8 16.pdf"
,"CLJ_2015_8_165","CLJ 2015 8 165.pdf"
,"CLJ_2015_8_212","CLJ 2015 8 212.pdf"
,"CLJ_2015_8_248","CLJ 2015 8 248.pdf"
,"CLJ_2015_8_287","CLJ 2015 8 287.pdf"
,"CLJ_2015_8_300","CLJ 2015 8 300.pdf"
,"CLJ_2015_8_321","CLJ 2015 8 321.pdf"
,"CLJ_2015_8_329","CLJ 2015 8 329.pdf"
,"CLJ_2015_8_353","CLJ 2015 8 353.pdf"
,"CLJ_2015_8_360","CLJ 2015 8 360.pdf"
,"CLJ_2015_8_367","CLJ 2015 8 367.pdf"
,"CLJ_2015_8_399","CLJ 2015 8 399.pdf"
,"CLJ_2015_8_410","CLJ 2015 8 410.pdf"
,"CLJ_2015_8_431","CLJ 2015 8 431.pdf"
,"CLJ_2015_8_470","CLJ 2015 8 470.pdf"
,"CLJ_2015_8_477","CLJ 2015 8 477.pdf"
,"CLJ_2015_8_503","CLJ 2015 8 503.pdf"
,"CLJ_2015_8_521","CLJ 2015 8 521.pdf"
,"CLJ_2015_8_531","CLJ 2015 8 531.pdf"
,"CLJ_2015_8_555","CLJ 2015 8 555.pdf"
,"CLJ_2015_8_573","CLJ 2015 8 573.pdf"
,"CLJ_2015_8_58","CLJ 2015 8 58.pdf"
,"CLJ_2015_8_611","CLJ 2015 8 611.pdf"
,"CLJ_2015_8_621","CLJ 2015 8 621.pdf"
,"CLJ_2015_8_634","CLJ 2015 8 634.pdf"
,"CLJ_2015_8_641","CLJ 2015 8 641.pdf"
,"CLJ_2015_8_665","CLJ 2015 8 665.pdf"
,"CLJ_2015_8_676","CLJ 2015 8 676.pdf"
,"CLJ_2015_8_714","CLJ 2015 8 714.pdf"
,"CLJ_2015_8_728","CLJ 2015 8 728.pdf"
,"CLJ_2015_8_739","CLJ 2015 8 739.pdf"
,"CLJ_2015_8_755","CLJ 2015 8 755.pdf"
,"CLJ_2015_8_769","CLJ 2015 8 769.pdf"
,"CLJ_2015_8_839","CLJ 2015 8 839.pdf"
,"CLJ_2015_8_856","CLJ 2015 8 856.pdf"
,"CLJ_2015_8_882","CLJ 2015 8 882.pdf"
,"CLJ_2015_8_890","CLJ 2015 8 890.pdf"
,"CLJ_2015_8_90","CLJ 2015 8 90.pdf"
,"CLJ_2015_8_901","CLJ 2015 8 901.pdf"
,"CLJ_2015_8_914","CLJ 2015 8 914.pdf"
,"CLJ_2015_8_921","CLJ 2015 8 921.pdf"
,"CLJ_2015_8_944","CLJ 2015 8 944.pdf"
,"CLJ_2015_8_975","CLJ 2015 8 975.pdf"
,"CLJ_2015_8_990","CLJ 2015 8 990.pdf"
clj_2015_9,"CLJ_2015_9_1","CLJ 2015 9 1.pdf","Current Law Journal, 2015, Volume 9",[2015],texts,opensource
,"CLJ_2015_9_1002","CLJ 2015 9 1002.pdf"
,"CLJ_2015_9_1029","CLJ 2015 9 1029.pdf"
,"CLJ_2015_9_1046","CLJ 2015 9 1046.pdf"
,"CLJ_2015_9_1070","CLJ 2015 9 1070.pdf"
,"CLJ_2015_9_110","CLJ 2015 9 110.pdf"
,"CLJ_2015_9_125","CLJ 2015 9 125.pdf"
,"CLJ_2015_9_153","CLJ 2015 9 153.pdf"
,"CLJ_2015_9_169","CLJ 2015 9 169.pdf"
,"CLJ_2015_9_179","CLJ 2015 9 179.pdf"
,"CLJ_2015_9_197","CLJ 2015 9 197.pdf"
,"CLJ_2015_9_221","CLJ 2015 9 221.pdf"
,"CLJ_2015_9_227","CLJ 2015 9 227.pdf"
,"CLJ_2015_9_243","CLJ 2015 9 243.pdf"
,"CLJ_2015_9_263","CLJ 2015 9 263.pdf"
,"CLJ_2015_9_273","CLJ 2015 9 273.pdf"
,"CLJ_2015_9_295","CLJ 2015 9 295.pdf"
,"CLJ_2015_9_309","CLJ 2015 9 309.pdf"
,"CLJ_2015_9_328","CLJ 2015 9 328.pdf"
,"CLJ_2015_9_344","CLJ 2015 9 344.pdf"
,"CLJ_2015_9_357","CLJ 2015 9 357.pdf"
,"CLJ_2015_9_368","CLJ 2015 9 368.pdf"
,"CLJ_2015_9_37","CLJ 2015 9 37.pdf"
,"CLJ_2015_9_392","CLJ 2015 9 392.pdf"
,"CLJ_2015_9_405","CLJ 2015 9 405.pdf"
,"CLJ_2015_9_422","CLJ 2015 9 422.pdf"
,"CLJ_2015_9_445","CLJ 2015 9 445.pdf"
,"CLJ_2015_9_454","CLJ 2015 9 454.pdf"
,"CLJ_2015_9_459","CLJ 2015 9 459.pdf"
,"CLJ_2015_9_476","CLJ 2015 9 476.pdf"
,"CLJ_2015_9_493","CLJ 2015 9 493.pdf"
,"CLJ_2015_9_51","CLJ 2015 9 51.pdf"
,"CLJ_2015_9_511","CLJ 2015 9 511.pdf"
,"CLJ_2015_9_531","CLJ 2015 9 531.pdf"
,"CLJ_2015_9_537","CLJ 2015 9 537.pdf"
,"CLJ_2015_9_552","CLJ 2015 9 552.pdf"
,"CLJ_2015_9_562","CLJ 2015 9 562.pdf"
,"CLJ_2015_9_578","CLJ 2015 9 578.pdf"
,"CLJ_2015_9_590","CLJ 2015 9 590.pdf"
,"CLJ_2015_9_610","CLJ 2015 9 610.pdf"
,"CLJ_2015_9_62","CLJ 2015 9 62.pdf"
,"CLJ_2015_9_640","CLJ 2015 9 640.pdf"
,"CLJ_2015_9_665","CLJ 2015 9 665.pdf"
,"CLJ_2015_9_677","CLJ 2015 9 677.pdf"
,"CLJ_2015_9_689","CLJ 2015 9 689.pdf"
,"CLJ_2015_9_706","CLJ 2015 9 706.pdf"
,"CLJ_2015_9_731","CLJ 2015 9 731.pdf"
,"CLJ_2015_9_749","CLJ 2015 9 749.pdf"
,"CLJ_2015_9_77","CLJ 2015 9 77.pdf"
,"CLJ_2015_9_772","CLJ 2015 9 772.pdf"
,"CLJ_2015_9_782","CLJ 2015 9 782.pdf"
,"CLJ_2015_9_800","CLJ 2015 9 800.pdf"
,"CLJ_2015_9_821","CLJ 2015 9 821.pdf"
,"CLJ_2015_9_845","CLJ 2015 9 845.pdf"
,"CLJ_2015_9_873","CLJ 2015 9 873.pdf"
,"CLJ_2015_9_902","CLJ 2015 9 902.pdf"
,"CLJ_2015_9_919","CLJ 2015 9 919.pdf"
,"CLJ_2015_9_93","CLJ 2015 9 93.pdf"
,"CLJ_2015_9_936","CLJ 2015 9 936.pdf"
,"CLJ_2015_9_957","CLJ 2015 9 957.pdf"
,"CLJ_2015_9_979","CLJ 2015 9 979.pdf"
clj_2016_1,"CLJ_2016_1_1","CLJ 2016 1 1.pdf","Current Law Journal, 2016, Volume 1",[2016],texts,opensource
,"CLJ_2016_1_1001","CLJ 2016 1 1001.pdf"
,"CLJ_2016_1_1018","CLJ 2016 1 1018.pdf"
,"CLJ_2016_1_1026","CLJ 2016 1 1026.pdf"
,"CLJ_2016_1_1046","CLJ 2016 1 1046.pdf"
,"CLJ_2016_1_1065","CLJ 2016 1 1065.pdf"
,"CLJ_2016_1_107","CLJ 2016 1 107.pdf"
,"CLJ_2016_1_115","CLJ 2016 1 115.pdf"
,"CLJ_2016_1_13","CLJ 2016 1 13.pdf"
,"CLJ_2016_1_144","CLJ 2016 1 144.pdf"
,"CLJ_2016_1_158","CLJ 2016 1 158.pdf"
,"CLJ_2016_1_169","CLJ 2016 1 169.pdf"
,"CLJ_2016_1_177","CLJ 2016 1 177.pdf"
,"CLJ_2016_1_218","CLJ 2016 1 218.pdf"
,"CLJ_2016_1_243","CLJ 2016 1 243.pdf"
,"CLJ_2016_1_254","CLJ 2016 1 254.pdf"
,"CLJ_2016_1_266","CLJ 2016 1 266.pdf"
,"CLJ_2016_1_281","CLJ 2016 1 281.pdf"
,"CLJ_2016_1_30","CLJ 2016 1 30.pdf"
,"CLJ_2016_1_303","CLJ 2016 1 303.pdf"
,"CLJ_2016_1_318","CLJ 2016 1 318.pdf"
,"CLJ_2016_1_336","CLJ 2016 1 336.pdf"
,"CLJ_2016_1_357","CLJ 2016 1 357.pdf"
,"CLJ_2016_1_365","CLJ 2016 1 365.pdf"
,"CLJ_2016_1_377","CLJ 2016 1 377.pdf"
,"CLJ_2016_1_39","CLJ 2016 1 39.pdf"
,"CLJ_2016_1_420","CLJ 2016 1 420.pdf"
,"CLJ_2016_1_439","CLJ 2016 1 439.pdf"
,"CLJ_2016_1_461","CLJ 2016 1 461.pdf"
,"CLJ_2016_1_480","CLJ 2016 1 480.pdf"
,"CLJ_2016_1_491","CLJ 2016 1 491.pdf"
,"CLJ_2016_1_494","CLJ 2016 1 494.pdf"
,"CLJ_2016_1_505","CLJ 2016 1 505.pdf"
,"CLJ_2016_1_52","CLJ 2016 1 52.pdf"
,"CLJ_2016_1_529","CLJ 2016 1 529.pdf"
,"CLJ_2016_1_548","CLJ 2016 1 548.pdf"
,"CLJ_2016_1_566","CLJ 2016 1 566.pdf"
,"CLJ_2016_1_578","CLJ 2016 1 578.pdf"
,"CLJ_2016_1_587","CLJ 2016 1 587.pdf"
,"CLJ_2016_1_605","CLJ 2016 1 605.pdf"
,"CLJ_2016_1_618","CLJ 2016 1 618.pdf"
,"CLJ_2016_1_664","CLJ 2016 1 664.pdf"
,"CLJ_2016_1_687","CLJ 2016 1 687.pdf"
,"CLJ_2016_1_706","CLJ 2016 1 706.pdf"
,"CLJ_2016_1_713","CLJ 2016 1 713.pdf"
,"CLJ_2016_1_724","CLJ 2016 1 724.pdf"
,"CLJ_2016_1_736","CLJ 2016 1 736.pdf"
,"CLJ_2016_1_772","CLJ 2016 1 772.pdf"
,"CLJ_2016_1_797","CLJ 2016 1 797.pdf"
,"CLJ_2016_1_811","CLJ 2016 1 811.pdf"
,"CLJ_2016_1_858","CLJ 2016 1 858.pdf"
,"CLJ_2016_1_866","CLJ 2016 1 866.pdf"
,"CLJ_2016_1_882","CLJ 2016 1 882.pdf"
,"CLJ_2016_1_893","CLJ 2016 1 893.pdf"
,"CLJ_2016_1_90","CLJ 2016 1 90.pdf"
,"CLJ_2016_1_911","CLJ 2016 1 911.pdf"
,"CLJ_2016_1_979","CLJ 2016 1 979.pdf"
,"CLJ_2016_1_989","CLJ 2016 1 989.pdf"
clj_2016_10,"CLJ_2016_10_1","CLJ 2016 10 1.pdf","Current Law Journal, 2016, Volume 10",[2016],texts,opensource
,"CLJ_2016_10_103","CLJ 2016 10 103.pdf"
,"CLJ_2016_10_112","CLJ 2016 10 112.pdf"
,"CLJ_2016_10_123","CLJ 2016 10 123.pdf"
,"CLJ_2016_10_138","CLJ 2016 10 138.pdf"
,"CLJ_2016_10_148","CLJ 2016 10 148.pdf"
,"CLJ_2016_10_164","CLJ 2016 10 164.pdf"
,"CLJ_2016_10_176","CLJ 2016 10 176.pdf"
,"CLJ_2016_10_18","CLJ 2016 10 18.pdf"
,"CLJ_2016_10_187","CLJ 2016 10 187.pdf"
,"CLJ_2016_10_205","CLJ 2016 10 205.pdf"
,"CLJ_2016_10_235","CLJ 2016 10 235.pdf"
,"CLJ_2016_10_247","CLJ 2016 10 247.pdf"
,"CLJ_2016_10_274","CLJ 2016 10 274.pdf"
,"CLJ_2016_10_284","CLJ 2016 10 284.pdf"
,"CLJ_2016_10_297","CLJ 2016 10 297.pdf"
,"CLJ_2016_10_312","CLJ 2016 10 312.pdf"
,"CLJ_2016_10_32","CLJ 2016 10 32.pdf"
,"CLJ_2016_10_322","CLJ 2016 10 322.pdf"
,"CLJ_2016_10_368","CLJ 2016 10 368.pdf"
,"CLJ_2016_10_382","CLJ 2016 10 382.pdf"
,"CLJ_2016_10_402","CLJ 2016 10 402.pdf"
,"CLJ_2016_10_410","CLJ 2016 10 410.pdf"
,"CLJ_2016_10_435","CLJ 2016 10 435.pdf"
,"CLJ_2016_10_445","CLJ 2016 10 445.pdf"
,"CLJ_2016_10_45","CLJ 2016 10 45.pdf"
,"CLJ_2016_10_469","CLJ 2016 10 469.pdf"
,"CLJ_2016_10_493","CLJ 2016 10 493.pdf"
,"CLJ_2016_10_508","CLJ 2016 10 508.pdf"
,"CLJ_2016_10_522","CLJ 2016 10 522.pdf"
,"CLJ_2016_10_535","CLJ 2016 10 535.pdf"
,"CLJ_2016_10_556","CLJ 2016 10 556.pdf"
,"CLJ_2016_10_567","CLJ 2016 10 567.pdf"
,"CLJ_2016_10_574","CLJ 2016 10 574.pdf"
,"CLJ_2016_10_589","CLJ 2016 10 589.pdf"
,"CLJ_2016_10_59","CLJ 2016 10 59.pdf"
,"CLJ_2016_10_598","CLJ 2016 10 598.pdf"
,"CLJ_2016_10_617","CLJ 2016 10 617.pdf"
,"CLJ_2016_10_622","CLJ 2016 10 622.pdf"
,"CLJ_2016_10_629","CLJ 2016 10 629.pdf"
,"CLJ_2016_10_645","CLJ 2016 10 645.pdf"
,"CLJ_2016_10_656","CLJ 2016 10 656.pdf"

,"CLJ_2016_10_68","CLJ 2016 10 68.pdf"
,"CLJ_2016_10_688","CLJ 2016 10 688.pdf"
,"CLJ_2016_10_731","CLJ 2016 10 731.pdf"
,"CLJ_2016_10_748","CLJ 2016 10 748.pdf"
,"CLJ_2016_10_761","CLJ 2016 10 761.pdf"
,"CLJ_2016_10_77","CLJ 2016 10 77.pdf"
,"CLJ_2016_10_92","CLJ 2016 10 92.pdf"
clj_2016_2,"CLJ_2016_2_1","CLJ 2016 2 1.pdf","Current Law Journal, 2016, Volume 2",[2016],texts,opensource
,"CLJ_2016_2_123","CLJ 2016 2 123.pdf"
,"CLJ_2016_2_150","CLJ 2016 2 150.pdf"
,"CLJ_2016_2_158","CLJ 2016 2 158.pdf"
,"CLJ_2016_2_185","CLJ 2016 2 185.pdf"
,"CLJ_2016_2_198","CLJ 2016 2 198.pdf"
,"CLJ_2016_2_210","CLJ 2016 2 210.pdf"
,"CLJ_2016_2_224","CLJ 2016 2 224.pdf"
,"CLJ_2016_2_23","CLJ 2016 2 23.pdf"
,"CLJ_2016_2_231","CLJ 2016 2 231.pdf"
,"CLJ_2016_2_247","CLJ 2016 2 247.pdf"
,"CLJ_2016_2_258","CLJ 2016 2 258.pdf"
,"CLJ_2016_2_267","CLJ 2016 2 267.pdf"
,"CLJ_2016_2_294","CLJ 2016 2 294.pdf"
,"CLJ_2016_2_306","CLJ 2016 2 306.pdf"
,"CLJ_2016_2_312","CLJ 2016 2 312.pdf"
,"CLJ_2016_2_346","CLJ 2016 2 346.pdf"
,"CLJ_2016_2_351","CLJ 2016 2 351.pdf"
,"CLJ_2016_2_36","CLJ 2016 2 36.pdf"
,"CLJ_2016_2_365","CLJ 2016 2 365.pdf"
,"CLJ_2016_2_379","CLJ 2016 2 379.pdf"
,"CLJ_2016_2_387","CLJ 2016 2 387.pdf"
,"CLJ_2016_2_400","CLJ 2016 2 400.pdf"
,"CLJ_2016_2_414","CLJ 2016 2 414.pdf"
,"CLJ_2016_2_427","CLJ 2016 2 427.pdf"
,"CLJ_2016_2_444","CLJ 2016 2 444.pdf"
,"CLJ_2016_2_50","CLJ 2016 2 50.pdf"
,"CLJ_2016_2_510","CLJ 2016 2 510.pdf"
,"CLJ_2016_2_526","CLJ 2016 2 526.pdf"
,"CLJ_2016_2_545","CLJ 2016 2 545.pdf"
,"CLJ_2016_2_563","CLJ 2016 2 563.pdf"
,"CLJ_2016_2_579","CLJ 2016 2 579.pdf"
,"CLJ_2016_2_610","CLJ 2016 2 610.pdf"
,"CLJ_2016_2_62","CLJ 2016 2 62.pdf"
,"CLJ_2016_2_626","CLJ 2016 2 626.pdf"
,"CLJ_2016_2_642","CLJ 2016 2 642.pdf"
,"CLJ_2016_2_654","CLJ 2016 2 654.pdf"
,"CLJ_2016_2_678","CLJ 2016 2 678.pdf"
,"CLJ_2016_2_689","CLJ 2016 2 689.pdf"
,"CLJ_2016_2_695","CLJ 2016 2 695.pdf"
,"CLJ_2016_2_708","CLJ 2016 2 708.pdf"
,"CLJ_2016_2_717","CLJ 2016 2 717.pdf"
,"CLJ_2016_2_751","CLJ 2016 2 751.pdf"
,"CLJ_2016_2_763","CLJ 2016 2 763.pdf"
,"CLJ_2016_2_78","CLJ 2016 2 78.pdf"
,"CLJ_2016_2_789","CLJ 2016 2 789.pdf"
,"CLJ_2016_2_807","CLJ 2016 2 807.pdf"
,"CLJ_2016_2_823","CLJ 2016 2 823.pdf"
,"CLJ_2016_2_848","CLJ 2016 2 848.pdf"
,"CLJ_2016_2_861","CLJ 2016 2 861.pdf"
,"CLJ_2016_2_872","CLJ 2016 2 872.pdf"
,"CLJ_2016_2_885","CLJ 2016 2 885.pdf"
,"CLJ_2016_2_905","CLJ 2016 2 905.pdf"
,"CLJ_2016_2_918","CLJ 2016 2 918.pdf"
,"CLJ_2016_2_933","CLJ 2016 2 933.pdf"
,"CLJ_2016_2_942","CLJ 2016 2 942.pdf"
,"CLJ_2016_2_959","CLJ 2016 2 959.pdf"
,"CLJ_2016_2_965","CLJ 2016 2 965.pdf"
,"CLJ_2016_2_97","CLJ 2016 2 97.pdf"
,"CLJ_2016_2_975","CLJ 2016 2 975.pdf"
clj_2016_3,"CLJ_2016_3_1","CLJ 2016 3 1.pdf","Current Law Journal, 2016, Volume 3",[2016],texts,opensource
,"CLJ_2016_3_1001","CLJ 2016 3 1001.pdf"
,"CLJ_2016_3_111","CLJ 2016 3 111.pdf"
,"CLJ_2016_3_119","CLJ 2016 3 119.pdf"
,"CLJ_2016_3_130","CLJ 2016 3 130.pdf"
,"CLJ_2016_3_136","CLJ 2016 3 136.pdf"
,"CLJ_2016_3_155","CLJ 2016 3 155.pdf"
,"CLJ_2016_3_164","CLJ 2016 3 164.pdf"
,"CLJ_2016_3_173","CLJ 2016 3 173.pdf"
,"CLJ_2016_3_19","CLJ 2016 3 19.pdf"
,"CLJ_2016_3_193","CLJ 2016 3 193.pdf"
,"CLJ_2016_3_210","CLJ 2016 3 210.pdf"
,"CLJ_2016_3_224","CLJ 2016 3 224.pdf"
,"CLJ_2016_3_242","CLJ 2016 3 242.pdf"
,"CLJ_2016_3_256","CLJ 2016 3 256.pdf"
,"CLJ_2016_3_268","CLJ 2016 3 268.pdf"
,"CLJ_2016_3_290","CLJ 2016 3 290.pdf"
,"CLJ_2016_3_300","CLJ 2016 3 300.pdf"
,"CLJ_2016_3_312","CLJ 2016 3 312.pdf"
,"CLJ_2016_3_345","CLJ 2016 3 345.pdf"
,"CLJ_2016_3_370","CLJ 2016 3 370.pdf"
,"CLJ_2016_3_382","CLJ 2016 3 382.pdf"
,"CLJ_2016_3_403","CLJ 2016 3 403.pdf"
,"CLJ_2016_3_433","CLJ 2016 3 433.pdf"
,"CLJ_2016_3_458","CLJ 2016 3 458.pdf"
,"CLJ_2016_3_467","CLJ 2016 3 467.pdf"
,"CLJ_2016_3_488","CLJ 2016 3 488.pdf"
,"CLJ_2016_3_498","CLJ 2016 3 498.pdf"
,"CLJ_2016_3_505","CLJ 2016 3 505.pdf"
,"CLJ_2016_3_52","CLJ 2016 3 52.pdf"
,"CLJ_2016_3_529","CLJ 2016 3 529.pdf"
,"CLJ_2016_3_536","CLJ 2016 3 536.pdf"
,"CLJ_2016_3_548","CLJ 2016 3 548.pdf"
,"CLJ_2016_3_574","CLJ 2016 3 574.pdf"
,"CLJ_2016_3_591","CLJ 2016 3 591.pdf"
,"CLJ_2016_3_616","CLJ 2016 3 616.pdf"
,"CLJ_2016_3_625","CLJ 2016 3 625.pdf"
,"CLJ_2016_3_637","CLJ 2016 3 637.pdf"
,"CLJ_2016_3_665","CLJ 2016 3 665.pdf"
,"CLJ_2016_3_676","CLJ 2016 3 676.pdf"
,"CLJ_2016_3_692","CLJ 2016 3 692.pdf"
,"CLJ_2016_3_72","CLJ 2016 3 72.pdf"
,"CLJ_2016_3_732","CLJ 2016 3 732.pdf"
,"CLJ_2016_3_741","CLJ 2016 3 741.pdf"
,"CLJ_2016_3_759","CLJ 2016 3 759.pdf"
,"CLJ_2016_3_773","CLJ 2016 3 773.pdf"
,"CLJ_2016_3_784","CLJ 2016 3 784.pdf"
,"CLJ_2016_3_794","CLJ 2016 3 794.pdf"
,"CLJ_2016_3_803","CLJ 2016 3 803.pdf"
,"CLJ_2016_3_811","CLJ 2016 3 811.pdf"
,"CLJ_2016_3_823","CLJ 2016 3 823.pdf"
,"CLJ_2016_3_837","CLJ 2016 3 837.pdf"
,"CLJ_2016_3_84","CLJ 2016 3 84.pdf"
,"CLJ_2016_3_851","CLJ 2016 3 851.pdf"
,"CLJ_2016_3_882","CLJ 2016 3 882.pdf"
,"CLJ_2016_3_895","CLJ 2016 3 895.pdf"
,"CLJ_2016_3_907","CLJ 2016 3 907.pdf"
,"CLJ_2016_3_919","CLJ 2016 3 919.pdf"
,"CLJ_2016_3_931","CLJ 2016 3 931.pdf"
,"CLJ_2016_3_955","CLJ 2016 3 955.pdf"
,"CLJ_2016_3_977","CLJ 2016 3 977.pdf"
clj_2016_4,"CLJ_2016_4_1","CLJ 2016 4 1.pdf","Current Law Journal, 2016, Volume 4",[2016],texts,opensource
,"CLJ_2016_4_100","CLJ 2016 4 100.pdf"
,"CLJ_2016_4_12","CLJ 2016 4 12.pdf"
,"CLJ_2016_4_125","CLJ 2016 4 125.pdf"
,"CLJ_2016_4_136","CLJ 2016 4 136.pdf"
,"CLJ_2016_4_161","CLJ 2016 4 161.pdf"
,"CLJ_2016_4_168","CLJ 2016 4 168.pdf"
,"CLJ_2016_4_173","CLJ 2016 4 173.pdf"
,"CLJ_2016_4_200","CLJ 2016 4 200.pdf"
,"CLJ_2016_4_216","CLJ 2016 4 216.pdf"
,"CLJ_2016_4_227","CLJ 2016 4 227.pdf"
,"CLJ_2016_4_244","CLJ 2016 4 244.pdf"
,"CLJ_2016_4_265","CLJ 2016 4 265.pdf"
,"CLJ_2016_4_277","CLJ 2016 4 277.pdf"
,"CLJ_2016_4_298","CLJ 2016 4 298.pdf"
,"CLJ_2016_4_317","CLJ 2016 4 317.pdf"
,"CLJ_2016_4_329","CLJ 2016 4 329.pdf"
,"CLJ_2016_4_353","CLJ 2016 4 353.pdf"
,"CLJ_2016_4_368","CLJ 2016 4 368.pdf"
,"CLJ_2016_4_407","CLJ 2016 4 407.pdf"
,"CLJ_2016_4_416","CLJ 2016 4 416.pdf"
,"CLJ_2016_4_438","CLJ 2016 4 438.pdf"
,"CLJ_2016_4_455","CLJ 2016 4 455.pdf"
,"CLJ_2016_4_468","CLJ 2016 4 468.pdf"
,"CLJ_2016_4_481","CLJ 2016 4 481.pdf"
,"CLJ_2016_4_492","CLJ 2016 4 492.pdf"
,"CLJ_2016_4_510","CLJ 2016 4 510.pdf"
,"CLJ_2016_4_541","CLJ 2016 4 541.pdf"
,"CLJ_2016_4_563","CLJ 2016 4 563.pdf"
,"CLJ_2016_4_572","CLJ 2016 4 572.pdf"
,"CLJ_2016_4_585","CLJ 2016 4 585.pdf"
,"CLJ_2016_4_625","CLJ 2016 4 625.pdf"
,"CLJ_2016_4_64","CLJ 2016 4 64.pdf"
,"CLJ_2016_4_641","CLJ 2016 4 641.pdf"
,"CLJ_2016_4_654","CLJ 2016 4 654.pdf"
,"CLJ_2016_4_665","CLJ 2016 4 665.pdf"
,"CLJ_2016_4_693","CLJ 2016 4 693.pdf"
,"CLJ_2016_4_707","CLJ 2016 4 707.pdf"
,"CLJ_2016_4_717","CLJ 2016 4 717.pdf"
,"CLJ_2016_4_726","CLJ 2016 4 726.pdf"
,"CLJ_2016_4_743","CLJ 2016 4 743.pdf"
,"CLJ_2016_4_757","CLJ 2016 4 757.pdf"
,"CLJ_2016_4_773","CLJ 2016 4 773.pdf"
,"CLJ_2016_4_796","CLJ 2016 4 796.pdf"
,"CLJ_2016_4_813","CLJ 2016 4 813.pdf"
,"CLJ_2016_4_831","CLJ 2016 4 831.pdf"
,"CLJ_2016_4_84","CLJ 2016 4 84.pdf"
,"CLJ_2016_4_840","CLJ 2016 4 840.pdf"
,"CLJ_2016_4_854","CLJ 2016 4 854.pdf"
,"CLJ_2016_4_871","CLJ 2016 4 871.pdf"
,"CLJ_2016_4_883","CLJ 2016 4 883.pdf"
,"CLJ_2016_4_897","CLJ 2016 4 897.pdf"
,"CLJ_2016_4_909","CLJ 2016 4 909.pdf"
,"CLJ_2016_4_92","CLJ 2016 4 92.pdf"
,"CLJ_2016_4_927","CLJ 2016 4 927.pdf"
clj_2016_5,"CLJ_2016_5_1","CLJ 2016 5 1.pdf","Current Law Journal, 2016, Volume 5",[2016],texts,opensource
,"CLJ_2016_5_1007","CLJ 2016 5 1007.pdf"
,"CLJ_2016_5_108","CLJ 2016 5 108.pdf"
,"CLJ_2016_5_123","CLJ 2016 5 123.pdf"
,"CLJ_2016_5_136","CLJ 2016 5 136.pdf"
,"CLJ_2016_5_155","CLJ 2016 5 155.pdf"
,"CLJ_2016_5_169","CLJ 2016 5 169.pdf"
,"CLJ_2016_5_18","CLJ 2016 5 18.pdf"
,"CLJ_2016_5_208","CLJ 2016 5 208.pdf"
,"CLJ_2016_5_217","CLJ 2016 5 217.pdf"
,"CLJ_2016_5_236","CLJ 2016 5 236.pdf"
,"CLJ_2016_5_250","CLJ 2016 5 250.pdf"
,"CLJ_2016_5_280","CLJ 2016 5 280.pdf"
,"CLJ_2016_5_291","CLJ 2016 5 291.pdf"
,"CLJ_2016_5_306","CLJ 2016 5 306.pdf"
,"CLJ_2016_5_313","CLJ 2016 5 313.pdf"
,"CLJ_2016_5_327","CLJ 2016 5 327.pdf"
,"CLJ_2016_5_353","CLJ 2016 5 353.pdf"
,"CLJ_2016_5_367","CLJ 2016 5 367.pdf"
,"CLJ_2016_5_378","CLJ 2016 5 378.pdf"
,"CLJ_2016_5_40","CLJ 2016 5 40.pdf"
,"CLJ_2016_5_409","CLJ 2016 5 409.pdf"
,"CLJ_2016_5_428","CLJ 2016 5 428.pdf"
,"CLJ_2016_5_456","CLJ 2016 5 456.pdf"
,"CLJ_2016_5_483","CLJ 2016 5 483.pdf"
,"CLJ_2016_5_505","CLJ 2016 5 505.pdf"
,"CLJ_2016_5_523","CLJ 2016 5 523.pdf"
,"CLJ_2016_5_533","CLJ 2016 5 533.pdf"
,"CLJ_2016_5_549","CLJ 2016 5 549.pdf"
,"CLJ_2016_5_558","CLJ 2016 5 558.pdf"
,"CLJ_2016_5_56","CLJ 2016 5 56.pdf"
,"CLJ_2016_5_569","CLJ 2016 5 569.pdf"
,"CLJ_2016_5_590","CLJ 2016 5 590.pdf"
,"CLJ_2016_5_605","CLJ 2016 5 605.pdf"
,"CLJ_2016_5_611","CLJ 2016 5 611.pdf"
,"CLJ_2016_5_637","CLJ 2016 5 637.pdf"
,"CLJ_2016_5_679","CLJ 2016 5 679.pdf"
,"CLJ_2016_5_688","CLJ 2016 5 688.pdf"
,"CLJ_2016_5_697","CLJ 2016 5 697.pdf"
,"CLJ_2016_5_709","CLJ 2016 5 709.pdf"
,"CLJ_2016_5_725","CLJ 2016 5 725.pdf"
,"CLJ_2016_5_746","CLJ 2016 5 746.pdf"
,"CLJ_2016_5_755","CLJ 2016 5 755.pdf"
,"CLJ_2016_5_76","CLJ 2016 5 76.pdf"
,"CLJ_2016_5_771","CLJ 2016 5 771.pdf"
,"CLJ_2016_5_783","CLJ 2016 5 783.pdf"
,"CLJ_2016_5_794","CLJ 2016 5 794.pdf"
,"CLJ_2016_5_805","CLJ 2016 5 805.pdf"
,"CLJ_2016_5_824","CLJ 2016 5 824.pdf"
,"CLJ_2016_5_839","CLJ 2016 5 839.pdf"
,"CLJ_2016_5_857","CLJ 2016 5 857.pdf"
,"CLJ_2016_5_882","CLJ 2016 5 882.pdf"
,"CLJ_2016_5_91","CLJ 2016 5 91.pdf"
,"CLJ_2016_5_922","CLJ 2016 5 922.pdf"
,"CLJ_2016_5_953","CLJ 2016 5 953.pdf"
,"CLJ_2016_5_978","CLJ 2016 5 978.pdf"
clj_2016_6,"CLJ_2016_6_1","CLJ 2016 6 1.pdf","Current Law Journal, 2016, Volume 6",[2016],texts,opensource
,"CLJ_2016_6_126","CLJ 2016 6 126.pdf"
,"CLJ_2016_6_136","CLJ 2016 6 136.pdf"
,"CLJ_2016_6_142","CLJ 2016 6 142.pdf"
,"CLJ_2016_6_161","CLJ 2016 6 161.pdf"
,"CLJ_2016_6_176","CLJ 2016 6 176.pdf"
,"CLJ_2016_6_18","CLJ 2016 6 18.pdf"
,"CLJ_2016_6_196","CLJ 2016 6 196.pdf"
,"CLJ_2016_6_215","CLJ 2016 6 215.pdf"
,"CLJ_2016_6_225","CLJ 2016 6 225.pdf"
,"CLJ_2016_6_240","CLJ 2016 6 240.pdf"
,"CLJ_2016_6_253","CLJ 2016 6 253.pdf"
,"CLJ_2016_6_266","CLJ 2016 6 266.pdf"
,"CLJ_2016_6_290","CLJ 2016 6 290.pdf"
,"CLJ_2016_6_321","CLJ 2016 6 321.pdf"
,"CLJ_2016_6_346","CLJ 2016 6 346.pdf"
,"CLJ_2016_6_35","CLJ 2016 6 35.pdf"
,"CLJ_2016_6_368","CLJ 2016 6 368.pdf"
,"CLJ_2016_6_378","CLJ 2016 6 378.pdf"
,"CLJ_2016_6_395","CLJ 2016 6 395.pdf"
,"CLJ_2016_6_411","CLJ 2016 6 411.pdf"
,"CLJ_2016_6_422","CLJ 2016 6 422.pdf"
,"CLJ_2016_6_457","CLJ 2016 6 457.pdf"
,"CLJ_2016_6_465","CLJ 2016 6 465.pdf"
,"CLJ_2016_6_485","CLJ 2016 6 485.pdf"
,"CLJ_2016_6_49","CLJ 2016 6 49.pdf"
,"CLJ_2016_6_494","CLJ 2016 6 494.pdf"
,"CLJ_2016_6_508","CLJ 2016 6 508.pdf"
,"CLJ_2016_6_523","CLJ 2016 6 523.pdf"
,"CLJ_2016_6_538","CLJ 2016 6 538.pdf"
,"CLJ_2016_6_548","CLJ 2016 6 548.pdf"
,"CLJ_2016_6_562","CLJ 2016 6 562.pdf"
,"CLJ_2016_6_576","CLJ 2016 6 576.pdf"
,"CLJ_2016_6_588","CLJ 2016 6 588.pdf"
,"CLJ_2016_6_598","CLJ 2016 6 598.pdf"
,"CLJ_2016_6_610","CLJ 2016 6 610.pdf"
,"CLJ_2016_6_621","CLJ 2016 6 621.pdf"
,"CLJ_2016_6_637","CLJ 2016 6 637.pdf"
,"CLJ_2016_6_64","CLJ 2016 6 64.pdf"
,"CLJ_2016_6_647","CLJ 2016 6 647.pdf"
,"CLJ_2016_6_666","CLJ 2016 6 666.pdf"
,"CLJ_2016_6_686","CLJ 2016 6 686.pdf"
,"CLJ_2016_6_696","CLJ 2016 6 696.pdf"
,"CLJ_2016_6_710","CLJ 2016 6 710.pdf"
,"CLJ_2016_6_718","CLJ 2016 6 718.pdf"
,"CLJ_2016_6_728","CLJ 2016 6 728.pdf"
,"CLJ_2016_6_738","CLJ 2016 6 738.pdf"
,"CLJ_2016_6_761","CLJ 2016 6 761.pdf"
,"CLJ_2016_6_780","CLJ 2016 6 780.pdf"
,"CLJ_2016_6_793","CLJ 2016 6 793.pdf"
,"CLJ_2016_6_806","CLJ 2016 6 806.pdf"
,"CLJ_2016_6_820","CLJ 2016 6 820.pdf"
,"CLJ_2016_6_841","CLJ 2016 6 841.pdf"
,"CLJ_2016_6_860","CLJ 2016 6 860.pdf"
,"CLJ_2016_6_871","CLJ 2016 6 871.pdf"
,"CLJ_2016_6_880","CLJ 2016 6 880.pdf"
,"CLJ_2016_6_896","CLJ 2016 6 896.pdf"
,"CLJ_2016_6_9","CLJ 2016 6 9.pdf"
,"CLJ_2016_6_910","CLJ 2016 6 910.pdf"
,"CLJ_2016_6_925","CLJ 2016 6 925.pdf"
,"CLJ_2016_6_934","CLJ 2016 6 934.pdf"
,"CLJ_2016_6_99","CLJ 2016 6 99.pdf"
clj_2016_7,"CLJ_2016_7_1","CLJ 2016 7 1.pdf","Current Law Journal, 2016, Volume 7",[2016],texts,opensource
,"CLJ_2016_7_102","CLJ 2016 7 102.pdf"
,"CLJ_2016_7_112","CLJ 2016 7 112.pdf"
,"CLJ_2016_7_124","CLJ 2016 7 124.pdf"
,"CLJ_2016_7_143","CLJ 2016 7 143.pdf"
,"CLJ_2016_7_163","CLJ 2016 7 163.pdf"
,"CLJ_2016_7_182","CLJ 2016 7 182.pdf"
,"CLJ_2016_7_19","CLJ 2016 7 19.pdf"
,"CLJ_2016_7_193","CLJ 2016 7 193.pdf"
,"CLJ_2016_7_210","CLJ 2016 7 210.pdf"
,"CLJ_2016_7_222","CLJ 2016 7 222.pdf"
,"CLJ_2016_7_246","CLJ 2016 7 246.pdf"
,"CLJ_2016_7_255","CLJ 2016 7 255.pdf"
,"CLJ_2016_7_265","CLJ 2016 7 265.pdf"
,"CLJ_2016_7_275","CLJ 2016 7 275.pdf"
,"CLJ_2016_7_29","CLJ 2016 7 29.pdf"
,"CLJ_2016_7_303","CLJ 2016 7 303.pdf"
,"CLJ_2016_7_335","CLJ 2016 7 335.pdf"
,"CLJ_2016_7_347","CLJ 2016 7 347.pdf"
,"CLJ_2016_7_360","CLJ 2016 7 360.pdf"
,"CLJ_2016_7_380","CLJ 2016 7 380.pdf"
,"CLJ_2016_7_39","CLJ 2016 7 39.pdf"
,"CLJ_2016_7_401","CLJ 2016 7 401.pdf"
,"CLJ_2016_7_412","CLJ 2016 7 412.pdf"
,"CLJ_2016_7_426","CLJ 2016 7 426.pdf"
,"CLJ_2016_7_444","CLJ 2016 7 444.pdf"
,"CLJ_2016_7_455","CLJ 2016 7 455.pdf"
,"CLJ_2016_7_463","CLJ 2016 7 463.pdf"
,"CLJ_2016_7_475","CLJ 2016 7 475.pdf"
,"CLJ_2016_7_487","CLJ 2016 7 487.pdf"
,"CLJ_2016_7_513","CLJ 2016 7 513.pdf"
,"CLJ_2016_7_527","CLJ 2016 7 527.pdf"
,"CLJ_2016_7_540","CLJ 2016 7 540.pdf"
,"CLJ_2016_7_552","CLJ 2016 7 552.pdf"
,"CLJ_2016_7_567","CLJ 2016 7 567.pdf"
,"CLJ_2016_7_577","CLJ 2016 7 577.pdf"
,"CLJ_2016_7_590","CLJ 2016 7 590.pdf"
,"CLJ_2016_7_604","CLJ 2016 7 604.pdf"
,"CLJ_2016_7_637","CLJ 2016 7 637.pdf"
,"CLJ_2016_7_655","CLJ 2016 7 655.pdf"
,"CLJ_2016_7_667","CLJ 2016 7 667.pdf"
,"CLJ_2016_7_679","CLJ 2016 7 679.pdf"
,"CLJ_2016_7_689","CLJ 2016 7 689.pdf"
,"CLJ_2016_7_702","CLJ 2016 7 702.pdf"
,"CLJ_2016_7_722","CLJ 2016 7 722.pdf"
,"CLJ_2016_7_73","CLJ 2016 7 73.pdf"
,"CLJ_2016_7_733","CLJ 2016 7 733.pdf"
,"CLJ_2016_7_750","CLJ 2016 7 750.pdf"
,"CLJ_2016_7_760","CLJ 2016 7 760.pdf"
,"CLJ_2016_7_809","CLJ 2016 7 809.pdf"
,"CLJ_2016_7_823","CLJ 2016 7 823.pdf"
,"CLJ_2016_7_848","CLJ 2016 7 848.pdf"
,"CLJ_2016_7_864","CLJ 2016 7 864.pdf"
,"CLJ_2016_7_881","CLJ 2016 7 881.pdf"
,"CLJ_2016_7_896","CLJ 2016 7 896.pdf"
,"CLJ_2016_7_914","CLJ 2016 7 914.pdf"
,"CLJ_2016_7_92","CLJ 2016 7 92.pdf"
,"CLJ_2016_7_936","CLJ 2016 7 936.pdf"
,"CLJ_2016_7_948","CLJ 2016 7 948.pdf"
clj_2016_8,"CLJ_2016_8_1","CLJ 2016 8 1.pdf","Current Law Journal, 2016, Volume 8",[2016],texts,opensource
,"CLJ_2016_8_104","CLJ 2016 8 104.pdf"
,"CLJ_2016_8_109","CLJ 2016 8 109.pdf"
,"CLJ_2016_8_135","CLJ 2016 8 135.pdf"
,"CLJ_2016_8_149","CLJ 2016 8 149.pdf"
,"CLJ_2016_8_15","CLJ 2016 8 15.pdf"
,"CLJ_2016_8_163","CLJ 2016 8 163.pdf"
,"CLJ_2016_8_185","CLJ 2016 8 185.pdf"
,"CLJ_2016_8_195","CLJ 2016 8 195.pdf"
,"CLJ_2016_8_211","CLJ 2016 8 211.pdf"
,"CLJ_2016_8_226","CLJ 2016 8 226.pdf"
,"CLJ_2016_8_244","CLJ 2016 8 244.pdf"
,"CLJ_2016_8_257","CLJ 2016 8 257.pdf"
,"CLJ_2016_8_267","CLJ 2016 8 267.pdf"
,"CLJ_2016_8_280","CLJ 2016 8 280.pdf"
,"CLJ_2016_8_293","CLJ 2016 8 293.pdf"
,"CLJ_2016_8_305","CLJ 2016 8 305.pdf"
,"CLJ_2016_8_317","CLJ 2016 8 317.pdf"
,"CLJ_2016_8_330","CLJ 2016 8 330.pdf"
,"CLJ_2016_8_368","CLJ 2016 8 368.pdf"
,"CLJ_2016_8_393","CLJ 2016 8 393.pdf"
,"CLJ_2016_8_406","CLJ 2016 8 406.pdf"
,"CLJ_2016_8_427","CLJ 2016 8 427.pdf"
,"CLJ_2016_8_453","CLJ 2016 8 453.pdf"
,"CLJ_2016_8_462","CLJ 2016 8 462.pdf"
,"CLJ_2016_8_475","CLJ 2016 8 475.pdf"
,"CLJ_2016_8_487","CLJ 2016 8 487.pdf"
,"CLJ_2016_8_503","CLJ 2016 8 503.pdf"
,"CLJ_2016_8_521","CLJ 2016 8 521.pdf"
,"CLJ_2016_8_536","CLJ 2016 8 536.pdf"
,"CLJ_2016_8_550","CLJ 2016 8 550.pdf"
,"CLJ_2016_8_559","CLJ 2016 8 559.pdf"
,"CLJ_2016_8_577","CLJ 2016 8 577.pdf"
,"CLJ_2016_8_597","CLJ 2016 8 597.pdf"
,"CLJ_2016_8_613","CLJ 2016 8 613.pdf"
,"CLJ_2016_8_623","CLJ 2016 8 623.pdf"
,"CLJ_2016_8_635","CLJ 2016 8 635.pdf"
,"CLJ_2016_8_65","CLJ 2016 8 65.pdf"
,"CLJ_2016_8_650","CLJ 2016 8 650.pdf"
,"CLJ_2016_8_70","CLJ 2016 8 70.pdf"
,"CLJ_2016_8_708","CLJ 2016 8 708.pdf"
,"CLJ_2016_8_723","CLJ 2016 8 723.pdf"
,"CLJ_2016_8_729","CLJ 2016 8 729.pdf"
,"CLJ_2016_8_740","CLJ 2016 8 740.pdf"
,"CLJ_2016_8_749","CLJ 2016 8 749.pdf"
,"CLJ_2016_8_765","CLJ 2016 8 765.pdf"
,"CLJ_2016_8_790","CLJ 2016 8 790.pdf"
,"CLJ_2016_8_804","CLJ 2016 8 804.pdf"
,"CLJ_2016_8_81","CLJ 2016 8 81.pdf"
,"CLJ_2016_8_831","CLJ 2016 8 831.pdf"
,"CLJ_2016_8_846","CLJ 2016 8 846.pdf"
,"CLJ_2016_8_861","CLJ 2016 8 861.pdf"
,"CLJ_2016_8_875","CLJ 2016 8 875.pdf"
,"CLJ_2016_8_891","CLJ 2016 8 891.pdf"
clj_2016_9,"CLJ_2016_9_1","CLJ 2016 9 1.pdf","Current Law Journal, 2016, Volume 9",[2016],texts,opensource
,"CLJ_2016_9_105","CLJ 2016 9 105.pdf"
,"CLJ_2016_9_130","CLJ 2016 9 130.pdf"
,"CLJ_2016_9_137","CLJ 2016 9 137.pdf"
,"CLJ_2016_9_169","CLJ 2016 9 169.pdf"
,"CLJ_2016_9_192","CLJ 2016 9 192.pdf"
,"CLJ_2016_9_207","CLJ 2016 9 207.pdf"
,"CLJ_2016_9_219","CLJ 2016 9 219.pdf"
,"CLJ_2016_9_238","CLJ 2016 9 238.pdf"
,"CLJ_2016_9_253","CLJ 2016 9 253.pdf"
,"CLJ_2016_9_267","CLJ 2016 9 267.pdf"
,"CLJ_2016_9_297","CLJ 2016 9 297.pdf"
,"CLJ_2016_9_310","CLJ 2016 9 310.pdf"
,"CLJ_2016_9_361","CLJ 2016 9 361.pdf"
,"CLJ_2016_9_37","CLJ 2016 9 37.pdf"
,"CLJ_2016_9_379","CLJ 2016 9 379.pdf"
,"CLJ_2016_9_385","CLJ 2016 9 385.pdf"
,"CLJ_2016_9_401","CLJ 2016 9 401.pdf"
,"CLJ_2016_9_411","CLJ 2016 9 411.pdf"
,"CLJ_2016_9_422","CLJ 2016 9 422.pdf"
,"CLJ_2016_9_437","CLJ 2016 9 437.pdf"
,"CLJ_2016_9_449","CLJ 2016 9 449.pdf"
,"CLJ_2016_9_474","CLJ 2016 9 474.pdf"
,"CLJ_2016_9_493","CLJ 2016 9 493.pdf"
,"CLJ_2016_9_517","CLJ 2016 9 517.pdf"
,"CLJ_2016_9_539","CLJ 2016 9 539.pdf"
,"CLJ_2016_9_558","CLJ 2016 9 558.pdf"
,"CLJ_2016_9_56","CLJ 2016 9 56.pdf"
,"CLJ_2016_9_584","CLJ 2016 9 584.pdf"
,"CLJ_2016_9_598","CLJ 2016 9 598.pdf"
,"CLJ_2016_9_617","CLJ 2016 9 617.pdf"
,"CLJ_2016_9_631","CLJ 2016 9 631.pdf"
,"CLJ_2016_9_644","CLJ 2016 9 644.pdf"
,"CLJ_2016_9_672","CLJ 2016 9 672.pdf"
,"CLJ_2016_9_686","CLJ 2016 9 686.pdf"
,"CLJ_2016_9_709","CLJ 2016 9 709.pdf"
,"CLJ_2016_9_725","CLJ 2016 9 725.pdf"
,"CLJ_2016_9_73","CLJ 2016 9 73.pdf"
,"CLJ_2016_9_736","CLJ 2016 9 736.pdf"
,"CLJ_2016_9_749","CLJ 2016 9 749.pdf"
,"CLJ_2016_9_769","CLJ 2016 9 769.pdf"
,"CLJ_2016_9_813","CLJ 2016 9 813.pdf"
,"CLJ_2016_9_836","CLJ 2016 9 836.pdf"
,"CLJ_2016_9_843","CLJ 2016 9 843.pdf"
,"CLJ_2016_9_847","CLJ 2016 9 847.pdf"
,"CLJ_2016_9_858","CLJ 2016 9 858.pdf"
,"CLJ_2016_9_86","CLJ 2016 9 86.pdf"
,"CLJ_2016_9_907","CLJ 2016 9 907.pdf"
clj_2017_1,"CLJ_2017_1_1","CLJ 2017 1 1.pdf","Current Law Journal, 2017, Volume 1",[2017],texts,opensource
,"CLJ_2017_1_101","CLJ 2017 1 101.pdf"
,"CLJ_2017_1_133","CLJ 2017 1 133.pdf"
,"CLJ_2017_1_151","CLJ 2017 1 151.pdf"
,"CLJ_2017_1_165","CLJ 2017 1 165.pdf"
,"CLJ_2017_1_179","CLJ 2017 1 179.pdf"
,"CLJ_2017_1_18","CLJ 2017 1 18.pdf"
,"CLJ_2017_1_195","CLJ 2017 1 195.pdf"
,"CLJ_2017_1_221","CLJ 2017 1 221.pdf"
,"CLJ_2017_1_236","CLJ 2017 1 236.pdf"
,"CLJ_2017_1_257","CLJ 2017 1 257.pdf"
,"CLJ_2017_1_277","CLJ 2017 1 277.pdf"
,"CLJ_2017_1_317","CLJ 2017 1 317.pdf"
,"CLJ_2017_1_32","CLJ 2017 1 32.pdf"
,"CLJ_2017_1_333","CLJ 2017 1 333.pdf"
,"CLJ_2017_1_342","CLJ 2017 1 342.pdf"
,"CLJ_2017_1_363","CLJ 2017 1 363.pdf"
,"CLJ_2017_1_369","CLJ 2017 1 369.pdf"
,"CLJ_2017_1_404","CLJ 2017 1 404.pdf"
,"CLJ_2017_1_426","CLJ 2017 1 426.pdf"
,"CLJ_2017_1_43","CLJ 2017 1 43.pdf"
,"CLJ_2017_1_436","CLJ 2017 1 436.pdf"
,"CLJ_2017_1_464","CLJ 2017 1 464.pdf"
,"CLJ_2017_1_474","CLJ 2017 1 474.pdf"
,"CLJ_2017_1_489","CLJ 2017 1 489.pdf"
,"CLJ_2017_1_512","CLJ 2017 1 512.pdf"
,"CLJ_2017_1_543","CLJ 2017 1 543.pdf"
,"CLJ_2017_1_558","CLJ 2017 1 558.pdf"
,"CLJ_2017_1_575","CLJ 2017 1 575.pdf"
,"CLJ_2017_1_588","CLJ 2017 1 588.pdf"
,"CLJ_2017_1_606","CLJ 2017 1 606.pdf"
,"CLJ_2017_1_617","CLJ 2017 1 617.pdf"
,"CLJ_2017_1_63","CLJ 2017 1 63.pdf"
,"CLJ_2017_1_633","CLJ 2017 1 633.pdf"
,"CLJ_2017_1_669","CLJ 2017 1 669.pdf"
,"CLJ_2017_1_677","CLJ 2017 1 677.pdf"
,"CLJ_2017_1_708","CLJ 2017 1 708.pdf"
,"CLJ_2017_1_720","CLJ 2017 1 720.pdf"
,"CLJ_2017_1_734","CLJ 2017 1 734.pdf"
,"CLJ_2017_1_81","CLJ 2017 1 81.pdf"
,"CLJ_2017_1_88","CLJ 2017 1 88.pdf"
clj_2017_10,"CLJ_2017_10_1","CLJ 2017 10 1.pdf","Current Law Journal, 2017, Volume 10",[2017],texts,opensource
,"CLJ_2017_10_102","CLJ 2017 10 102.pdf"
,"CLJ_2017_10_111","CLJ 2017 10 111.pdf"
,"CLJ_2017_10_129","CLJ 2017 10 129.pdf"
,"CLJ_2017_10_145","CLJ 2017 10 145.pdf"
,"CLJ_2017_10_158","CLJ 2017 10 158.pdf"
,"CLJ_2017_10_167","CLJ 2017 10 167.pdf"
,"CLJ_2017_10_18","CLJ 2017 10 18.pdf"
,"CLJ_2017_10_187","CLJ 2017 10 187.pdf"
,"CLJ_2017_10_209","CLJ 2017 10 209.pdf"
,"CLJ_2017_10_226","CLJ 2017 10 226.pdf"
,"CLJ_2017_10_250","CLJ 2017 10 250.pdf"
,"CLJ_2017_10_257","CLJ 2017 10 257.pdf"
,"CLJ_2017_10_278","CLJ 2017 10 278.pdf"
,"CLJ_2017_10_296","CLJ 2017 10 296.pdf"
,"CLJ_2017_10_304","CLJ 2017 10 304.pdf"
,"CLJ_2017_10_318","CLJ 2017 10 318.pdf"
,"CLJ_2017_10_337","CLJ 2017 10 337.pdf"
,"CLJ_2017_10_36","CLJ 2017 10 36.pdf"
,"CLJ_2017_10_385","CLJ 2017 10 385.pdf"
,"CLJ_2017_10_417","CLJ 2017 10 417.pdf"
,"CLJ_2017_10_444","CLJ 2017 10 444.pdf"
,"CLJ_2017_10_475","CLJ 2017 10 475.pdf"
,"CLJ_2017_10_503","CLJ 2017 10 503.pdf"
,"CLJ_2017_10_529","CLJ 2017 10 529.pdf"
,"CLJ_2017_10_580","CLJ 2017 10 580.pdf"
,"CLJ_2017_10_599","CLJ 2017 10 599.pdf"
,"CLJ_2017_10_622","CLJ 2017 10 622.pdf"
,"CLJ_2017_10_628","CLJ 2017 10 628.pdf"
,"CLJ_2017_10_632","CLJ 2017 10 632.pdf"
,"CLJ_2017_10_649","CLJ 2017 10 649.pdf"
,"CLJ_2017_10_657","CLJ 2017 10 657.pdf"
,"CLJ_2017_10_66","CLJ 2017 10 66.pdf"
,"CLJ_2017_10_680","CLJ 2017 10 680.pdf"
,"CLJ_2017_10_699","CLJ 2017 10 699.pdf"
,"CLJ_2017_10_717","CLJ 2017 10 717.pdf"
,"CLJ_2017_10_733","CLJ 2017 10 733.pdf"
,"CLJ_2017_10_743","CLJ 2017 10 743.pdf"
,"CLJ_2017_10_89","CLJ 2017 10 89.pdf"
clj_2017_2,"CLJ_2017_2_1","CLJ 2017 2 1.pdf","Current Law Journal, 2017, Volume 2",[2017],texts,opensource
,"CLJ_2017_2_107","CLJ 2017 2 107.pdf"
,"CLJ_2017_2_125","CLJ 2017 2 125.pdf"
,"CLJ_2017_2_141","CLJ 2017 2 141.pdf"
,"CLJ_2017_2_163","CLJ 2017 2 163.pdf"
,"CLJ_2017_2_175","CLJ 2017 2 175.pdf"
,"CLJ_2017_2_185","CLJ 2017 2 185.pdf"
,"CLJ_2017_2_199","CLJ 2017 2 199.pdf"
,"CLJ_2017_2_223","CLJ 2017 2 223.pdf"
,"CLJ_2017_2_240","CLJ 2017 2 240.pdf"
,"CLJ_2017_2_245","CLJ 2017 2 245.pdf"
,"CLJ_2017_2_274","CLJ 2017 2 274.pdf"
,"CLJ_2017_2_286","CLJ 2017 2 286.pdf"
,"CLJ_2017_2_310","CLJ 2017 2 310.pdf"
,"CLJ_2017_2_32","CLJ 2017 2 32.pdf"
,"CLJ_2017_2_324","CLJ 2017 2 324.pdf"
,"CLJ_2017_2_338","CLJ 2017 2 338.pdf"
,"CLJ_2017_2_345","CLJ 2017 2 345.pdf"
,"CLJ_2017_2_365","CLJ 2017 2 365.pdf"
,"CLJ_2017_2_379","CLJ 2017 2 379.pdf"
,"CLJ_2017_2_393","CLJ 2017 2 393.pdf"
,"CLJ_2017_2_413","CLJ 2017 2 413.pdf"
,"CLJ_2017_2_43","CLJ 2017 2 43.pdf"
,"CLJ_2017_2_431","CLJ 2017 2 431.pdf"
,"CLJ_2017_2_442","CLJ 2017 2 442.pdf"
,"CLJ_2017_2_453","CLJ 2017 2 453.pdf"
,"CLJ_2017_2_493","CLJ 2017 2 493.pdf"
,"CLJ_2017_2_515","CLJ 2017 2 515.pdf"
,"CLJ_2017_2_536","CLJ 2017 2 536.pdf"
,"CLJ_2017_2_547","CLJ 2017 2 547.pdf"
,"CLJ_2017_2_561","CLJ 2017 2 561.pdf"
,"CLJ_2017_2_587","CLJ 2017 2 587.pdf"
,"CLJ_2017_2_594","CLJ 2017 2 594.pdf"
,"CLJ_2017_2_610","CLJ 2017 2 610.pdf"
,"CLJ_2017_2_621","CLJ 2017 2 621.pdf"
,"CLJ_2017_2_636","CLJ 2017 2 636.pdf"
,"CLJ_2017_2_651","CLJ 2017 2 651.pdf"
,"CLJ_2017_2_665","CLJ 2017 2 665.pdf"
,"CLJ_2017_2_679","CLJ 2017 2 679.pdf"
,"CLJ_2017_2_694","CLJ 2017 2 694.pdf"
,"CLJ_2017_2_70","CLJ 2017 2 70.pdf"
,"CLJ_2017_2_704","CLJ 2017 2 704.pdf"
,"CLJ_2017_2_713","CLJ 2017 2 713.pdf"
,"CLJ_2017_2_728","CLJ 2017 2 728.pdf"
,"CLJ_2017_2_82","CLJ 2017 2 82.pdf"
clj_2017_3,"CLJ_2017_3_1","CLJ 2017 3 1.pdf","Current Law Journal, 2017, Volume 3",[2017],texts,opensource
,"CLJ_2017_3_104","CLJ 2017 3 104.pdf"
,"CLJ_2017_3_120","CLJ 2017 3 120.pdf"
,"CLJ_2017_3_129","CLJ 2017 3 129.pdf"
,"CLJ_2017_3_149","CLJ 2017 3 149.pdf"
,"CLJ_2017_3_161","CLJ 2017 3 161.pdf"
,"CLJ_2017_3_176","CLJ 2017 3 176.pdf"
,"CLJ_2017_3_189","CLJ 2017 3 189.pdf"
,"CLJ_2017_3_243","CLJ 2017 3 243.pdf"
,"CLJ_2017_3_257","CLJ 2017 3 257.pdf"
,"CLJ_2017_3_287","CLJ 2017 3 287.pdf"
,"CLJ_2017_3_298","CLJ 2017 3 298.pdf"
,"CLJ_2017_3_311","CLJ 2017 3 311.pdf"
,"CLJ_2017_3_335","CLJ 2017 3 335.pdf"
,"CLJ_2017_3_346","CLJ 2017 3 346.pdf"
,"CLJ_2017_3_370","CLJ 2017 3 370.pdf"
,"CLJ_2017_3_377","CLJ 2017 3 377.pdf"
,"CLJ_2017_3_399","CLJ 2017 3 399.pdf"
,"CLJ_2017_3_420","CLJ 2017 3 420.pdf"
,"CLJ_2017_3_424","CLJ 2017 3 424.pdf"
,"CLJ_2017_3_439","CLJ 2017 3 439.pdf"
,"CLJ_2017_3_454","CLJ 2017 3 454.pdf"
,"CLJ_2017_3_474","CLJ 2017 3 474.pdf"
,"CLJ_2017_3_486","CLJ 2017 3 486.pdf"
,"CLJ_2017_3_500","CLJ 2017 3 500.pdf"
,"CLJ_2017_3_505","CLJ 2017 3 505.pdf"
,"CLJ_2017_3_532","CLJ 2017 3 532.pdf"
,"CLJ_2017_3_546","CLJ 2017 3 546.pdf"
,"CLJ_2017_3_557","CLJ 2017 3 557.pdf"
,"CLJ_2017_3_569","CLJ 2017 3 569.pdf"
,"CLJ_2017_3_592","CLJ 2017 3 592.pdf"
,"CLJ_2017_3_605","CLJ 2017 3 605.pdf"
,"CLJ_2017_3_629","CLJ 2017 3 629.pdf"
,"CLJ_2017_3_650","CLJ 2017 3 650.pdf"
,"CLJ_2017_3_678","CLJ 2017 3 678.pdf"
,"CLJ_2017_3_692","CLJ 2017 3 692.pdf"
,"CLJ_2017_3_709","CLJ 2017 3 709.pdf"
,"CLJ_2017_3_728","CLJ 2017 3 728.pdf"
,"CLJ_2017_3_88","CLJ 2017 3 88.pdf"
clj_2017_4,"CLJ_2017_4_1","CLJ 2017 4 1.pdf","Current Law Journal, 2017, Volume 4",[2017],texts,opensource
,"CLJ_2017_4_101","CLJ 2017 4 101.pdf"
,"CLJ_2017_4_116","CLJ 2017 4 116.pdf"
,"CLJ_2017_4_137","CLJ 2017 4 137.pdf"
,"CLJ_2017_4_200","CLJ 2017 4 200.pdf"
,"CLJ_2017_4_212","CLJ 2017 4 212.pdf"
,"CLJ_2017_4_225","CLJ 2017 4 225.pdf"
,"CLJ_2017_4_234","CLJ 2017 4 234.pdf"
,"CLJ_2017_4_24","CLJ 2017 4 24.pdf"
,"CLJ_2017_4_265","CLJ 2017 4 265.pdf"
,"CLJ_2017_4_295","CLJ 2017 4 295.pdf"
,"CLJ_2017_4_302","CLJ 2017 4 302.pdf"
,"CLJ_2017_4_326","CLJ 2017 4 326.pdf"
,"CLJ_2017_4_340","CLJ 2017 4 340.pdf"
,"CLJ_2017_4_348","CLJ 2017 4 348.pdf"
,"CLJ_2017_4_355","CLJ 2017 4 355.pdf"
,"CLJ_2017_4_369","CLJ 2017 4 369.pdf"
,"CLJ_2017_4_389","CLJ 2017 4 389.pdf"
,"CLJ_2017_4_397","CLJ 2017 4 397.pdf"
,"CLJ_2017_4_41","CLJ 2017 4 41.pdf"
,"CLJ_2017_4_420","CLJ 2017 4 420.pdf"
,"CLJ_2017_4_434","CLJ 2017 4 434.pdf"
,"CLJ_2017_4_451","CLJ 2017 4 451.pdf"
,"CLJ_2017_4_465","CLJ 2017 4 465.pdf"
,"CLJ_2017_4_490","CLJ 2017 4 490.pdf"
,"CLJ_2017_4_503","CLJ 2017 4 503.pdf"
,"CLJ_2017_4_522","CLJ 2017 4 522.pdf"
,"CLJ_2017_4_541","CLJ 2017 4 541.pdf"
,"CLJ_2017_4_561","CLJ 2017 4 561.pdf"
,"CLJ_2017_4_572","CLJ 2017 4 572.pdf"
,"CLJ_2017_4_587","CLJ 2017 4 587.pdf"
,"CLJ_2017_4_600","CLJ 2017 4 600.pdf"
,"CLJ_2017_4_630","CLJ 2017 4 630.pdf"
,"CLJ_2017_4_651","CLJ 2017 4 651.pdf"
,"CLJ_2017_4_665","CLJ 2017 4 665.pdf"
,"CLJ_2017_4_676","CLJ 2017 4 676.pdf"
,"CLJ_2017_4_701","CLJ 2017 4 701.pdf"
,"CLJ_2017_4_718","CLJ 2017 4 718.pdf"
,"CLJ_2017_4_738","CLJ 2017 4 738.pdf"
,"CLJ_2017_4_761","CLJ 2017 4 761.pdf"
,"CLJ_2017_4_780","CLJ 2017 4 780.pdf"
,"CLJ_2017_4_91","CLJ 2017 4 91.pdf"
clj_2017_5,"CLJ_2017_5_1","CLJ 2017 5 1.pdf","Current Law Journal, 2017, Volume 5",[2017],texts,opensource
,"CLJ_2017_5_133","CLJ 2017 5 133.pdf"
,"CLJ_2017_5_150","CLJ 2017 5 150.pdf"
,"CLJ_2017_5_168","CLJ 2017 5 168.pdf"
,"CLJ_2017_5_17","CLJ 2017 5 17.pdf"
,"CLJ_2017_5_187","CLJ 2017 5 187.pdf"
,"CLJ_2017_5_209","CLJ 2017 5 209.pdf"
,"CLJ_2017_5_219","CLJ 2017 5 219.pdf"
,"CLJ_2017_5_252","CLJ 2017 5 252.pdf"
,"CLJ_2017_5_265","CLJ 2017 5 265.pdf"
,"CLJ_2017_5_283","CLJ 2017 5 283.pdf"
,"CLJ_2017_5_315","CLJ 2017 5 315.pdf"
,"CLJ_2017_5_335","CLJ 2017 5 335.pdf"
,"CLJ_2017_5_34","CLJ 2017 5 34.pdf"
,"CLJ_2017_5_356","CLJ 2017 5 356.pdf"
,"CLJ_2017_5_364","CLJ 2017 5 364.pdf"
,"CLJ_2017_5_371","CLJ 2017 5 371.pdf"
,"CLJ_2017_5_389","CLJ 2017 5 389.pdf"
,"CLJ_2017_5_418","CLJ 2017 5 418.pdf"
,"CLJ_2017_5_44","CLJ 2017 5 44.pdf"
,"CLJ_2017_5_488","CLJ 2017 5 488.pdf"
,"CLJ_2017_5_502","CLJ 2017 5 502.pdf"
,"CLJ_2017_5_513","CLJ 2017 5 513.pdf"
,"CLJ_2017_5_526","CLJ 2017 5 526.pdf"
,"CLJ_2017_5_58","CLJ 2017 5 58.pdf"
,"CLJ_2017_5_586","CLJ 2017 5 586.pdf"
,"CLJ_2017_5_595","CLJ 2017 5 595.pdf"
,"CLJ_2017_5_629","CLJ 2017 5 629.pdf"
,"CLJ_2017_5_641","CLJ 2017 5 641.pdf"
,"CLJ_2017_5_651","CLJ 2017 5 651.pdf"
,"CLJ_2017_5_675","CLJ 2017 5 675.pdf"
,"CLJ_2017_5_691","CLJ 2017 5 691.pdf"
,"CLJ_2017_5_707","CLJ 2017 5 707.pdf"
,"CLJ_2017_5_71","CLJ 2017 5 71.pdf"
,"CLJ_2017_5_727","CLJ 2017 5 727.pdf"
,"CLJ_2017_5_736","CLJ 2017 5 736.pdf"
,"CLJ_2017_5_84","CLJ 2017 5 84.pdf"
clj_2017_6,"CLJ_2017_6_1","CLJ 2017 6 1.pdf","Current Law Journal, 2017, Volume 6",[2017],texts,opensource
,"CLJ_2017_6_107","CLJ 2017 6 107.pdf"
,"CLJ_2017_6_129","CLJ 2017 6 129.pdf"
,"CLJ_2017_6_151","CLJ 2017 6 151.pdf"
,"CLJ_2017_6_161","CLJ 2017 6 161.pdf"
,"CLJ_2017_6_180","CLJ 2017 6 180.pdf"
,"CLJ_2017_6_189","CLJ 2017 6 189.pdf"
,"CLJ_2017_6_211","CLJ 2017 6 211.pdf"
,"CLJ_2017_6_22","CLJ 2017 6 22.pdf"
,"CLJ_2017_6_230","CLJ 2017 6 230.pdf"
,"CLJ_2017_6_251","CLJ 2017 6 251.pdf"
,"CLJ_2017_6_262","CLJ 2017 6 262.pdf"
,"CLJ_2017_6_278","CLJ 2017 6 278.pdf"
,"CLJ_2017_6_297","CLJ 2017 6 297.pdf"
,"CLJ_2017_6_311","CLJ 2017 6 311.pdf"
,"CLJ_2017_6_323","CLJ 2017 6 323.pdf"
,"CLJ_2017_6_339","CLJ 2017 6 339.pdf"
,"CLJ_2017_6_34","CLJ 2017 6 34.pdf"
,"CLJ_2017_6_348","CLJ 2017 6 348.pdf"
,"CLJ_2017_6_356","CLJ 2017 6 356.pdf"
,"CLJ_2017_6_368","CLJ 2017 6 368.pdf"
,"CLJ_2017_6_387","CLJ 2017 6 387.pdf"
,"CLJ_2017_6_406","CLJ 2017 6 406.pdf"
,"CLJ_2017_6_424","CLJ 2017 6 424.pdf"
,"CLJ_2017_6_438","CLJ 2017 6 438.pdf"
,"CLJ_2017_6_465","CLJ 2017 6 465.pdf"
,"CLJ_2017_6_487","CLJ 2017 6 487.pdf"
,"CLJ_2017_6_49","CLJ 2017 6 49.pdf"
,"CLJ_2017_6_507","CLJ 2017 6 507.pdf"
,"CLJ_2017_6_519","CLJ 2017 6 519.pdf"
,"CLJ_2017_6_537","CLJ 2017 6 537.pdf"
,"CLJ_2017_6_567","CLJ 2017 6 567.pdf"
,"CLJ_2017_6_584","CLJ 2017 6 584.pdf"
,"CLJ_2017_6_593","CLJ 2017 6 593.pdf"
,"CLJ_2017_6_604","CLJ 2017 6 604.pdf"
,"CLJ_2017_6_61","CLJ 2017 6 61.pdf"
,"CLJ_2017_6_617","CLJ 2017 6 617.pdf"
,"CLJ_2017_6_630","CLJ 2017 6 630.pdf"
,"CLJ_2017_6_652","CLJ 2017 6 652.pdf"
,"CLJ_2017_6_668","CLJ 2017 6 668.pdf"
,"CLJ_2017_6_695","CLJ 2017 6 695.pdf"
,"CLJ_2017_6_77","CLJ 2017 6 77.pdf"
,"CLJ_2017_6_82","CLJ 2017 6 82.pdf"
,"CLJ_2017_6_96","CLJ 2017 6 96.pdf"
clj_2017_7,"CLJ_2017_7_1","CLJ 2017 7 1.pdf","Current Law Journal, 2017, Volume 7",[2017],texts,opensource
,"CLJ_2017_7_127","CLJ 2017 7 127.pdf"
,"CLJ_2017_7_157","CLJ 2017 7 157.pdf"
,"CLJ_2017_7_176","CLJ 2017 7 176.pdf"
,"CLJ_2017_7_191","CLJ 2017 7 191.pdf"
,"CLJ_2017_7_208","CLJ 2017 7 208.pdf"
,"CLJ_2017_7_214","CLJ 2017 7 214.pdf"
,"CLJ_2017_7_250","CLJ 2017 7 250.pdf"
,"CLJ_2017_7_273","CLJ 2017 7 273.pdf"
,"CLJ_2017_7_282","CLJ 2017 7 282.pdf"
,"CLJ_2017_7_295","CLJ 2017 7 295.pdf"
,"CLJ_2017_7_329","CLJ 2017 7 329.pdf"
,"CLJ_2017_7_33","CLJ 2017 7 33.pdf"
,"CLJ_2017_7_342","CLJ 2017 7 342.pdf"
,"CLJ_2017_7_352","CLJ 2017 7 352.pdf"
,"CLJ_2017_7_369","CLJ 2017 7 369.pdf"
,"CLJ_2017_7_401","CLJ 2017 7 401.pdf"
,"CLJ_2017_7_414","CLJ 2017 7 414.pdf"
,"CLJ_2017_7_423","CLJ 2017 7 423.pdf"
,"CLJ_2017_7_438","CLJ 2017 7 438.pdf"
,"CLJ_2017_7_450","CLJ 2017 7 450.pdf"
,"CLJ_2017_7_469","CLJ 2017 7 469.pdf"
,"CLJ_2017_7_488","CLJ 2017 7 488.pdf"
,"CLJ_2017_7_503","CLJ 2017 7 503.pdf"
,"CLJ_2017_7_513","CLJ 2017 7 513.pdf"
,"CLJ_2017_7_525","CLJ 2017 7 525.pdf"
,"CLJ_2017_7_53","CLJ 2017 7 53.pdf"
,"CLJ_2017_7_533","CLJ 2017 7 533.pdf"
,"CLJ_2017_7_557","CLJ 2017 7 557.pdf"
,"CLJ_2017_7_573","CLJ 2017 7 573.pdf"
,"CLJ_2017_7_602","CLJ 2017 7 602.pdf"
,"CLJ_2017_7_612","CLJ 2017 7 612.pdf"
,"CLJ_2017_7_626","CLJ 2017 7 626.pdf"
,"CLJ_2017_7_641","CLJ 2017 7 641.pdf"
,"CLJ_2017_7_653","CLJ 2017 7 653.pdf"
,"CLJ_2017_7_666","CLJ 2017 7 666.pdf"
,"CLJ_2017_7_68","CLJ 2017 7 68.pdf"
,"CLJ_2017_7_685","CLJ 2017 7 685.pdf"
,"CLJ_2017_7_703","CLJ 2017 7 703.pdf"
,"CLJ_2017_7_720","CLJ 2017 7 720.pdf"
,"CLJ_2017_7_733","CLJ 2017 7 733.pdf"
,"CLJ_2017_7_81","CLJ 2017 7 81.pdf"
,"CLJ_2017_7_90","CLJ 2017 7 90.pdf"
clj_2017_8,"CLJ_2017_8_1","CLJ 2017 8 1.pdf","Current Law Journal, 2017, Volume 8",[2017],texts,opensource
,"CLJ_2017_8_129","CLJ 2017 8 129.pdf"
,"CLJ_2017_8_140","CLJ 2017 8 140.pdf"
,"CLJ_2017_8_159","CLJ 2017 8 159.pdf"
,"CLJ_2017_8_16","CLJ 2017 8 16.pdf"
,"CLJ_2017_8_173","CLJ 2017 8 173.pdf"
,"CLJ_2017_8_195","CLJ 2017 8 195.pdf"
,"CLJ_2017_8_208","CLJ 2017 8 208.pdf"
,"CLJ_2017_8_225","CLJ 2017 8 225.pdf"
,"CLJ_2017_8_249","CLJ 2017 8 249.pdf"
,"CLJ_2017_8_257","CLJ 2017 8 257.pdf"
,"CLJ_2017_8_27","CLJ 2017 8 27.pdf"
,"CLJ_2017_8_272","CLJ 2017 8 272.pdf"
,"CLJ_2017_8_298","CLJ 2017 8 298.pdf"
,"CLJ_2017_8_314","CLJ 2017 8 314.pdf"
,"CLJ_2017_8_327","CLJ 2017 8 327.pdf"
,"CLJ_2017_8_339","CLJ 2017 8 339.pdf"
,"CLJ_2017_8_350","CLJ 2017 8 350.pdf"
,"CLJ_2017_8_369","CLJ 2017 8 369.pdf"
,"CLJ_2017_8_392","CLJ 2017 8 392.pdf"
,"CLJ_2017_8_412","CLJ 2017 8 412.pdf"
,"CLJ_2017_8_425","CLJ 2017 8 425.pdf"
,"CLJ_2017_8_442","CLJ 2017 8 442.pdf"
,"CLJ_2017_8_451","CLJ 2017 8 451.pdf"
,"CLJ_2017_8_464","CLJ 2017 8 464.pdf"
,"CLJ_2017_8_477","CLJ 2017 8 477.pdf"
,"CLJ_2017_8_491","CLJ 2017 8 491.pdf"
,"CLJ_2017_8_503","CLJ 2017 8 503.pdf"
,"CLJ_2017_8_517","CLJ 2017 8 517.pdf"
,"CLJ_2017_8_530","CLJ 2017 8 530.pdf"
,"CLJ_2017_8_554","CLJ 2017 8 554.pdf"
,"CLJ_2017_8_577","CLJ 2017 8 577.pdf"
,"CLJ_2017_8_596","CLJ 2017 8 596.pdf"
,"CLJ_2017_8_605","CLJ 2017 8 605.pdf"
,"CLJ_2017_8_63","CLJ 2017 8 63.pdf"
,"CLJ_2017_8_643","CLJ 2017 8 643.pdf"
,"CLJ_2017_8_667","CLJ 2017 8 667.pdf"
,"CLJ_2017_8_682","CLJ 2017 8 682.pdf"
,"CLJ_2017_8_700","CLJ 2017 8 700.pdf"
,"CLJ_2017_8_710","CLJ 2017 8 710.pdf"
,"CLJ_2017_8_717","CLJ 2017 8 717.pdf"
,"CLJ_2017_8_79","CLJ 2017 8 79.pdf"
,"CLJ_2017_8_93","CLJ 2017 8 93.pdf"
clj_2017_9,"CLJ_2017_9_1","CLJ 2017 9 1.pdf","Current Law Journal, 2017, Volume 9",[2017],texts,opensource
,"CLJ_2017_9_106","CLJ 2017 9 106.pdf"
,"CLJ_2017_9_114","CLJ 2017 9 114.pdf"
,"CLJ_2017_9_145","CLJ 2017 9 145.pdf"
,"CLJ_2017_9_185","CLJ 2017 9 185.pdf"
,"CLJ_2017_9_205","CLJ 2017 9 205.pdf"
,"CLJ_2017_9_232","CLJ 2017 9 232.pdf"
,"CLJ_2017_9_244","CLJ 2017 9 244.pdf"
,"CLJ_2017_9_265","CLJ 2017 9 265.pdf"
,"CLJ_2017_9_273","CLJ 2017 9 273.pdf"
,"CLJ_2017_9_31","CLJ 2017 9 31.pdf"
,"CLJ_2017_9_354","CLJ 2017 9 354.pdf"
,"CLJ_2017_9_366","CLJ 2017 9 366.pdf"
,"CLJ_2017_9_382","CLJ 2017 9 382.pdf"
,"CLJ_2017_9_401","CLJ 2017 9 401.pdf"
,"CLJ_2017_9_413","CLJ 2017 9 413.pdf"
,"CLJ_2017_9_425","CLJ 2017 9 425.pdf"
,"CLJ_2017_9_439","CLJ 2017 9 439.pdf"
,"CLJ_2017_9_45","CLJ 2017 9 45.pdf"
,"CLJ_2017_9_454","CLJ 2017 9 454.pdf"
,"CLJ_2017_9_468","CLJ 2017 9 468.pdf"
,"CLJ_2017_9_482","CLJ 2017 9 482.pdf"
,"CLJ_2017_9_499","CLJ 2017 9 499.pdf"
,"CLJ_2017_9_533","CLJ 2017 9 533.pdf"
,"CLJ_2017_9_543","CLJ 2017 9 543.pdf"
,"CLJ_2017_9_556","CLJ 2017 9 556.pdf"
,"CLJ_2017_9_563","CLJ 2017 9 563.pdf"
,"CLJ_2017_9_575","CLJ 2017 9 575.pdf"
,"CLJ_2017_9_595","CLJ 2017 9 595.pdf"
,"CLJ_2017_9_63","CLJ 2017 9 63.pdf"
,"CLJ_2017_9_630","CLJ 2017 9 630.pdf"
,"CLJ_2017_9_646","CLJ 2017 9 646.pdf"
,"CLJ_2017_9_664","CLJ 2017 9 664.pdf"
,"CLJ_2017_9_678","CLJ 2017 9 678.pdf"
,"CLJ_2017_9_702","CLJ 2017 9 702.pdf"
,"CLJ_2017_9_713","CLJ 2017 9 713.pdf"
,"CLJ_2017_9_77","CLJ 2017 9 77.pdf"
,"CLJ_2017_9_85","CLJ 2017 9 85.pdf"
,"CLJ_2017_9_96","CLJ 2017 9 96.pdf"
clj_2018_1,"CLJ_2018_1_1","CLJ 2018 1 1.pdf","Current Law Journal, 2018, Volume 1",[2018],texts,opensource
,"CLJ_2018_1_110","CLJ 2018 1 110.pdf"
,"CLJ_2018_1_125","CLJ 2018 1 125.pdf"
,"CLJ_2018_1_145","CLJ 2018 1 145.pdf"
,"CLJ_2018_1_19","CLJ 2018 1 19.pdf"
,"CLJ_2018_1_214","CLJ 2018 1 214.pdf"
,"CLJ_2018_1_228","CLJ 2018 1 228.pdf"
,"CLJ_2018_1_239","CLJ 2018 1 239.pdf"
,"CLJ_2018_1_258","CLJ 2018 1 258.pdf"
,"CLJ_2018_1_287","CLJ 2018 1 287.pdf"
,"CLJ_2018_1_305","CLJ 2018 1 305.pdf"
,"CLJ_2018_1_318","CLJ 2018 1 318.pdf"
,"CLJ_2018_1_330","CLJ 2018 1 330.pdf"
,"CLJ_2018_1_342","CLJ 2018 1 342.pdf"
,"CLJ_2018_1_347","CLJ 2018 1 347.pdf"
,"CLJ_2018_1_369","CLJ 2018 1 369.pdf"
,"CLJ_2018_1_383","CLJ 2018 1 383.pdf"
,"CLJ_2018_1_397","CLJ 2018 1 397.pdf"
,"CLJ_2018_1_415","CLJ 2018 1 415.pdf"
,"CLJ_2018_1_434","CLJ 2018 1 434.pdf"
,"CLJ_2018_1_459","CLJ 2018 1 459.pdf"
,"CLJ_2018_1_46","CLJ 2018 1 46.pdf"
,"CLJ_2018_1_481","CLJ 2018 1 481.pdf"
,"CLJ_2018_1_491","CLJ 2018 1 491.pdf"
,"CLJ_2018_1_518","CLJ 2018 1 518.pdf"
,"CLJ_2018_1_536","CLJ 2018 1 536.pdf"
,"CLJ_2018_1_565","CLJ 2018 1 565.pdf"
,"CLJ_2018_1_585","CLJ 2018 1 585.pdf"
,"CLJ_2018_1_61","CLJ 2018 1 61.pdf"
,"CLJ_2018_1_641","CLJ 2018 1 641.pdf"
,"CLJ_2018_1_647","CLJ 2018 1 647.pdf"
,"CLJ_2018_1_662","CLJ 2018 1 662.pdf"
,"CLJ_2018_1_671","CLJ 2018 1 671.pdf"
,"CLJ_2018_1_693","CLJ 2018 1 693.pdf"
,"CLJ_2018_1_769","CLJ 2018 1 769.pdf"
,"CLJ_2018_1_776","CLJ 2018 1 776.pdf"
,"CLJ_2018_1_792","CLJ 2018 1 792.pdf"
,"CLJ_2018_1_88","CLJ 2018 1 88.pdf"
,"CLJ_2018_1_97","CLJ 2018 1 97.pdf"
clj_2018_10,"CLJ_2018_10_1","CLJ 2018 10 1.pdf","Current Law Journal, 2018, Volume 10",[2018],texts,opensource
,"CLJ_2018_10_104","CLJ 2018 10 104.pdf"
,"CLJ_2018_10_111","CLJ 2018 10 111.pdf"
,"CLJ_2018_10_129","CLJ 2018 10 129.pdf"
,"CLJ_2018_10_147","CLJ 2018 10 147.pdf"
,"CLJ_2018_10_189","CLJ 2018 10 189.pdf"
,"CLJ_2018_10_207","CLJ 2018 10 207.pdf"
,"CLJ_2018_10_222","CLJ 2018 10 222.pdf"
,"CLJ_2018_10_260","CLJ 2018 10 260.pdf"
,"CLJ_2018_10_268","CLJ 2018 10 268.pdf"
,"CLJ_2018_10_281","CLJ 2018 10 281.pdf"
,"CLJ_2018_10_293","CLJ 2018 10 293.pdf"
,"CLJ_2018_10_306","CLJ 2018 10 306.pdf"
,"CLJ_2018_10_315","CLJ 2018 10 315.pdf"
,"CLJ_2018_10_337","CLJ 2018 10 337.pdf"
,"CLJ_2018_10_354","CLJ 2018 10 354.pdf"
,"CLJ_2018_10_36","CLJ 2018 10 36.pdf"
,"CLJ_2018_10_385","CLJ 2018 10 385.pdf"
,"CLJ_2018_10_412","CLJ 2018 10 412.pdf"
,"CLJ_2018_10_433","CLJ 2018 10 433.pdf"
,"CLJ_2018_10_438","CLJ 2018 10 438.pdf"
,"CLJ_2018_10_470","CLJ 2018 10 470.pdf"
,"CLJ_2018_10_48","CLJ 2018 10 48.pdf"
,"CLJ_2018_10_488","CLJ 2018 10 488.pdf"
,"CLJ_2018_10_517","CLJ 2018 10 517.pdf"
,"CLJ_2018_10_534","CLJ 2018 10 534.pdf"
,"CLJ_2018_10_562","CLJ 2018 10 562.pdf"
,"CLJ_2018_10_571","CLJ 2018 10 571.pdf"
,"CLJ_2018_10_579","CLJ 2018 10 579.pdf"
,"CLJ_2018_10_597","CLJ 2018 10 597.pdf"
,"CLJ_2018_10_613","CLJ 2018 10 613.pdf"
,"CLJ_2018_10_628","CLJ 2018 10 628.pdf"
,"CLJ_2018_10_648","CLJ 2018 10 648.pdf"
,"CLJ_2018_10_659","CLJ 2018 10 659.pdf"
,"CLJ_2018_10_684","CLJ 2018 10 684.pdf"
,"CLJ_2018_10_705","CLJ 2018 10 705.pdf"
,"CLJ_2018_10_718","CLJ 2018 10 718.pdf"
,"CLJ_2018_10_729","CLJ 2018 10 729.pdf"
,"CLJ_2018_10_73","CLJ 2018 10 73.pdf"
,"CLJ_2018_10_742","CLJ 2018 10 742.pdf"
,"CLJ_2018_10_752","CLJ 2018 10 752.pdf"
,"CLJ_2018_10_771","CLJ 2018 10 771.pdf"
,"CLJ_2018_10_782","CLJ 2018 10 782.pdf"
,"CLJ_2018_10_801","CLJ 2018 10 801.pdf"
,"CLJ_2018_10_85","CLJ 2018 10 85.pdf"
,"CLJ_2018_10_92","CLJ 2018 10 92.pdf"
clj_2018_2,"CLJ_2018_2_1","CLJ 2018 2 1.pdf","Current Law Journal, 2018, Volume 2",[2018],texts,opensource
,"CLJ_2018_2_103","CLJ 2018 2 103.pdf"
,"CLJ_2018_2_129","CLJ 2018 2 129.pdf"
,"CLJ_2018_2_142","CLJ 2018 2 142.pdf"
,"CLJ_2018_2_163","CLJ 2018 2 163.pdf"
,"CLJ_2018_2_212","CLJ 2018 2 212.pdf"
,"CLJ_2018_2_223","CLJ 2018 2 223.pdf"
,"CLJ_2018_2_246","CLJ 2018 2 246.pdf"
,"CLJ_2018_2_257","CLJ 2018 2 257.pdf"
,"CLJ_2018_2_274","CLJ 2018 2 274.pdf"
,"CLJ_2018_2_296","CLJ 2018 2 296.pdf"
,"CLJ_2018_2_30","CLJ 2018 2 30.pdf"
,"CLJ_2018_2_305","CLJ 2018 2 305.pdf"
,"CLJ_2018_2_318","CLJ 2018 2 318.pdf"
,"CLJ_2018_2_328","CLJ 2018 2 328.pdf"
,"CLJ_2018_2_335","CLJ 2018 2 335.pdf"
,"CLJ_2018_2_360","CLJ 2018 2 360.pdf"
,"CLJ_2018_2_376","CLJ 2018 2 376.pdf"
,"CLJ_2018_2_401","CLJ 2018 2 401.pdf"
,"CLJ_2018_2_420","CLJ 2018 2 420.pdf"
,"CLJ_2018_2_431","CLJ 2018 2 431.pdf"
,"CLJ_2018_2_455","CLJ 2018 2 455.pdf"
,"CLJ_2018_2_469","CLJ 2018 2 469.pdf"
,"CLJ_2018_2_480","CLJ 2018 2 480.pdf"
,"CLJ_2018_2_501","CLJ 2018 2 501.pdf"
,"CLJ_2018_2_513","CLJ 2018 2 513.pdf"
,"CLJ_2018_2_53","CLJ 2018 2 53.pdf"
,"CLJ_2018_2_550","CLJ 2018 2 550.pdf"
,"CLJ_2018_2_567","CLJ 2018 2 567.pdf"
,"CLJ_2018_2_589","CLJ 2018 2 589.pdf"
,"CLJ_2018_2_601","CLJ 2018 2 601.pdf"
,"CLJ_2018_2_610","CLJ 2018 2 610.pdf"
,"CLJ_2018_2_626","CLJ 2018 2 626.pdf"
,"CLJ_2018_2_631","CLJ 2018 2 631.pdf"
,"CLJ_2018_2_641","CLJ 2018 2 641.pdf"
,"CLJ_2018_2_66","CLJ 2018 2 66.pdf"
,"CLJ_2018_2_704","CLJ 2018 2 704.pdf"
,"CLJ_2018_2_715","CLJ 2018 2 715.pdf"
,"CLJ_2018_2_749","CLJ 2018 2 749.pdf"
,"CLJ_2018_2_762","CLJ 2018 2 762.pdf"
,"CLJ_2018_2_781","CLJ 2018 2 781.pdf"
,"CLJ_2018_2_84","CLJ 2018 2 84.pdf"
clj_2018_3,"CLJ_2018_3_1","CLJ 2018 3 1.pdf","Current Law Journal, 2018, Volume 3",[2018],texts,opensource
,"CLJ_2018_3_106","CLJ 2018 3 106.pdf"
,"CLJ_2018_3_119","CLJ 2018 3 119.pdf"
,"CLJ_2018_3_145","CLJ 2018 3 145.pdf"
,"CLJ_2018_3_212","CLJ 2018 3 212.pdf"
,"CLJ_2018_3_225","CLJ 2018 3 225.pdf"
,"CLJ_2018_3_241","CLJ 2018 3 241.pdf"
,"CLJ_2018_3_250","CLJ 2018 3 250.pdf"
,"CLJ_2018_3_268","CLJ 2018 3 268.pdf"
,"CLJ_2018_3_283","CLJ 2018 3 283.pdf"
,"CLJ_2018_3_294","CLJ 2018 3 294.pdf"
,"CLJ_2018_3_315","CLJ 2018 3 315.pdf"
,"CLJ_2018_3_336","CLJ 2018 3 336.pdf"
,"CLJ_2018_3_359","CLJ 2018 3 359.pdf"
,"CLJ_2018_3_396","CLJ 2018 3 396.pdf"
,"CLJ_2018_3_405","CLJ 2018 3 405.pdf"
,"CLJ_2018_3_427","CLJ 2018 3 427.pdf"
,"CLJ_2018_3_47","CLJ 2018 3 47.pdf"
,"CLJ_2018_3_478","CLJ 2018 3 478.pdf"
,"CLJ_2018_3_496","CLJ 2018 3 496.pdf"
,"CLJ_2018_3_509","CLJ 2018 3 509.pdf"
,"CLJ_2018_3_522","CLJ 2018 3 522.pdf"
,"CLJ_2018_3_539","CLJ 2018 3 539.pdf"
,"CLJ_2018_3_557","CLJ 2018 3 557.pdf"
,"CLJ_2018_3_599","CLJ 2018 3 599.pdf"
,"CLJ_2018_3_620","CLJ 2018 3 620.pdf"
,"CLJ_2018_3_635","CLJ 2018 3 635.pdf"
,"CLJ_2018_3_655","CLJ 2018 3 655.pdf"
,"CLJ_2018_3_662","CLJ 2018 3 662.pdf"
,"CLJ_2018_3_681","CLJ 2018 3 681.pdf"
,"CLJ_2018_3_71","CLJ 2018 3 71.pdf"
,"CLJ_2018_3_726","CLJ 2018 3 726.pdf"
,"CLJ_2018_3_752","CLJ 2018 3 752.pdf"
,"CLJ_2018_3_768","CLJ 2018 3 768.pdf"
,"CLJ_2018_3_784","CLJ 2018 3 784.pdf"
,"CLJ_2018_3_799","CLJ 2018 3 799.pdf"
,"CLJ_2018_3_89","CLJ 2018 3 89.pdf"
clj_2018_4,"CLJ_2018_4_1","CLJ 2018 4 1.pdf","Current Law Journal, 2018, Volume 4",[2018],texts,opensource
,"CLJ_2018_4_102","CLJ 2018 4 102.pdf"
,"CLJ_2018_4_110","CLJ 2018 4 110.pdf"
,"CLJ_2018_4_133","CLJ 2018 4 133.pdf"
,"CLJ_2018_4_145","CLJ 2018 4 145.pdf"
,"CLJ_2018_4_157","CLJ 2018 4 157.pdf"
,"CLJ_2018_4_171","CLJ 2018 4 171.pdf"
,"CLJ_2018_4_196","CLJ 2018 4 196.pdf"
,"CLJ_2018_4_210","CLJ 2018 4 210.pdf"
,"CLJ_2018_4_220","CLJ 2018 4 220.pdf"
,"CLJ_2018_4_236","CLJ 2018 4 236.pdf"
,"CLJ_2018_4_248","CLJ 2018 4 248.pdf"
,"CLJ_2018_4_272","CLJ 2018 4 272.pdf"
,"CLJ_2018_4_285","CLJ 2018 4 285.pdf"
,"CLJ_2018_4_301","CLJ 2018 4 301.pdf"
,"CLJ_2018_4_315","CLJ 2018 4 315.pdf"
,"CLJ_2018_4_32","CLJ 2018 4 32.pdf"
,"CLJ_2018_4_323","CLJ 2018 4 323.pdf"
,"CLJ_2018_4_342","CLJ 2018 4 342.pdf"
,"CLJ_2018_4_361","CLJ 2018 4 361.pdf"
,"CLJ_2018_4_394","CLJ 2018 4 394.pdf"
,"CLJ_2018_4_408","CLJ 2018 4 408.pdf"
,"CLJ_2018_4_41","CLJ 2018 4 41.pdf"
,"CLJ_2018_4_423","CLJ 2018 4 423.pdf"
,"CLJ_2018_4_438","CLJ 2018 4 438.pdf"
,"CLJ_2018_4_458","CLJ 2018 4 458.pdf"
,"CLJ_2018_4_497","CLJ 2018 4 497.pdf"
,"CLJ_2018_4_519","CLJ 2018 4 519.pdf"
,"CLJ_2018_4_525","CLJ 2018 4 525.pdf"
,"CLJ_2018_4_54","CLJ 2018 4 54.pdf"
,"CLJ_2018_4_555","CLJ 2018 4 555.pdf"
,"CLJ_2018_4_561","CLJ 2018 4 561.pdf"
,"CLJ_2018_4_579","CLJ 2018 4 579.pdf"
,"CLJ_2018_4_593","CLJ 2018 4 593.pdf"
,"CLJ_2018_4_616","CLJ 2018 4 616.pdf"
,"CLJ_2018_4_635","CLJ 2018 4 635.pdf"
,"CLJ_2018_4_653","CLJ 2018 4 653.pdf"
,"CLJ_2018_4_678","CLJ 2018 4 678.pdf"
,"CLJ_2018_4_696","CLJ 2018 4 696.pdf"
,"CLJ_2018_4_705","CLJ 2018 4 705.pdf"
,"CLJ_2018_4_750","CLJ 2018 4 750.pdf"
,"CLJ_2018_4_758","CLJ 2018 4 758.pdf"
,"CLJ_2018_4_782","CLJ 2018 4 782.pdf"
,"CLJ_2018_4_791","CLJ 2018 4 791.pdf"
,"CLJ_2018_4_800","CLJ 2018 4 800.pdf"
,"CLJ_2018_4_808","CLJ 2018 4 808.pdf"
,"CLJ_2018_4_86","CLJ 2018 4 86.pdf"
clj_2018_5,"CLJ_2018_5_1","CLJ 2018 5 1.pdf","Current Law Journal, 2018, Volume 5",[2018],texts,opensource
,"CLJ_2018_5_111","CLJ 2018 5 111.pdf"
,"CLJ_2018_5_120","CLJ 2018 5 120.pdf"
,"CLJ_2018_5_129","CLJ 2018 5 129.pdf"
,"CLJ_2018_5_162","CLJ 2018 5 162.pdf"
,"CLJ_2018_5_17","CLJ 2018 5 17.pdf"
,"CLJ_2018_5_185","CLJ 2018 5 185.pdf"
,"CLJ_2018_5_202","CLJ 2018 5 202.pdf"
,"CLJ_2018_5_227","CLJ 2018 5 227.pdf"
,"CLJ_2018_5_236","CLJ 2018 5 236.pdf"
,"CLJ_2018_5_250","CLJ 2018 5 250.pdf"
,"CLJ_2018_5_259","CLJ 2018 5 259.pdf"
,"CLJ_2018_5_273","CLJ 2018 5 273.pdf"
,"CLJ_2018_5_288","CLJ 2018 5 288.pdf"
,"CLJ_2018_5_299","CLJ 2018 5 299.pdf"
,"CLJ_2018_5_326","CLJ 2018 5 326.pdf"
,"CLJ_2018_5_345","CLJ 2018 5 345.pdf"
,"CLJ_2018_5_355","CLJ 2018 5 355.pdf"
,"CLJ_2018_5_375","CLJ 2018 5 375.pdf"
,"CLJ_2018_5_385","CLJ 2018 5 385.pdf"
,"CLJ_2018_5_399","CLJ 2018 5 399.pdf"
,"CLJ_2018_5_411","CLJ 2018 5 411.pdf"
,"CLJ_2018_5_436","CLJ 2018 5 436.pdf"
,"CLJ_2018_5_44","CLJ 2018 5 44.pdf"
,"CLJ_2018_5_449","CLJ 2018 5 449.pdf"
,"CLJ_2018_5_461","CLJ 2018 5 461.pdf"
,"CLJ_2018_5_472","CLJ 2018 5 472.pdf"
,"CLJ_2018_5_500","CLJ 2018 5 500.pdf"
,"CLJ_2018_5_513","CLJ 2018 5 513.pdf"
,"CLJ_2018_5_547","CLJ 2018 5 547.pdf"
,"CLJ_2018_5_570","CLJ 2018 5 570.pdf"
,"CLJ_2018_5_587","CLJ 2018 5 587.pdf"
,"CLJ_2018_5_597","CLJ 2018 5 597.pdf"
,"CLJ_2018_5_603","CLJ 2018 5 603.pdf"
,"CLJ_2018_5_619","CLJ 2018 5 619.pdf"
,"CLJ_2018_5_657","CLJ 2018 5 657.pdf"
,"CLJ_2018_5_668","CLJ 2018 5 668.pdf"
,"CLJ_2018_5_681","CLJ 2018 5 681.pdf"
,"CLJ_2018_5_692","CLJ 2018 5 692.pdf"
,"CLJ_2018_5_706","CLJ 2018 5 706.pdf"
,"CLJ_2018_5_716","CLJ 2018 5 716.pdf"
,"CLJ_2018_5_729","CLJ 2018 5 729.pdf"
,"CLJ_2018_5_751","CLJ 2018 5 751.pdf"
,"CLJ_2018_5_766","CLJ 2018 5 766.pdf"
,"CLJ_2018_5_83","CLJ 2018 5 83.pdf"
,"CLJ_2018_5_94","CLJ 2018 5 94.pdf"
,"CLJ_2018_5_99","CLJ 2018 5 99.pdf"
clj_2018_6,"CLJ_2018_6_1","CLJ 2018 6 1.pdf","Current Law Journal, 2018, Volume 6",[2018],texts,opensource
,"CLJ_2018_6_124","CLJ 2018 6 124.pdf"
,"CLJ_2018_6_133","CLJ 2018 6 133.pdf"
,"CLJ_2018_6_167","CLJ 2018 6 167.pdf"
,"CLJ_2018_6_199","CLJ 2018 6 199.pdf"
,"CLJ_2018_6_217","CLJ 2018 6 217.pdf"
,"CLJ_2018_6_237","CLJ 2018 6 237.pdf"
,"CLJ_2018_6_246","CLJ 2018 6 246.pdf"
,"CLJ_2018_6_257","CLJ 2018 6 257.pdf"
,"CLJ_2018_6_271","CLJ 2018 6 271.pdf"
,"CLJ_2018_6_285","CLJ 2018 6 285.pdf"
,"CLJ_2018_6_307","CLJ 2018 6 307.pdf"
,"CLJ_2018_6_334","CLJ 2018 6 334.pdf"
,"CLJ_2018_6_36","CLJ 2018 6 36.pdf"
,"CLJ_2018_6_364","CLJ 2018 6 364.pdf"
,"CLJ_2018_6_381","CLJ 2018 6 381.pdf"
,"CLJ_2018_6_397","CLJ 2018 6 397.pdf"
,"CLJ_2018_6_403","CLJ 2018 6 403.pdf"
,"CLJ_2018_6_415","CLJ 2018 6 415.pdf"
,"CLJ_2018_6_436","CLJ 2018 6 436.pdf"
,"CLJ_2018_6_452","CLJ 2018 6 452.pdf"
,"CLJ_2018_6_462","CLJ 2018 6 462.pdf"
,"CLJ_2018_6_482","CLJ 2018 6 482.pdf"
,"CLJ_2018_6_506","CLJ 2018 6 506.pdf"
,"CLJ_2018_6_526","CLJ 2018 6 526.pdf"
,"CLJ_2018_6_545","CLJ 2018 6 545.pdf"
,"CLJ_2018_6_55","CLJ 2018 6 55.pdf"
,"CLJ_2018_6_573","CLJ 2018 6 573.pdf"
,"CLJ_2018_6_583","CLJ 2018 6 583.pdf"
,"CLJ_2018_6_602","CLJ 2018 6 602.pdf"
,"CLJ_2018_6_616","CLJ 2018 6 616.pdf"
,"CLJ_2018_6_630","CLJ 2018 6 630.pdf"
,"CLJ_2018_6_638","CLJ 2018 6 638.pdf"
,"CLJ_2018_6_649","CLJ 2018 6 649.pdf"
,"CLJ_2018_6_663","CLJ 2018 6 663.pdf"
,"CLJ_2018_6_683","CLJ 2018 6 683.pdf"
,"CLJ_2018_6_69","CLJ 2018 6 69.pdf"
,"CLJ_2018_6_748","CLJ 2018 6 748.pdf"
,"CLJ_2018_6_757","CLJ 2018 6 757.pdf"
,"CLJ_2018_6_772","CLJ 2018 6 772.pdf"
,"CLJ_2018_6_792","CLJ 2018 6 792.pdf"
,"CLJ_2018_6_82","CLJ 2018 6 82.pdf"
,"CLJ_2018_6_98","CLJ 2018 6 98.pdf"
clj_2018_7,"CLJ_2018_7_1","CLJ 2018 7 1.pdf","Current Law Journal, 2018, Volume 7",[2018],texts,opensource
,"CLJ_2018_7_105","CLJ 2018 7 105.pdf"
,"CLJ_2018_7_119","CLJ 2018 7 119.pdf"
,"CLJ_2018_7_145","CLJ 2018 7 145.pdf"
,"CLJ_2018_7_154","CLJ 2018 7 154.pdf"
,"CLJ_2018_7_165","CLJ 2018 7 165.pdf"
,"CLJ_2018_7_197","CLJ 2018 7 197.pdf"
,"CLJ_2018_7_218","CLJ 2018 7 218.pdf"
,"CLJ_2018_7_23","CLJ 2018 7 23.pdf"
,"CLJ_2018_7_235","CLJ 2018 7 235.pdf"
,"CLJ_2018_7_252","CLJ 2018 7 252.pdf"
,"CLJ_2018_7_263","CLJ 2018 7 263.pdf"
,"CLJ_2018_7_272","CLJ 2018 7 272.pdf"
,"CLJ_2018_7_283","CLJ 2018 7 283.pdf"
,"CLJ_2018_7_290","CLJ 2018 7 290.pdf"
,"CLJ_2018_7_303","CLJ 2018 7 303.pdf"
,"CLJ_2018_7_325","CLJ 2018 7 325.pdf"
,"CLJ_2018_7_336","CLJ 2018 7 336.pdf"
,"CLJ_2018_7_351","CLJ 2018 7 351.pdf"
,"CLJ_2018_7_359","CLJ 2018 7 359.pdf"
,"CLJ_2018_7_371","CLJ 2018 7 371.pdf"
,"CLJ_2018_7_403","CLJ 2018 7 403.pdf"
,"CLJ_2018_7_45","CLJ 2018 7 45.pdf"
,"CLJ_2018_7_460","CLJ 2018 7 460.pdf"
,"CLJ_2018_7_475","CLJ 2018 7 475.pdf"
,"CLJ_2018_7_487","CLJ 2018 7 487.pdf"
,"CLJ_2018_7_501","CLJ 2018 7 501.pdf"
,"CLJ_2018_7_511","CLJ 2018 7 511.pdf"
,"CLJ_2018_7_516","CLJ 2018 7 516.pdf"
,"CLJ_2018_7_526","CLJ 2018 7 526.pdf"
,"CLJ_2018_7_541","CLJ 2018 7 541.pdf"
,"CLJ_2018_7_557","CLJ 2018 7 557.pdf"
,"CLJ_2018_7_570","CLJ 2018 7 570.pdf"
,"CLJ_2018_7_586","CLJ 2018 7 586.pdf"
,"CLJ_2018_7_599","CLJ 2018 7 599.pdf"
,"CLJ_2018_7_60","CLJ 2018 7 60.pdf"
,"CLJ_2018_7_609","CLJ 2018 7 609.pdf"
,"CLJ_2018_7_622","CLJ 2018 7 622.pdf"
,"CLJ_2018_7_666","CLJ 2018 7 666.pdf"
,"CLJ_2018_7_685","CLJ 2018 7 685.pdf"
,"CLJ_2018_7_702","CLJ 2018 7 702.pdf"
,"CLJ_2018_7_716","CLJ 2018 7 716.pdf"
,"CLJ_2018_7_739","CLJ 2018 7 739.pdf"
,"CLJ_2018_7_753","CLJ 2018 7 753.pdf"
,"CLJ_2018_7_773","CLJ 2018 7 773.pdf"
,"CLJ_2018_7_787","CLJ 2018 7 787.pdf"
,"CLJ_2018_7_805","CLJ 2018 7 805.pdf"
,"CLJ_2018_7_82","CLJ 2018 7 82.pdf"
clj_2018_8,"CLJ_2018_8_1","CLJ 2018 8 1.pdf","Current Law Journal, 2018, Volume 8",[2018],texts,opensource
,"CLJ_2018_8_10","CLJ 2018 8 10.pdf"
,"CLJ_2018_8_111","CLJ 2018 8 111.pdf"
,"CLJ_2018_8_145","CLJ 2018 8 145.pdf"
,"CLJ_2018_8_17","CLJ 2018 8 17.pdf"
,"CLJ_2018_8_174","CLJ 2018 8 174.pdf"
,"CLJ_2018_8_186","CLJ 2018 8 186.pdf"
,"CLJ_2018_8_203","CLJ 2018 8 203.pdf"
,"CLJ_2018_8_209","CLJ 2018 8 209.pdf"
,"CLJ_2018_8_216","CLJ 2018 8 216.pdf"
,"CLJ_2018_8_232","CLJ 2018 8 232.pdf"
,"CLJ_2018_8_243","CLJ 2018 8 243.pdf"
,"CLJ_2018_8_259","CLJ 2018 8 259.pdf"
,"CLJ_2018_8_273","CLJ 2018 8 273.pdf"
,"CLJ_2018_8_291","CLJ 2018 8 291.pdf"
,"CLJ_2018_8_327","CLJ 2018 8 327.pdf"
,"CLJ_2018_8_343","CLJ 2018 8 343.pdf"
,"CLJ_2018_8_361","CLJ 2018 8 361.pdf"
,"CLJ_2018_8_375","CLJ 2018 8 375.pdf"
,"CLJ_2018_8_380","CLJ 2018 8 380.pdf"
,"CLJ_2018_8_394","CLJ 2018 8 394.pdf"
,"CLJ_2018_8_409","CLJ 2018 8 409.pdf"
,"CLJ_2018_8_423","CLJ 2018 8 423.pdf"
,"CLJ_2018_8_446","CLJ 2018 8 446.pdf"
,"CLJ_2018_8_469","CLJ 2018 8 469.pdf"
,"CLJ_2018_8_477","CLJ 2018 8 477.pdf"
,"CLJ_2018_8_48","CLJ 2018 8 48.pdf"
,"CLJ_2018_8_490","CLJ 2018 8 490.pdf"
,"CLJ_2018_8_519","CLJ 2018 8 519.pdf"
,"CLJ_2018_8_529","CLJ 2018 8 529.pdf"
,"CLJ_2018_8_535","CLJ 2018 8 535.pdf"
,"CLJ_2018_8_546","CLJ 2018 8 546.pdf"
,"CLJ_2018_8_566","CLJ 2018 8 566.pdf"
,"CLJ_2018_8_587","CLJ 2018 8 587.pdf"
,"CLJ_2018_8_61","CLJ 2018 8 61.pdf"
,"CLJ_2018_8_652","CLJ 2018 8 652.pdf"
,"CLJ_2018_8_663","CLJ 2018 8 663.pdf"
,"CLJ_2018_8_686","CLJ 2018 8 686.pdf"
,"CLJ_2018_8_71","CLJ 2018 8 71.pdf"
,"CLJ_2018_8_713","CLJ 2018 8 713.pdf"
,"CLJ_2018_8_738","CLJ 2018 8 738.pdf"
,"CLJ_2018_8_762","CLJ 2018 8 762.pdf"
,"CLJ_2018_8_788","CLJ 2018 8 788.pdf"
,"CLJ_2018_8_79","CLJ 2018 8 79.pdf"
clj_2018_9,"CLJ_2018_9_1","CLJ 2018 9 1.pdf","Current Law Journal, 2018, Volume 9",[2018],texts,opensource
,"CLJ_2018_9_101","CLJ 2018 9 101.pdf"
,"CLJ_2018_9_130","CLJ 2018 9 130.pdf"
,"CLJ_2018_9_141","CLJ 2018 9 141.pdf"
,"CLJ_2018_9_168","CLJ 2018 9 168.pdf"
,"CLJ_2018_9_184","CLJ 2018 9 184.pdf"
,"CLJ_2018_9_217","CLJ 2018 9 217.pdf"
,"CLJ_2018_9_229","CLJ 2018 9 229.pdf"
,"CLJ_2018_9_259","CLJ 2018 9 259.pdf"
,"CLJ_2018_9_26","CLJ 2018 9 26.pdf"
,"CLJ_2018_9_265","CLJ 2018 9 265.pdf"
,"CLJ_2018_9_285","CLJ 2018 9 285.pdf"
,"CLJ_2018_9_311","CLJ 2018 9 311.pdf"
,"CLJ_2018_9_328","CLJ 2018 9 328.pdf"
,"CLJ_2018_9_345","CLJ 2018 9 345.pdf"
,"CLJ_2018_9_355","CLJ 2018 9 355.pdf"
,"CLJ_2018_9_367","CLJ 2018 9 367.pdf"
,"CLJ_2018_9_384","CLJ 2018 9 384.pdf"
,"CLJ_2018_9_407","CLJ 2018 9 407.pdf"
,"CLJ_2018_9_425","CLJ 2018 9 425.pdf"
,"CLJ_2018_9_449","CLJ 2018 9 449.pdf"
,"CLJ_2018_9_47","CLJ 2018 9 47.pdf"
,"CLJ_2018_9_484","CLJ 2018 9 484.pdf"
,"CLJ_2018_9_496","CLJ 2018 9 496.pdf"
,"CLJ_2018_9_517","CLJ 2018 9 517.pdf"
,"CLJ_2018_9_52","CLJ 2018 9 52.pdf"
,"CLJ_2018_9_533","CLJ 2018 9 533.pdf"
,"CLJ_2018_9_547","CLJ 2018 9 547.pdf"
,"CLJ_2018_9_561","CLJ 2018 9 561.pdf"
,"CLJ_2018_9_593","CLJ 2018 9 593.pdf"
,"CLJ_2018_9_622","CLJ 2018 9 622.pdf"
,"CLJ_2018_9_640","CLJ 2018 9 640.pdf"
,"CLJ_2018_9_652","CLJ 2018 9 652.pdf"
,"CLJ_2018_9_661","CLJ 2018 9 661.pdf"
,"CLJ_2018_9_677","CLJ 2018 9 677.pdf"
,"CLJ_2018_9_691","CLJ 2018 9 691.pdf"
,"CLJ_2018_9_707","CLJ 2018 9 707.pdf"
,"CLJ_2018_9_71","CLJ 2018 9 71.pdf"
,"CLJ_2018_9_720","CLJ 2018 9 720.pdf"
,"CLJ_2018_9_730","CLJ 2018 9 730.pdf"
,"CLJ_2018_9_748","CLJ 2018 9 748.pdf"
,"CLJ_2018_9_769","CLJ 2018 9 769.pdf"
,"CLJ_2018_9_798","CLJ 2018 9 798.pdf"
,"CLJ_2018_9_92","CLJ 2018 9 92.pdf"
clj_2019_1,"CLJ_2019_1_1","CLJ 2019 1 1.pdf","Current Law Journal, 2019, Volume 1",[2019],texts,opensource
,"CLJ_2019_1_103","CLJ 2019 1 103.pdf"
,"CLJ_2019_1_110","CLJ 2019 1 110.pdf"
,"CLJ_2019_1_122","CLJ 2019 1 122.pdf"
,"CLJ_2019_1_141","CLJ 2019 1 141.pdf"
,"CLJ_2019_1_153","CLJ 2019 1 153.pdf"
,"CLJ_2019_1_183","CLJ 2019 1 183.pdf"
,"CLJ_2019_1_19","CLJ 2019 1 19.pdf"
,"CLJ_2019_1_224","CLJ 2019 1 224.pdf"
,"CLJ_2019_1_234","CLJ 2019 1 234.pdf"
,"CLJ_2019_1_247","CLJ 2019 1 247.pdf"
,"CLJ_2019_1_257","CLJ 2019 1 257.pdf"
,"CLJ_2019_1_277","CLJ 2019 1 277.pdf"
,"CLJ_2019_1_293","CLJ 2019 1 293.pdf"
,"CLJ_2019_1_305","CLJ 2019 1 305.pdf"
,"CLJ_2019_1_329","CLJ 2019 1 329.pdf"
,"CLJ_2019_1_365","CLJ 2019 1 365.pdf"
,"CLJ_2019_1_381","CLJ 2019 1 381.pdf"
,"CLJ_2019_1_393","CLJ 2019 1 393.pdf"
,"CLJ_2019_1_401","CLJ 2019 1 401.pdf"
,"CLJ_2019_1_408","CLJ 2019 1 408.pdf"
,"CLJ_2019_1_42","CLJ 2019 1 42.pdf"
,"CLJ_2019_1_432","CLJ 2019 1 432.pdf"
,"CLJ_2019_1_445","CLJ 2019 1 445.pdf"
,"CLJ_2019_1_461","CLJ 2019 1 461.pdf"
,"CLJ_2019_1_478","CLJ 2019 1 478.pdf"
,"CLJ_2019_1_501","CLJ 2019 1 501.pdf"
,"CLJ_2019_1_526","CLJ 2019 1 526.pdf"
,"CLJ_2019_1_541","CLJ 2019 1 541.pdf"
,"CLJ_2019_1_554","CLJ 2019 1 554.pdf"
,"CLJ_2019_1_567","CLJ 2019 1 567.pdf"
,"CLJ_2019_1_575","CLJ 2019 1 575.pdf"
,"CLJ_2019_1_592","CLJ 2019 1 592.pdf"
,"CLJ_2019_1_605","CLJ 2019 1 605.pdf"
,"CLJ_2019_1_614","CLJ 2019 1 614.pdf"
,"CLJ_2019_1_626","CLJ 2019 1 626.pdf"
,"CLJ_2019_1_65","CLJ 2019 1 65.pdf"
,"CLJ_2019_1_661","CLJ 2019 1 661.pdf"
,"CLJ_2019_1_688","CLJ 2019 1 688.pdf"
,"CLJ_2019_1_695","CLJ 2019 1 695.pdf"
,"CLJ_2019_1_713","CLJ 2019 1 713.pdf"
,"CLJ_2019_1_728","CLJ 2019 1 728.pdf"
,"CLJ_2019_1_748","CLJ 2019 1 748.pdf"
,"CLJ_2019_1_75","CLJ 2019 1 75.pdf"
,"CLJ_2019_1_773","CLJ 2019 1 773.pdf"
,"CLJ_2019_1_788","CLJ 2019 1 788.pdf"
,"CLJ_2019_1_823","CLJ 2019 1 823.pdf"
,"CLJ_2019_1_99","CLJ 2019 1 99.pdf"
clj_2019_10,"CLJ_2019_10_1","CLJ 2019 10 1.pdf","Current Law Journal, 2019, Volume 10",[2019],texts,opensource
,"CLJ_2019_10_110","CLJ 2019 10 110.pdf"
,"CLJ_2019_10_120","CLJ 2019 10 120.pdf"
,"CLJ_2019_10_137","CLJ 2019 10 137.pdf"
,"CLJ_2019_10_150","CLJ 2019 10 150.pdf"
,"CLJ_2019_10_179","CLJ 2019 10 179.pdf"
,"CLJ_2019_10_191","CLJ 2019 10 191.pdf"
,"CLJ_2019_10_203","CLJ 2019 10 203.pdf"
,"CLJ_2019_10_216","CLJ 2019 10 216.pdf"
,"CLJ_2019_10_230","CLJ 2019 10 230.pdf"
,"CLJ_2019_10_238","CLJ 2019 10 238.pdf"
,"CLJ_2019_10_257","CLJ 2019 10 257.pdf"
,"CLJ_2019_10_281","CLJ 2019 10 281.pdf"
,"CLJ_2019_10_297","CLJ 2019 10 297.pdf"
,"CLJ_2019_10_31","CLJ 2019 10 31.pdf"
,"CLJ_2019_10_313","CLJ 2019 10 313.pdf"
,"CLJ_2019_10_333","CLJ 2019 10 333.pdf"
,"CLJ_2019_10_353","CLJ 2019 10 353.pdf"
,"CLJ_2019_10_378","CLJ 2019 10 378.pdf"
,"CLJ_2019_10_393","CLJ 2019 10 393.pdf"
,"CLJ_2019_10_405","CLJ 2019 10 405.pdf"
,"CLJ_2019_10_421","CLJ 2019 10 421.pdf"
,"CLJ_2019_10_436","CLJ 2019 10 436.pdf"
,"CLJ_2019_10_516","CLJ 2019 10 516.pdf"
,"CLJ_2019_10_534","CLJ 2019 10 534.pdf"
,"CLJ_2019_10_54","CLJ 2019 10 54.pdf"
,"CLJ_2019_10_547","CLJ 2019 10 547.pdf"
,"CLJ_2019_10_565","CLJ 2019 10 565.pdf"
,"CLJ_2019_10_576","CLJ 2019 10 576.pdf"
,"CLJ_2019_10_589","CLJ 2019 10 589.pdf"
,"CLJ_2019_10_602","CLJ 2019 10 602.pdf"
,"CLJ_2019_10_618","CLJ 2019 10 618.pdf"
,"CLJ_2019_10_64","CLJ 2019 10 64.pdf"
,"CLJ_2019_10_641","CLJ 2019 10 641.pdf"
,"CLJ_2019_10_651","CLJ 2019 10 651.pdf"
,"CLJ_2019_10_660","CLJ 2019 10 660.pdf"
,"CLJ_2019_10_714","CLJ 2019 10 714.pdf"
,"CLJ_2019_10_731","CLJ 2019 10 731.pdf"
,"CLJ_2019_10_766","CLJ 2019 10 766.pdf"
,"CLJ_2019_10_787","CLJ 2019 10 787.pdf"
,"CLJ_2019_10_799","CLJ 2019 10 799.pdf"
,"CLJ_2019_10_822","CLJ 2019 10 822.pdf"
,"CLJ_2019_10_835","CLJ 2019 10 835.pdf"
,"CLJ_2019_10_84","CLJ 2019 10 84.pdf"
,"CLJ_2019_10_846","CLJ 2019 10 846.pdf"
,"CLJ_2019_10_853","CLJ 2019 10 853.pdf"
,"CLJ_2019_10_869","CLJ 2019 10 869.pdf"
,"CLJ_2019_10_96","CLJ 2019 10 96.pdf"
clj_2019_2,"CLJ_2019_2_1","CLJ 2019 2 1.pdf","Current Law Journal, 2019, Volume 2",[2019],texts,opensource
,"CLJ_2019_2_113","CLJ 2019 2 113.pdf"
,"CLJ_2019_2_132","CLJ 2019 2 132.pdf"
,"CLJ_2019_2_145","CLJ 2019 2 145.pdf"
,"CLJ_2019_2_190","CLJ 2019 2 190.pdf"
,"CLJ_2019_2_209","CLJ 2019 2 209.pdf"
,"CLJ_2019_2_22","CLJ 2019 2 22.pdf"
,"CLJ_2019_2_229","CLJ 2019 2 229.pdf"
,"CLJ_2019_2_246","CLJ 2019 2 246.pdf"
,"CLJ_2019_2_261","CLJ 2019 2 261.pdf"
,"CLJ_2019_2_28","CLJ 2019 2 28.pdf"
,"CLJ_2019_2_281","CLJ 2019 2 281.pdf"
,"CLJ_2019_2_289","CLJ 2019 2 289.pdf"
,"CLJ_2019_2_390","CLJ 2019 2 390.pdf"
,"CLJ_2019_2_403","CLJ 2019 2 403.pdf"
,"CLJ_2019_2_417","CLJ 2019 2 417.pdf"
,"CLJ_2019_2_429","CLJ 2019 2 429.pdf"
,"CLJ_2019_2_439","CLJ 2019 2 439.pdf"
,"CLJ_2019_2_454","CLJ 2019 2 454.pdf"
,"CLJ_2019_2_471","CLJ 2019 2 471.pdf"
,"CLJ_2019_2_48","CLJ 2019 2 48.pdf"
,"CLJ_2019_2_487","CLJ 2019 2 487.pdf"
,"CLJ_2019_2_500","CLJ 2019 2 500.pdf"
,"CLJ_2019_2_515","CLJ 2019 2 515.pdf"
,"CLJ_2019_2_525","CLJ 2019 2 525.pdf"
,"CLJ_2019_2_573","CLJ 2019 2 573.pdf"
,"CLJ_2019_2_592","CLJ 2019 2 592.pdf"
,"CLJ_2019_2_615","CLJ 2019 2 615.pdf"
,"CLJ_2019_2_631","CLJ 2019 2 631.pdf"
,"CLJ_2019_2_655","CLJ 2019 2 655.pdf"
,"CLJ_2019_2_678","CLJ 2019 2 678.pdf"
,"CLJ_2019_2_692","CLJ 2019 2 692.pdf"
,"CLJ_2019_2_704","CLJ 2019 2 704.pdf"
,"CLJ_2019_2_723","CLJ 2019 2 723.pdf"
,"CLJ_2019_2_759","CLJ 2019 2 759.pdf"
,"CLJ_2019_2_772","CLJ 2019 2 772.pdf"
,"CLJ_2019_2_786","CLJ 2019 2 786.pdf"
,"CLJ_2019_2_795","CLJ 2019 2 795.pdf"
,"CLJ_2019_2_805","CLJ 2019 2 805.pdf"
,"CLJ_2019_2_813","CLJ 2019 2 813.pdf"
,"CLJ_2019_2_97","CLJ 2019 2 97.pdf"
clj_2019_3,"CLJ_2019_3_1","CLJ 2019 3 1.pdf","Current Law Journal, 2019, Volume 3",[2019],texts,opensource
,"CLJ_2019_3_157","CLJ 2019 3 157.pdf"
,"CLJ_2019_3_182","CLJ 2019 3 182.pdf"
,"CLJ_2019_3_198","CLJ 2019 3 198.pdf"
,"CLJ_2019_3_221","CLJ 2019 3 221.pdf"
,"CLJ_2019_3_240","CLJ 2019 3 240.pdf"
,"CLJ_2019_3_253","CLJ 2019 3 253.pdf"
,"CLJ_2019_3_268","CLJ 2019 3 268.pdf"
,"CLJ_2019_3_295","CLJ 2019 3 295.pdf"
,"CLJ_2019_3_318","CLJ 2019 3 318.pdf"
,"CLJ_2019_3_325","CLJ 2019 3 325.pdf"
,"CLJ_2019_3_339","CLJ 2019 3 339.pdf"
,"CLJ_2019_3_360","CLJ 2019 3 360.pdf"
,"CLJ_2019_3_380","CLJ 2019 3 380.pdf"
,"CLJ_2019_3_388","CLJ 2019 3 388.pdf"
,"CLJ_2019_3_399","CLJ 2019 3 399.pdf"
,"CLJ_2019_3_414","CLJ 2019 3 414.pdf"
,"CLJ_2019_3_424","CLJ 2019 3 424.pdf"
,"CLJ_2019_3_441","CLJ 2019 3 441.pdf"
,"CLJ_2019_3_499","CLJ 2019 3 499.pdf"
,"CLJ_2019_3_513","CLJ 2019 3 513.pdf"
,"CLJ_2019_3_530","CLJ 2019 3 530.pdf"
,"CLJ_2019_3_548","CLJ 2019 3 548.pdf"
,"CLJ_2019_3_56","CLJ 2019 3 56.pdf"
,"CLJ_2019_3_561","CLJ 2019 3 561.pdf"
,"CLJ_2019_3_571","CLJ 2019 3 571.pdf"
,"CLJ_2019_3_583","CLJ 2019 3 583.pdf"
,"CLJ_2019_3_593","CLJ 2019 3 593.pdf"
,"CLJ_2019_3_612","CLJ 2019 3 612.pdf"
,"CLJ_2019_3_628","CLJ 2019 3 628.pdf"
,"CLJ_2019_3_650","CLJ 2019 3 650.pdf"
,"CLJ_2019_3_689","CLJ 2019 3 689.pdf"
,"CLJ_2019_3_701","CLJ 2019 3 701.pdf"
,"CLJ_2019_3_718","CLJ 2019 3 718.pdf"
,"CLJ_2019_3_729","CLJ 2019 3 729.pdf"
,"CLJ_2019_3_755","CLJ 2019 3 755.pdf"
,"CLJ_2019_3_770","CLJ 2019 3 770.pdf"
,"CLJ_2019_3_791","CLJ 2019 3 791.pdf"
,"CLJ_2019_3_812","CLJ 2019 3 812.pdf"
,"CLJ_2019_3_829","CLJ 2019 3 829.pdf"
,"CLJ_2019_3_838","CLJ 2019 3 838.pdf"
clj_2019_4,"CLJ_2019_4_1","CLJ 2019 4 1.pdf","Current Law Journal, 2019, Volume 4",[2019],texts,opensource
,"CLJ_2019_4_110","CLJ 2019 4 110.pdf"
,"CLJ_2019_4_131","CLJ 2019 4 131.pdf"
,"CLJ_2019_4_150","CLJ 2019 4 150.pdf"
,"CLJ_2019_4_160","CLJ 2019 4 160.pdf"
,"CLJ_2019_4_179","CLJ 2019 4 179.pdf"
,"CLJ_2019_4_18","CLJ 2019 4 18.pdf"
,"CLJ_2019_4_194","CLJ 2019 4 194.pdf"
,"CLJ_2019_4_215","CLJ 2019 4 215.pdf"
,"CLJ_2019_4_226","CLJ 2019 4 226.pdf"
,"CLJ_2019_4_239","CLJ 2019 4 239.pdf"
,"CLJ_2019_4_281","CLJ 2019 4 281.pdf"
,"CLJ_2019_4_289","CLJ 2019 4 289.pdf"
,"CLJ_2019_4_301","CLJ 2019 4 301.pdf"
,"CLJ_2019_4_352","CLJ 2019 4 352.pdf"
,"CLJ_2019_4_36","CLJ 2019 4 36.pdf"
,"CLJ_2019_4_366","CLJ 2019 4 366.pdf"
,"CLJ_2019_4_384","CLJ 2019 4 384.pdf"
,"CLJ_2019_4_408","CLJ 2019 4 408.pdf"
,"CLJ_2019_4_417","CLJ 2019 4 417.pdf"
,"CLJ_2019_4_429","CLJ 2019 4 429.pdf"
,"CLJ_2019_4_454","CLJ 2019 4 454.pdf"
,"CLJ_2019_4_466","CLJ 2019 4 466.pdf"
,"CLJ_2019_4_480","CLJ 2019 4 480.pdf"
,"CLJ_2019_4_491","CLJ 2019 4 491.pdf"
,"CLJ_2019_4_514","CLJ 2019 4 514.pdf"
,"CLJ_2019_4_546","CLJ 2019 4 546.pdf"
,"CLJ_2019_4_561","CLJ 2019 4 561.pdf"
,"CLJ_2019_4_59","CLJ 2019 4 59.pdf"
,"CLJ_2019_4_590","CLJ 2019 4 590.pdf"
,"CLJ_2019_4_609","CLJ 2019 4 609.pdf"
,"CLJ_2019_4_622","CLJ 2019 4 622.pdf"
,"CLJ_2019_4_640","CLJ 2019 4 640.pdf"
,"CLJ_2019_4_648","CLJ 2019 4 648.pdf"
,"CLJ_2019_4_660","CLJ 2019 4 660.pdf"
,"CLJ_2019_4_690","CLJ 2019 4 690.pdf"
,"CLJ_2019_4_70","CLJ 2019 4 70.pdf"
,"CLJ_2019_4_705","CLJ 2019 4 705.pdf"
,"CLJ_2019_4_723","CLJ 2019 4 723.pdf"
,"CLJ_2019_4_755","CLJ 2019 4 755.pdf"
,"CLJ_2019_4_767","CLJ 2019 4 767.pdf"
,"CLJ_2019_4_799","CLJ 2019 4 799.pdf"
,"CLJ_2019_4_831","CLJ 2019 4 831.pdf"
,"CLJ_2019_4_853","CLJ 2019 4 853.pdf"
,"CLJ_2019_4_89","CLJ 2019 4 89.pdf"
clj_2019_5,"CLJ_2019_5_1","CLJ 2019 5 1.pdf","Current Law Journal, 2019, Volume 5",[2019],texts,opensource
,"CLJ_2019_5_124","CLJ 2019 5 124.pdf"
,"CLJ_2019_5_139","CLJ 2019 5 139.pdf"
,"CLJ_2019_5_165","CLJ 2019 5 165.pdf"
,"CLJ_2019_5_179","CLJ 2019 5 179.pdf"
,"CLJ_2019_5_196","CLJ 2019 5 196.pdf"
,"CLJ_2019_5_217","CLJ 2019 5 217.pdf"
,"CLJ_2019_5_23","CLJ 2019 5 23.pdf"
,"CLJ_2019_5_235","CLJ 2019 5 235.pdf"
,"CLJ_2019_5_244","CLJ 2019 5 244.pdf"
,"CLJ_2019_5_254","CLJ 2019 5 254.pdf"
,"CLJ_2019_5_273","CLJ 2019 5 273.pdf"
,"CLJ_2019_5_293","CLJ 2019 5 293.pdf"
,"CLJ_2019_5_320","CLJ 2019 5 320.pdf"
,"CLJ_2019_5_329","CLJ 2019 5 329.pdf"
,"CLJ_2019_5_339","CLJ 2019 5 339.pdf"
,"CLJ_2019_5_355","CLJ 2019 5 355.pdf"
,"CLJ_2019_5_376","CLJ 2019 5 376.pdf"
,"CLJ_2019_5_396","CLJ 2019 5 396.pdf"
,"CLJ_2019_5_415","CLJ 2019 5 415.pdf"
,"CLJ_2019_5_479","CLJ 2019 5 479.pdf"
,"CLJ_2019_5_49","CLJ 2019 5 49.pdf"
,"CLJ_2019_5_513","CLJ 2019 5 513.pdf"
,"CLJ_2019_5_537","CLJ 2019 5 537.pdf"
,"CLJ_2019_5_549","CLJ 2019 5 549.pdf"
,"CLJ_2019_5_561","CLJ 2019 5 561.pdf"
,"CLJ_2019_5_569","CLJ 2019 5 569.pdf"
,"CLJ_2019_5_68","CLJ 2019 5 68.pdf"
,"CLJ_2019_5_682","CLJ 2019 5 682.pdf"
,"CLJ_2019_5_695","CLJ 2019 5 695.pdf"
,"CLJ_2019_5_706","CLJ 2019 5 706.pdf"
,"CLJ_2019_5_713","CLJ 2019 5 713.pdf"
,"CLJ_2019_5_780","CLJ 2019 5 780.pdf"
,"CLJ_2019_5_81","CLJ 2019 5 81.pdf"
,"CLJ_2019_5_835","CLJ 2019 5 835.pdf"
,"CLJ_2019_5_855","CLJ 2019 5 855.pdf"
,"CLJ_2019_5_93","CLJ 2019 5 93.pdf"
clj_2019_6,"CLJ_2019_6_1","CLJ 2019 6 1.pdf","Current Law Journal, 2019, Volume 6",[2019],texts,opensource
,"CLJ_2019_6_121","CLJ 2019 6 121.pdf"
,"CLJ_2019_6_133","CLJ 2019 6 133.pdf"
,"CLJ_2019_6_149","CLJ 2019 6 149.pdf"
,"CLJ_2019_6_160","CLJ 2019 6 160.pdf"
,"CLJ_2019_6_173","CLJ 2019 6 173.pdf"
,"CLJ_2019_6_189","CLJ 2019 6 189.pdf"
,"CLJ_2019_6_217","CLJ 2019 6 217.pdf"
,"CLJ_2019_6_250","CLJ 2019 6 250.pdf"
,"CLJ_2019_6_281","CLJ 2019 6 281.pdf"
,"CLJ_2019_6_292","CLJ 2019 6 292.pdf"
,"CLJ_2019_6_301","CLJ 2019 6 301.pdf"
,"CLJ_2019_6_315","CLJ 2019 6 315.pdf"
,"CLJ_2019_6_325","CLJ 2019 6 325.pdf"
,"CLJ_2019_6_344","CLJ 2019 6 344.pdf"
,"CLJ_2019_6_369","CLJ 2019 6 369.pdf"
,"CLJ_2019_6_379","CLJ 2019 6 379.pdf"
,"CLJ_2019_6_398","CLJ 2019 6 398.pdf"
,"CLJ_2019_6_41","CLJ 2019 6 41.pdf"
,"CLJ_2019_6_419","CLJ 2019 6 419.pdf"
,"CLJ_2019_6_441","CLJ 2019 6 441.pdf"
,"CLJ_2019_6_463","CLJ 2019 6 463.pdf"
,"CLJ_2019_6_475","CLJ 2019 6 475.pdf"
,"CLJ_2019_6_504","CLJ 2019 6 504.pdf"
,"CLJ_2019_6_516","CLJ 2019 6 516.pdf"
,"CLJ_2019_6_538","CLJ 2019 6 538.pdf"
,"CLJ_2019_6_547","CLJ 2019 6 547.pdf"
,"CLJ_2019_6_561","CLJ 2019 6 561.pdf"
,"CLJ_2019_6_588","CLJ 2019 6 588.pdf"
,"CLJ_2019_6_607","CLJ 2019 6 607.pdf"
,"CLJ_2019_6_61","CLJ 2019 6 61.pdf"
,"CLJ_2019_6_623","CLJ 2019 6 623.pdf"
,"CLJ_2019_6_658","CLJ 2019 6 658.pdf"
,"CLJ_2019_6_676","CLJ 2019 6 676.pdf"
,"CLJ_2019_6_681","CLJ 2019 6 681.pdf"
,"CLJ_2019_6_701","CLJ 2019 6 701.pdf"
,"CLJ_2019_6_722","CLJ 2019 6 722.pdf"
,"CLJ_2019_6_761","CLJ 2019 6 761.pdf"
,"CLJ_2019_6_771","CLJ 2019 6 771.pdf"
,"CLJ_2019_6_782","CLJ 2019 6 782.pdf"
,"CLJ_2019_6_801","CLJ 2019 6 801.pdf"
,"CLJ_2019_6_816","CLJ 2019 6 816.pdf"
,"CLJ_2019_6_834","CLJ 2019 6 834.pdf"
,"CLJ_2019_6_84","CLJ 2019 6 84.pdf"
,"CLJ_2019_6_843","CLJ 2019 6 843.pdf"
,"CLJ_2019_6_97","CLJ 2019 6 97.pdf"
clj_2019_7,"CLJ_2019_7_1","CLJ 2019 7 1.pdf","Current Law Journal, 2019, Volume 7",[2019],texts,opensource
,"CLJ_2019_7_113","CLJ 2019 7 113.pdf"
,"CLJ_2019_7_132","CLJ 2019 7 132.pdf"
,"CLJ_2019_7_143","CLJ 2019 7 143.pdf"
,"CLJ_2019_7_158","CLJ 2019 7 158.pdf"
,"CLJ_2019_7_178","CLJ 2019 7 178.pdf"
,"CLJ_2019_7_18","CLJ 2019 7 18.pdf"
,"CLJ_2019_7_190","CLJ 2019 7 190.pdf"
,"CLJ_2019_7_202","CLJ 2019 7 202.pdf"
,"CLJ_2019_7_223","CLJ 2019 7 223.pdf"
,"CLJ_2019_7_236","CLJ 2019 7 236.pdf"
,"CLJ_2019_7_247","CLJ 2019 7 247.pdf"
,"CLJ_2019_7_264","CLJ 2019 7 264.pdf"
,"CLJ_2019_7_27","CLJ 2019 7 27.pdf"
,"CLJ_2019_7_280","CLJ 2019 7 280.pdf"
,"CLJ_2019_7_289","CLJ 2019 7 289.pdf"
,"CLJ_2019_7_312","CLJ 2019 7 312.pdf"
,"CLJ_2019_7_332","CLJ 2019 7 332.pdf"
,"CLJ_2019_7_341","CLJ 2019 7 341.pdf"
,"CLJ_2019_7_356","CLJ 2019 7 356.pdf"
,"CLJ_2019_7_370","CLJ 2019 7 370.pdf"
,"CLJ_2019_7_385","CLJ 2019 7 385.pdf"
,"CLJ_2019_7_395","CLJ 2019 7 395.pdf"
,"CLJ_2019_7_444","CLJ 2019 7 444.pdf"
,"CLJ_2019_7_457","CLJ 2019 7 457.pdf"
,"CLJ_2019_7_470","CLJ 2019 7 470.pdf"
,"CLJ_2019_7_494","CLJ 2019 7 494.pdf"
,"CLJ_2019_7_518","CLJ 2019 7 518.pdf"
,"CLJ_2019_7_522","CLJ 2019 7 522.pdf"
,"CLJ_2019_7_541","CLJ 2019 7 541.pdf"
,"CLJ_2019_7_55","CLJ 2019 7 55.pdf"
,"CLJ_2019_7_560","CLJ 2019 7 560.pdf"
,"CLJ_2019_7_578","CLJ 2019 7 578.pdf"
,"CLJ_2019_7_590","CLJ 2019 7 590.pdf"
,"CLJ_2019_7_600","CLJ 2019 7 600.pdf"
,"CLJ_2019_7_618","CLJ 2019 7 618.pdf"
,"CLJ_2019_7_633","CLJ 2019 7 633.pdf"
,"CLJ_2019_7_647","CLJ 2019 7 647.pdf"
,"CLJ_2019_7_667","CLJ 2019 7 667.pdf"
,"CLJ_2019_7_687","CLJ 2019 7 687.pdf"
,"CLJ_2019_7_69","CLJ 2019 7 69.pdf"
,"CLJ_2019_7_715","CLJ 2019 7 715.pdf"
,"CLJ_2019_7_740","CLJ 2019 7 740.pdf"
,"CLJ_2019_7_762","CLJ 2019 7 762.pdf"
,"CLJ_2019_7_775","CLJ 2019 7 775.pdf"
,"CLJ_2019_7_788","CLJ 2019 7 788.pdf"
,"CLJ_2019_7_807","CLJ 2019 7 807.pdf"
,"CLJ_2019_7_81","CLJ 2019 7 81.pdf"
,"CLJ_2019_7_96","CLJ 2019 7 96.pdf"
clj_2019_8,"CLJ_2019_8_1","CLJ 2019 8 1.pdf","Current Law Journal, 2019, Volume 8",[2019],texts,opensource
,"CLJ_2019_8_139","CLJ 2019 8 139.pdf"
,"CLJ_2019_8_147","CLJ 2019 8 147.pdf"
,"CLJ_2019_8_181","CLJ 2019 8 181.pdf"
,"CLJ_2019_8_197","CLJ 2019 8 197.pdf"
,"CLJ_2019_8_20","CLJ 2019 8 20.pdf"
,"CLJ_2019_8_212","CLJ 2019 8 212.pdf"
,"CLJ_2019_8_229","CLJ 2019 8 229.pdf"
,"CLJ_2019_8_244","CLJ 2019 8 244.pdf"
,"CLJ_2019_8_254","CLJ 2019 8 254.pdf"
,"CLJ_2019_8_281","CLJ 2019 8 281.pdf"
,"CLJ_2019_8_293","CLJ 2019 8 293.pdf"
,"CLJ_2019_8_313","CLJ 2019 8 313.pdf"
,"CLJ_2019_8_322","CLJ 2019 8 322.pdf"
,"CLJ_2019_8_338","CLJ 2019 8 338.pdf"
,"CLJ_2019_8_355","CLJ 2019 8 355.pdf"
,"CLJ_2019_8_366","CLJ 2019 8 366.pdf"
,"CLJ_2019_8_380","CLJ 2019 8 380.pdf"
,"CLJ_2019_8_401","CLJ 2019 8 401.pdf"
,"CLJ_2019_8_41","CLJ 2019 8 41.pdf"
,"CLJ_2019_8_422","CLJ 2019 8 422.pdf"
,"CLJ_2019_8_433","CLJ 2019 8 433.pdf"
,"CLJ_2019_8_465","CLJ 2019 8 465.pdf"
,"CLJ_2019_8_475","CLJ 2019 8 475.pdf"
,"CLJ_2019_8_513","CLJ 2019 8 513.pdf"
,"CLJ_2019_8_527","CLJ 2019 8 527.pdf"
,"CLJ_2019_8_547","CLJ 2019 8 547.pdf"
,"CLJ_2019_8_564","CLJ 2019 8 564.pdf"
,"CLJ_2019_8_591","CLJ 2019 8 591.pdf"
,"CLJ_2019_8_598","CLJ 2019 8 598.pdf"
,"CLJ_2019_8_614","CLJ 2019 8 614.pdf"
,"CLJ_2019_8_628","CLJ 2019 8 628.pdf"
,"CLJ_2019_8_642","CLJ 2019 8 642.pdf"
,"CLJ_2019_8_650","CLJ 2019 8 650.pdf"
,"CLJ_2019_8_668","CLJ 2019 8 668.pdf"
,"CLJ_2019_8_69","CLJ 2019 8 69.pdf"
,"CLJ_2019_8_695","CLJ 2019 8 695.pdf"
,"CLJ_2019_8_721","CLJ 2019 8 721.pdf"
,"CLJ_2019_8_739","CLJ 2019 8 739.pdf"
,"CLJ_2019_8_767","CLJ 2019 8 767.pdf"
,"CLJ_2019_8_786","CLJ 2019 8 786.pdf"
,"CLJ_2019_8_800","CLJ 2019 8 800.pdf"
,"CLJ_2019_8_817","CLJ 2019 8 817.pdf"
,"CLJ_2019_8_827","CLJ 2019 8 827.pdf"
,"CLJ_2019_8_840","CLJ 2019 8 840.pdf"
,"CLJ_2019_8_85","CLJ 2019 8 85.pdf"
,"CLJ_2019_8_865","CLJ 2019 8 865.pdf"
,"CLJ_2019_8_96","CLJ 2019 8 96.pdf"
clj_2019_9,"CLJ_2019_9_1","CLJ 2019 9 1.pdf","Current Law Journal, 2019, Volume 9",[2019],texts,opensource
,"CLJ_2019_9_104","CLJ 2019 9 104.pdf"
,"CLJ_2019_9_127","CLJ 2019 9 127.pdf"
,"CLJ_2019_9_139","CLJ 2019 9 139.pdf"
,"CLJ_2019_9_153","CLJ 2019 9 153.pdf"
,"CLJ_2019_9_177","CLJ 2019 9 177.pdf"
,"CLJ_2019_9_191","CLJ 2019 9 191.pdf"
,"CLJ_2019_9_216","CLJ 2019 9 216.pdf"
,"CLJ_2019_9_230","CLJ 2019 9 230.pdf"
,"CLJ_2019_9_246","CLJ 2019 9 246.pdf"
,"CLJ_2019_9_266","CLJ 2019 9 266.pdf"
,"CLJ_2019_9_283","CLJ 2019 9 283.pdf"
,"CLJ_2019_9_301","CLJ 2019 9 301.pdf"
,"CLJ_2019_9_315","CLJ 2019 9 315.pdf"
,"CLJ_2019_9_334","CLJ 2019 9 334.pdf"
,"CLJ_2019_9_344","CLJ 2019 9 344.pdf"
,"CLJ_2019_9_365","CLJ 2019 9 365.pdf"
,"CLJ_2019_9_383","CLJ 2019 9 383.pdf"
,"CLJ_2019_9_395","CLJ 2019 9 395.pdf"
,"CLJ_2019_9_422","CLJ 2019 9 422.pdf"
,"CLJ_2019_9_443","CLJ 2019 9 443.pdf"
,"CLJ_2019_9_459","CLJ 2019 9 459.pdf"
,"CLJ_2019_9_477","CLJ 2019 9 477.pdf"
,"CLJ_2019_9_493","CLJ 2019 9 493.pdf"
,"CLJ_2019_9_52","CLJ 2019 9 52.pdf"
,"CLJ_2019_9_521","CLJ 2019 9 521.pdf"
,"CLJ_2019_9_532","CLJ 2019 9 532.pdf"
,"CLJ_2019_9_544","CLJ 2019 9 544.pdf"
,"CLJ_2019_9_555","CLJ 2019 9 555.pdf"
,"CLJ_2019_9_565","CLJ 2019 9 565.pdf"
,"CLJ_2019_9_585","CLJ 2019 9 585.pdf"
,"CLJ_2019_9_600","CLJ 2019 9 600.pdf"
,"CLJ_2019_9_617","CLJ 2019 9 617.pdf"
,"CLJ_2019_9_636","CLJ 2019 9 636.pdf"
,"CLJ_2019_9_661","CLJ 2019 9 661.pdf"
,"CLJ_2019_9_680","CLJ 2019 9 680.pdf"
,"CLJ_2019_9_69","CLJ 2019 9 69.pdf"
,"CLJ_2019_9_694","CLJ 2019 9 694.pdf"
,"CLJ_2019_9_715","CLJ 2019 9 715.pdf"
,"CLJ_2019_9_725","CLJ 2019 9 725.pdf"
,"CLJ_2019_9_734","CLJ 2019 9 734.pdf"
,"CLJ_2019_9_752","CLJ 2019 9 752.pdf"
,"CLJ_2019_9_763","CLJ 2019 9 763.pdf"
,"CLJ_2019_9_780","CLJ 2019 9 780.pdf"
,"CLJ_2019_9_789","CLJ 2019 9 789.pdf"
,"CLJ_2019_9_812","CLJ 2019 9 812.pdf"
,"CLJ_2019_9_83","CLJ 2019 9 83.pdf"
,"CLJ_2019_9_832","CLJ 2019 9 832.pdf"
,"CLJ_2019_9_857","CLJ 2019 9 857.pdf"
clj_2020_1,"CLJ_2020_1_1","CLJ 2020 1 1.pdf","Current Law Journal, 2020, Volume 1",[2020],texts,opensource
,"CLJ_2020_1_109","CLJ 2020 1 109.pdf"
,"CLJ_2020_1_128","CLJ 2020 1 128.pdf"
,"CLJ_2020_1_141","CLJ 2020 1 141.pdf"
,"CLJ_2020_1_162","CLJ 2020 1 162.pdf"
,"CLJ_2020_1_193","CLJ 2020 1 193.pdf"
,"CLJ_2020_1_236","CLJ 2020 1 236.pdf"
,"CLJ_2020_1_249","CLJ 2020 1 249.pdf"
,"CLJ_2020_1_260","CLJ 2020 1 260.pdf"
,"CLJ_2020_1_270","CLJ 2020 1 270.pdf"
,"CLJ_2020_1_284","CLJ 2020 1 284.pdf"
,"CLJ_2020_1_299","CLJ 2020 1 299.pdf"
,"CLJ_2020_1_337","CLJ 2020 1 337.pdf"
,"CLJ_2020_1_34","CLJ 2020 1 34.pdf"
,"CLJ_2020_1_390","CLJ 2020 1 390.pdf"
,"CLJ_2020_1_402","CLJ 2020 1 402.pdf"
,"CLJ_2020_1_411","CLJ 2020 1 411.pdf"
,"CLJ_2020_1_419","CLJ 2020 1 419.pdf"
,"CLJ_2020_1_439","CLJ 2020 1 439.pdf"
,"CLJ_2020_1_449","CLJ 2020 1 449.pdf"
,"CLJ_2020_1_476","CLJ 2020 1 476.pdf"
,"CLJ_2020_1_498","CLJ 2020 1 498.pdf"
,"CLJ_2020_1_518","CLJ 2020 1 518.pdf"
,"CLJ_2020_1_528","CLJ 2020 1 528.pdf"
,"CLJ_2020_1_548","CLJ 2020 1 548.pdf"
,"CLJ_2020_1_562","CLJ 2020 1 562.pdf"
,"CLJ_2020_1_572","CLJ 2020 1 572.pdf"
,"CLJ_2020_1_582","CLJ 2020 1 582.pdf"
,"CLJ_2020_1_595","CLJ 2020 1 595.pdf"
,"CLJ_2020_1_63","CLJ 2020 1 63.pdf"
,"CLJ_2020_1_638","CLJ 2020 1 638.pdf"
,"CLJ_2020_1_665","CLJ 2020 1 665.pdf"
,"CLJ_2020_1_683","CLJ 2020 1 683.pdf"
,"CLJ_2020_1_702","CLJ 2020 1 702.pdf"
,"CLJ_2020_1_721","CLJ 2020 1 721.pdf"
,"CLJ_2020_1_747","CLJ 2020 1 747.pdf"
,"CLJ_2020_1_75","CLJ 2020 1 75.pdf"
,"CLJ_2020_1_776","CLJ 2020 1 776.pdf"
,"CLJ_2020_1_799","CLJ 2020 1 799.pdf"
,"CLJ_2020_1_82","CLJ 2020 1 82.pdf"
,"CLJ_2020_1_827","CLJ 2020 1 827.pdf"
,"CLJ_2020_1_839","CLJ 2020 1 839.pdf"
,"CLJ_2020_1_862","CLJ 2020 1 862.pdf"
,"CLJ_2020_1_884","CLJ 2020 1 884.pdf"
,"CLJ_2020_1_97","CLJ 2020 1 97.pdf"
clj_2020_10,"CLJ_2020_10_1","CLJ 2020 10 1.pdf","Current Law Journal, 2020, Volume 10",[2020],texts,opensource
,"CLJ_2020_10_107","CLJ 2020 10 107.pdf"
,"CLJ_2020_10_121","CLJ 2020 10 121.pdf"
,"CLJ_2020_10_151","CLJ 2020 10 151.pdf"
,"CLJ_2020_10_165","CLJ 2020 10 165.pdf"
,"CLJ_2020_10_181","CLJ 2020 10 181.pdf"
,"CLJ_2020_10_206","CLJ 2020 10 206.pdf"
,"CLJ_2020_10_222","CLJ 2020 10 222.pdf"
,"CLJ_2020_10_246","CLJ 2020 10 246.pdf"
,"CLJ_2020_10_263","CLJ 2020 10 263.pdf"
,"CLJ_2020_10_285","CLJ 2020 10 285.pdf"
,"CLJ_2020_10_321","CLJ 2020 10 321.pdf"
,"CLJ_2020_10_337","CLJ 2020 10 337.pdf"
,"CLJ_2020_10_374","CLJ 2020 10 374.pdf"
,"CLJ_2020_10_398","CLJ 2020 10 398.pdf"
,"CLJ_2020_10_413","CLJ 2020 10 413.pdf"
,"CLJ_2020_10_435","CLJ 2020 10 435.pdf"
,"CLJ_2020_10_445","CLJ 2020 10 445.pdf"
,"CLJ_2020_10_462","CLJ 2020 10 462.pdf"
,"CLJ_2020_10_481","CLJ 2020 10 481.pdf"
,"CLJ_2020_10_510","CLJ 2020 10 510.pdf"
,"CLJ_2020_10_532","CLJ 2020 10 532.pdf"
,"CLJ_2020_10_556","CLJ 2020 10 556.pdf"
,"CLJ_2020_10_567","CLJ 2020 10 567.pdf"
,"CLJ_2020_10_58","CLJ 2020 10 58.pdf"
,"CLJ_2020_10_631","CLJ 2020 10 631.pdf"
,"CLJ_2020_10_670","CLJ 2020 10 670.pdf"
,"CLJ_2020_10_686","CLJ 2020 10 686.pdf"
,"CLJ_2020_10_703","CLJ 2020 10 703.pdf"
,"CLJ_2020_10_715","CLJ 2020 10 715.pdf"
,"CLJ_2020_10_732","CLJ 2020 10 732.pdf"
,"CLJ_2020_10_748","CLJ 2020 10 748.pdf"
,"CLJ_2020_10_75","CLJ 2020 10 75.pdf"
,"CLJ_2020_10_807","CLJ 2020 10 807.pdf"
,"CLJ_2020_10_816","CLJ 2020 10 816.pdf"
,"CLJ_2020_10_830","CLJ 2020 10 830.pdf"
,"CLJ_2020_10_94","CLJ 2020 10 94.pdf"
clj_2020_2,"CLJ_2020_2_1","CLJ 2020 2 1.pdf","Current Law Journal, 2020, Volume 2",[2020],texts,opensource
,"CLJ_2020_2_131","CLJ 2020 2 131.pdf"
,"CLJ_2020_2_141","CLJ 2020 2 141.pdf"
,"CLJ_2020_2_151","CLJ 2020 2 151.pdf"
,"CLJ_2020_2_180","CLJ 2020 2 180.pdf"
,"CLJ_2020_2_199","CLJ 2020 2 199.pdf"
,"CLJ_2020_2_212","CLJ 2020 2 212.pdf"
,"CLJ_2020_2_244","CLJ 2020 2 244.pdf"
,"CLJ_2020_2_257","CLJ 2020 2 257.pdf"
,"CLJ_2020_2_272","CLJ 2020 2 272.pdf"
,"CLJ_2020_2_28","CLJ 2020 2 28.pdf"
,"CLJ_2020_2_295","CLJ 2020 2 295.pdf"
,"CLJ_2020_2_308","CLJ 2020 2 308.pdf"
,"CLJ_2020_2_319","CLJ 2020 2 319.pdf"
,"CLJ_2020_2_329","CLJ 2020 2 329.pdf"
,"CLJ_2020_2_346","CLJ 2020 2 346.pdf"
,"CLJ_2020_2_384","CLJ 2020 2 384.pdf"
,"CLJ_2020_2_399","CLJ 2020 2 399.pdf"
,"CLJ_2020_2_409","CLJ 2020 2 409.pdf"
,"CLJ_2020_2_425","CLJ 2020 2 425.pdf"
,"CLJ_2020_2_491","CLJ 2020 2 491.pdf"
,"CLJ_2020_2_508","CLJ 2020 2 508.pdf"
,"CLJ_2020_2_519","CLJ 2020 2 519.pdf"
,"CLJ_2020_2_53","CLJ 2020 2 53.pdf"
,"CLJ_2020_2_539","CLJ 2020 2 539.pdf"
,"CLJ_2020_2_560","CLJ 2020 2 560.pdf"
,"CLJ_2020_2_581","CLJ 2020 2 581.pdf"
,"CLJ_2020_2_596","CLJ 2020 2 596.pdf"
,"CLJ_2020_2_609","CLJ 2020 2 609.pdf"
,"CLJ_2020_2_632","CLJ 2020 2 632.pdf"
,"CLJ_2020_2_652","CLJ 2020 2 652.pdf"
,"CLJ_2020_2_667","CLJ 2020 2 667.pdf"
,"CLJ_2020_2_677","CLJ 2020 2 677.pdf"
,"CLJ_2020_2_694","CLJ 2020 2 694.pdf"
,"CLJ_2020_2_715","CLJ 2020 2 715.pdf"
,"CLJ_2020_2_727","CLJ 2020 2 727.pdf"
,"CLJ_2020_2_73","CLJ 2020 2 73.pdf"
,"CLJ_2020_2_769","CLJ 2020 2 769.pdf"
,"CLJ_2020_2_781","CLJ 2020 2 781.pdf"
,"CLJ_2020_2_818","CLJ 2020 2 818.pdf"
,"CLJ_2020_2_833","CLJ 2020 2 833.pdf"
,"CLJ_2020_2_849","CLJ 2020 2 849.pdf"
,"CLJ_2020_2_863","CLJ 2020 2 863.pdf"
,"CLJ_2020_2_870","CLJ 2020 2 870.pdf"
,"CLJ_2020_2_92","CLJ 2020 2 92.pdf"
clj_2020_3,"CLJ_2020_3_1","CLJ 2020 3 1.pdf","Current Law Journal, 2020, Volume 3",[2020],texts,opensource
,"CLJ_2020_3_112","CLJ 2020 3 112.pdf"
,"CLJ_2020_3_133","CLJ 2020 3 133.pdf"
,"CLJ_2020_3_153","CLJ 2020 3 153.pdf"
,"CLJ_2020_3_218","CLJ 2020 3 218.pdf"
,"CLJ_2020_3_240","CLJ 2020 3 240.pdf"
,"CLJ_2020_3_258","CLJ 2020 3 258.pdf"
,"CLJ_2020_3_277","CLJ 2020 3 277.pdf"
,"CLJ_2020_3_28","CLJ 2020 3 28.pdf"
,"CLJ_2020_3_299","CLJ 2020 3 299.pdf"
,"CLJ_2020_3_307","CLJ 2020 3 307.pdf"
,"CLJ_2020_3_317","CLJ 2020 3 317.pdf"
,"CLJ_2020_3_327","CLJ 2020 3 327.pdf"
,"CLJ_2020_3_353","CLJ 2020 3 353.pdf"
,"CLJ_2020_3_363","CLJ 2020 3 363.pdf"
,"CLJ_2020_3_386","CLJ 2020 3 386.pdf"
,"CLJ_2020_3_398","CLJ 2020 3 398.pdf"
,"CLJ_2020_3_42","CLJ 2020 3 42.pdf"
,"CLJ_2020_3_429","CLJ 2020 3 429.pdf"
,"CLJ_2020_3_439","CLJ 2020 3 439.pdf"
,"CLJ_2020_3_455","CLJ 2020 3 455.pdf"
,"CLJ_2020_3_480","CLJ 2020 3 480.pdf"
,"CLJ_2020_3_520","CLJ 2020 3 520.pdf"
,"CLJ_2020_3_534","CLJ 2020 3 534.pdf"
,"CLJ_2020_3_555","CLJ 2020 3 555.pdf"
,"CLJ_2020_3_571","CLJ 2020 3 571.pdf"
,"CLJ_2020_3_581","CLJ 2020 3 581.pdf"
,"CLJ_2020_3_593","CLJ 2020 3 593.pdf"
,"CLJ_2020_3_675","CLJ 2020 3 675.pdf"
,"CLJ_2020_3_685","CLJ 2020 3 685.pdf"
,"CLJ_2020_3_712","CLJ 2020 3 712.pdf"
,"CLJ_2020_3_721","CLJ 2020 3 721.pdf"
,"CLJ_2020_3_739","CLJ 2020 3 739.pdf"
,"CLJ_2020_3_75","CLJ 2020 3 75.pdf"
,"CLJ_2020_3_757","CLJ 2020 3 757.pdf"
,"CLJ_2020_3_844","CLJ 2020 3 844.pdf"
,"CLJ_2020_3_858","CLJ 2020 3 858.pdf"
,"CLJ_2020_3_86","CLJ 2020 3 86.pdf"
,"CLJ_2020_3_872","CLJ 2020 3 872.pdf"
,"CLJ_2020_3_885","CLJ 2020 3 885.pdf"
clj_2020_4,"CLJ_2020_4_1","CLJ 2020 4 1.pdf","Current Law Journal, 2020, Volume 4",[2020],texts,opensource
,"CLJ_2020_4_101","CLJ 2020 4 101.pdf"
,"CLJ_2020_4_120","CLJ 2020 4 120.pdf"
,"CLJ_2020_4_130","CLJ 2020 4 130.pdf"
,"CLJ_2020_4_139","CLJ 2020 4 139.pdf"
,"CLJ_2020_4_149","CLJ 2020 4 149.pdf"
,"CLJ_2020_4_15","CLJ 2020 4 15.pdf"
,"CLJ_2020_4_170","CLJ 2020 4 170.pdf"
,"CLJ_2020_4_185","CLJ 2020 4 185.pdf"
,"CLJ_2020_4_201","CLJ 2020 4 201.pdf"
,"CLJ_2020_4_246","CLJ 2020 4 246.pdf"
,"CLJ_2020_4_270","CLJ 2020 4 270.pdf"
,"CLJ_2020_4_301","CLJ 2020 4 301.pdf"
,"CLJ_2020_4_328","CLJ 2020 4 328.pdf"
,"CLJ_2020_4_354","CLJ 2020 4 354.pdf"
,"CLJ_2020_4_386","CLJ 2020 4 386.pdf"
,"CLJ_2020_4_40","CLJ 2020 4 40.pdf"
,"CLJ_2020_4_410","CLJ 2020 4 410.pdf"
,"CLJ_2020_4_419","CLJ 2020 4 419.pdf"
,"CLJ_2020_4_432","CLJ 2020 4 432.pdf"
,"CLJ_2020_4_449","CLJ 2020 4 449.pdf"
,"CLJ_2020_4_470","CLJ 2020 4 470.pdf"
,"CLJ_2020_4_479","CLJ 2020 4 479.pdf"
,"CLJ_2020_4_490","CLJ 2020 4 490.pdf"
,"CLJ_2020_4_500","CLJ 2020 4 500.pdf"
,"CLJ_2020_4_512","CLJ 2020 4 512.pdf"
,"CLJ_2020_4_535","CLJ 2020 4 535.pdf"
,"CLJ_2020_4_564","CLJ 2020 4 564.pdf"
,"CLJ_2020_4_597","CLJ 2020 4 597.pdf"
,"CLJ_2020_4_607","CLJ 2020 4 607.pdf"
,"CLJ_2020_4_618","CLJ 2020 4 618.pdf"
,"CLJ_2020_4_64","CLJ 2020 4 64.pdf"
,"CLJ_2020_4_643","CLJ 2020 4 643.pdf"
,"CLJ_2020_4_670","CLJ 2020 4 670.pdf"
,"CLJ_2020_4_688","CLJ 2020 4 688.pdf"
,"CLJ_2020_4_731","CLJ 2020 4 731.pdf"
,"CLJ_2020_4_79","CLJ 2020 4 79.pdf"
,"CLJ_2020_4_811","CLJ 2020 4 811.pdf"
,"CLJ_2020_4_841","CLJ 2020 4 841.pdf"
,"CLJ_2020_4_865","CLJ 2020 4 865.pdf"
,"CLJ_2020_4_871","CLJ 2020 4 871.pdf"
clj_2020_5,"CLJ_2020_5_1","CLJ 2020 5 1.pdf","Current Law Journal, 2020, Volume 5",[2020],texts,opensource
,"CLJ_2020_5_105","CLJ 2020 5 105.pdf"
,"CLJ_2020_5_118","CLJ 2020 5 118.pdf"
,"CLJ_2020_5_130","CLJ 2020 5 130.pdf"
,"CLJ_2020_5_143","CLJ 2020 5 143.pdf"
,"CLJ_2020_5_164","CLJ 2020 5 164.pdf"
,"CLJ_2020_5_182","CLJ 2020 5 182.pdf"
,"CLJ_2020_5_202","CLJ 2020 5 202.pdf"
,"CLJ_2020_5_216","CLJ 2020 5 216.pdf"
,"CLJ_2020_5_260","CLJ 2020 5 260.pdf"
,"CLJ_2020_5_27","CLJ 2020 5 27.pdf"
,"CLJ_2020_5_281","CLJ 2020 5 281.pdf"
,"CLJ_2020_5_295","CLJ 2020 5 295.pdf"
,"CLJ_2020_5_317","CLJ 2020 5 317.pdf"
,"CLJ_2020_5_330","CLJ 2020 5 330.pdf"
,"CLJ_2020_5_345","CLJ 2020 5 345.pdf"
,"CLJ_2020_5_368","CLJ 2020 5 368.pdf"
,"CLJ_2020_5_388","CLJ 2020 5 388.pdf"
,"CLJ_2020_5_416","CLJ 2020 5 416.pdf"
,"CLJ_2020_5_426","CLJ 2020 5 426.pdf"
,"CLJ_2020_5_439","CLJ 2020 5 439.pdf"
,"CLJ_2020_5_472","CLJ 2020 5 472.pdf"
,"CLJ_2020_5_489","CLJ 2020 5 489.pdf"
,"CLJ_2020_5_520","CLJ 2020 5 520.pdf"
,"CLJ_2020_5_532","CLJ 2020 5 532.pdf"
,"CLJ_2020_5_542","CLJ 2020 5 542.pdf"
,"CLJ_2020_5_555","CLJ 2020 5 555.pdf"
,"CLJ_2020_5_57","CLJ 2020 5 57.pdf"
,"CLJ_2020_5_581","CLJ 2020 5 581.pdf"
,"CLJ_2020_5_595","CLJ 2020 5 595.pdf"
,"CLJ_2020_5_619","CLJ 2020 5 619.pdf"
,"CLJ_2020_5_640","CLJ 2020 5 640.pdf"
,"CLJ_2020_5_650","CLJ 2020 5 650.pdf"
,"CLJ_2020_5_67","CLJ 2020 5 67.pdf"
,"CLJ_2020_5_674","CLJ 2020 5 674.pdf"
,"CLJ_2020_5_690","CLJ 2020 5 690.pdf"
,"CLJ_2020_5_705","CLJ 2020 5 705.pdf"
,"CLJ_2020_5_715","CLJ 2020 5 715.pdf"
,"CLJ_2020_5_751","CLJ 2020 5 751.pdf"
,"CLJ_2020_5_761","CLJ 2020 5 761.pdf"
,"CLJ_2020_5_778","CLJ 2020 5 778.pdf"
,"CLJ_2020_5_807","CLJ 2020 5 807.pdf"
,"CLJ_2020_5_82","CLJ 2020 5 82.pdf"
,"CLJ_2020_5_826","CLJ 2020 5 826.pdf"
,"CLJ_2020_5_842","CLJ 2020 5 842.pdf"
clj_2020_6,"CLJ_2020_6_1","CLJ 2020 6 1.pdf","Current Law Journal, 2020, Volume 6",[2020],texts,opensource
,"CLJ_2020_6_111","CLJ 2020 6 111.pdf"
,"CLJ_2020_6_133","CLJ 2020 6 133.pdf"
,"CLJ_2020_6_151","CLJ 2020 6 151.pdf"
,"CLJ_2020_6_187","CLJ 2020 6 187.pdf"
,"CLJ_2020_6_203","CLJ 2020 6 203.pdf"
,"CLJ_2020_6_243","CLJ 2020 6 243.pdf"
,"CLJ_2020_6_266","CLJ 2020 6 266.pdf"
,"CLJ_2020_6_279","CLJ 2020 6 279.pdf"
,"CLJ_2020_6_314","CLJ 2020 6 314.pdf"
,"CLJ_2020_6_338","CLJ 2020 6 338.pdf"
,"CLJ_2020_6_34","CLJ 2020 6 34.pdf"
,"CLJ_2020_6_354","CLJ 2020 6 354.pdf"
,"CLJ_2020_6_378","CLJ 2020 6 378.pdf"
,"CLJ_2020_6_391","CLJ 2020 6 391.pdf"
,"CLJ_2020_6_407","CLJ 2020 6 407.pdf"
,"CLJ_2020_6_429","CLJ 2020 6 429.pdf"
,"CLJ_2020_6_446","CLJ 2020 6 446.pdf"
,"CLJ_2020_6_47","CLJ 2020 6 47.pdf"
,"CLJ_2020_6_517","CLJ 2020 6 517.pdf"
,"CLJ_2020_6_546","CLJ 2020 6 546.pdf"
,"CLJ_2020_6_55","CLJ 2020 6 55.pdf"
,"CLJ_2020_6_557","CLJ 2020 6 557.pdf"
,"CLJ_2020_6_589","CLJ 2020 6 589.pdf"
,"CLJ_2020_6_605","CLJ 2020 6 605.pdf"
,"CLJ_2020_6_616","CLJ 2020 6 616.pdf"
,"CLJ_2020_6_625","CLJ 2020 6 625.pdf"
,"CLJ_2020_6_684","CLJ 2020 6 684.pdf"
,"CLJ_2020_6_705","CLJ 2020 6 705.pdf"
,"CLJ_2020_6_721","CLJ 2020 6 721.pdf"
,"CLJ_2020_6_731","CLJ 2020 6 731.pdf"
,"CLJ_2020_6_741","CLJ 2020 6 741.pdf"
,"CLJ_2020_6_760","CLJ 2020 6 760.pdf"
,"CLJ_2020_6_783","CLJ 2020 6 783.pdf"
,"CLJ_2020_6_80","CLJ 2020 6 80.pdf"
,"CLJ_2020_6_801","CLJ 2020 6 801.pdf"
,"CLJ_2020_6_92","CLJ 2020 6 92.pdf"
clj_2020_7,"CLJ_2020_7_1","CLJ 2020 7 1.pdf","Current Law Journal, 2020, Volume 7",[2020],texts,opensource
,"CLJ_2020_7_126","CLJ 2020 7 126.pdf"
,"CLJ_2020_7_137","CLJ 2020 7 137.pdf"
,"CLJ_2020_7_173","CLJ 2020 7 173.pdf"
,"CLJ_2020_7_177","CLJ 2020 7 177.pdf"
,"CLJ_2020_7_19","CLJ 2020 7 19.pdf"
,"CLJ_2020_7_190","CLJ 2020 7 190.pdf"
,"CLJ_2020_7_210","CLJ 2020 7 210.pdf"
,"CLJ_2020_7_224","CLJ 2020 7 224.pdf"
,"CLJ_2020_7_271","CLJ 2020 7 271.pdf"
,"CLJ_2020_7_322","CLJ 2020 7 322.pdf"
,"CLJ_2020_7_355","CLJ 2020 7 355.pdf"
,"CLJ_2020_7_372","CLJ 2020 7 372.pdf"
,"CLJ_2020_7_388","CLJ 2020 7 388.pdf"
,"CLJ_2020_7_398","CLJ 2020 7 398.pdf"
,"CLJ_2020_7_416","CLJ 2020 7 416.pdf"
,"CLJ_2020_7_423","CLJ 2020 7 423.pdf"
,"CLJ_2020_7_438","CLJ 2020 7 438.pdf"
,"CLJ_2020_7_451","CLJ 2020 7 451.pdf"
,"CLJ_2020_7_477","CLJ 2020 7 477.pdf"
,"CLJ_2020_7_496","CLJ 2020 7 496.pdf"
,"CLJ_2020_7_503","CLJ 2020 7 503.pdf"
,"CLJ_2020_7_512","CLJ 2020 7 512.pdf"
,"CLJ_2020_7_529","CLJ 2020 7 529.pdf"
,"CLJ_2020_7_547","CLJ 2020 7 547.pdf"
,"CLJ_2020_7_561","CLJ 2020 7 561.pdf"
,"CLJ_2020_7_588","CLJ 2020 7 588.pdf"
,"CLJ_2020_7_621","CLJ 2020 7 621.pdf"
,"CLJ_2020_7_640","CLJ 2020 7 640.pdf"
,"CLJ_2020_7_666","CLJ 2020 7 666.pdf"
,"CLJ_2020_7_67","CLJ 2020 7 67.pdf"
,"CLJ_2020_7_678","CLJ 2020 7 678.pdf"
,"CLJ_2020_7_709","CLJ 2020 7 709.pdf"
,"CLJ_2020_7_720","CLJ 2020 7 720.pdf"
,"CLJ_2020_7_751","CLJ 2020 7 751.pdf"
,"CLJ_2020_7_769","CLJ 2020 7 769.pdf"
,"CLJ_2020_7_785","CLJ 2020 7 785.pdf"
,"CLJ_2020_7_820","CLJ 2020 7 820.pdf"
,"CLJ_2020_7_84","CLJ 2020 7 84.pdf"
,"CLJ_2020_7_96","CLJ 2020 7 96.pdf"
clj_2020_8,"CLJ_2020_8_1","CLJ 2020 8 1.pdf","Current Law Journal, 2020, Volume 8",[2020],texts,opensource
,"CLJ_2020_8_109","CLJ 2020 8 109.pdf"
,"CLJ_2020_8_147","CLJ 2020 8 147.pdf"
,"CLJ_2020_8_252","CLJ 2020 8 252.pdf"
,"CLJ_2020_8_267","CLJ 2020 8 267.pdf"
,"CLJ_2020_8_27","CLJ 2020 8 27.pdf"
,"CLJ_2020_8_292","CLJ 2020 8 292.pdf"
,"CLJ_2020_8_306","CLJ 2020 8 306.pdf"
,"CLJ_2020_8_319","CLJ 2020 8 319.pdf"
,"CLJ_2020_8_67","CLJ 2020 8 67.pdf"
,"CLJ_2020_8_79","CLJ 2020 8 79.pdf"
,"CLJ_2020_8_94","CLJ 2020 8 94.pdf"
clj_2020_9,"CLJ_2020_9_1","CLJ 2020 9 1.pdf","Current Law Journal, 2020, Volume 9",[2020],texts,opensource
,"CLJ_2020_9_101","CLJ 2020 9 101.pdf"
,"CLJ_2020_9_107","CLJ 2020 9 107.pdf"
,"CLJ_2020_9_122","CLJ 2020 9 122.pdf"
,"CLJ_2020_9_151","CLJ 2020 9 151.pdf"
,"CLJ_2020_9_176","CLJ 2020 9 176.pdf"
,"CLJ_2020_9_192","CLJ 2020 9 192.pdf"
,"CLJ_2020_9_213","CLJ 2020 9 213.pdf"
,"CLJ_2020_9_252","CLJ 2020 9 252.pdf"
,"CLJ_2020_9_273","CLJ 2020 9 273.pdf"
,"CLJ_2020_9_283","CLJ 2020 9 283.pdf"
,"CLJ_2020_9_30","CLJ 2020 9 30.pdf"
,"CLJ_2020_9_309","CLJ 2020 9 309.pdf"
,"CLJ_2020_9_326","CLJ 2020 9 326.pdf"
,"CLJ_2020_9_358","CLJ 2020 9 358.pdf"
,"CLJ_2020_9_379","CLJ 2020 9 379.pdf"
,"CLJ_2020_9_390","CLJ 2020 9 390.pdf"
,"CLJ_2020_9_414","CLJ 2020 9 414.pdf"
,"CLJ_2020_9_435","CLJ 2020 9 435.pdf"
,"CLJ_2020_9_44","CLJ 2020 9 44.pdf"
,"CLJ_2020_9_449","CLJ 2020 9 449.pdf"
,"CLJ_2020_9_466","CLJ 2020 9 466.pdf"
,"CLJ_2020_9_510","CLJ 2020 9 510.pdf"
,"CLJ_2020_9_521","CLJ 2020 9 521.pdf"
,"CLJ_2020_9_541","CLJ 2020 9 541.pdf"
,"CLJ_2020_9_571","CLJ 2020 9 571.pdf"
,"CLJ_2020_9_601","CLJ 2020 9 601.pdf"
,"CLJ_2020_9_613","CLJ 2020 9 613.pdf"
,"CLJ_2020_9_638","CLJ 2020 9 638.pdf"
,"CLJ_2020_9_693","CLJ 2020 9 693.pdf"
,"CLJ_2020_9_709","CLJ 2020 9 709.pdf"
,"CLJ_2020_9_723","CLJ 2020 9 723.pdf"
,"CLJ_2020_9_743","CLJ 2020 9 743.pdf"
,"CLJ_2020_9_760","CLJ 2020 9 760.pdf"
,"CLJ_2020_9_774","CLJ 2020 9 774.pdf"
,"CLJ_2020_9_796","CLJ 2020 9 796.pdf"
,"CLJ_2020_9_817","CLJ 2020 9 817.pdf"
,"CLJ_2020_9_838","CLJ 2020 9 838.pdf"
,"CLJ_2020_9_84","CLJ 2020 9 84.pdf"
,"CLJ_2020_9_861","CLJ 2020 9 861.pdf"
clj_2021_1,"CLJ_2021_1_1","CLJ 2021 1 1.pdf","Current Law Journal, 2021, Volume 1",[2021],texts,opensource
,"CLJ_2021_1_105","CLJ 2021 1 105.pdf"
,"CLJ_2021_1_121","CLJ 2021 1 121.pdf"
,"CLJ_2021_1_130","CLJ 2021 1 130.pdf"
,"CLJ_2021_1_144","CLJ 2021 1 144.pdf"
,"CLJ_2021_1_155","CLJ 2021 1 155.pdf"
,"CLJ_2021_1_186","CLJ 2021 1 186.pdf"
,"CLJ_2021_1_221","CLJ 2021 1 221.pdf"
,"CLJ_2021_1_247","CLJ 2021 1 247.pdf"
,"CLJ_2021_1_267","CLJ 2021 1 267.pdf"
,"CLJ_2021_1_291","CLJ 2021 1 291.pdf"
,"CLJ_2021_1_300","CLJ 2021 1 300.pdf"
,"CLJ_2021_1_313","CLJ 2021 1 313.pdf"
,"CLJ_2021_1_328","CLJ 2021 1 328.pdf"
,"CLJ_2021_1_343","CLJ 2021 1 343.pdf"
,"CLJ_2021_1_36","CLJ 2021 1 36.pdf"
,"CLJ_2021_1_365","CLJ 2021 1 365.pdf"
,"CLJ_2021_1_391","CLJ 2021 1 391.pdf"
,"CLJ_2021_1_413","CLJ 2021 1 413.pdf"
,"CLJ_2021_1_430","CLJ 2021 1 430.pdf"
,"CLJ_2021_1_453","CLJ 2021 1 453.pdf"
,"CLJ_2021_1_499","CLJ 2021 1 499.pdf"
,"CLJ_2021_1_52","CLJ 2021 1 52.pdf"
,"CLJ_2021_1_523","CLJ 2021 1 523.pdf"
,"CLJ_2021_1_542","CLJ 2021 1 542.pdf"
,"CLJ_2021_1_565","CLJ 2021 1 565.pdf"
,"CLJ_2021_1_577","CLJ 2021 1 577.pdf"
,"CLJ_2021_1_594","CLJ 2021 1 594.pdf"
,"CLJ_2021_1_609","CLJ 2021 1 609.pdf"
,"CLJ_2021_1_63","CLJ 2021 1 63.pdf"
,"CLJ_2021_1_631","CLJ 2021 1 631.pdf"
,"CLJ_2021_1_666","CLJ 2021 1 666.pdf"
,"CLJ_2021_1_680","CLJ 2021 1 680.pdf"
,"CLJ_2021_1_703","CLJ 2021 1 703.pdf"
,"CLJ_2021_1_725","CLJ 2021 1 725.pdf"
,"CLJ_2021_1_74","CLJ 2021 1 74.pdf"
,"CLJ_2021_1_747","CLJ 2021 1 747.pdf"
,"CLJ_2021_1_761","CLJ 2021 1 761.pdf"
,"CLJ_2021_1_776","CLJ 2021 1 776.pdf"
,"CLJ_2021_1_791","CLJ 2021 1 791.pdf"
,"CLJ_2021_1_825","CLJ 2021 1 825.pdf"
,"CLJ_2021_1_843","CLJ 2021 1 843.pdf"
,"CLJ_2021_1_860","CLJ 2021 1 860.pdf"
,"CLJ_2021_1_94","CLJ 2021 1 94.pdf"
clj_2021_10,"CLJ_2021_10_1","CLJ 2021 10 1.pdf","Current Law Journal, 2021, Volume 10",[2021],texts,opensource
,"CLJ_2021_10_112","CLJ 2021 10 112.pdf"
,"CLJ_2021_10_117","CLJ 2021 10 117.pdf"
,"CLJ_2021_10_135","CLJ 2021 10 135.pdf"
,"CLJ_2021_10_163","CLJ 2021 10 163.pdf"
,"CLJ_2021_10_183","CLJ 2021 10 183.pdf"
,"CLJ_2021_10_206","CLJ 2021 10 206.pdf"
,"CLJ_2021_10_238","CLJ 2021 10 238.pdf"
,"CLJ_2021_10_258","CLJ 2021 10 258.pdf"
,"CLJ_2021_10_271","CLJ 2021 10 271.pdf"
,"CLJ_2021_10_282","CLJ 2021 10 282.pdf"
,"CLJ_2021_10_296","CLJ 2021 10 296.pdf"
,"CLJ_2021_10_31","CLJ 2021 10 31.pdf"
,"CLJ_2021_10_314","CLJ 2021 10 314.pdf"
,"CLJ_2021_10_329","CLJ 2021 10 329.pdf"
,"CLJ_2021_10_352","CLJ 2021 10 352.pdf"
,"CLJ_2021_10_380","CLJ 2021 10 380.pdf"
,"CLJ_2021_10_395","CLJ 2021 10 395.pdf"
,"CLJ_2021_10_411","CLJ 2021 10 411.pdf"
,"CLJ_2021_10_432","CLJ 2021 10 432.pdf"
,"CLJ_2021_10_460","CLJ 2021 10 460.pdf"
,"CLJ_2021_10_473","CLJ 2021 10 473.pdf"
,"CLJ_2021_10_497","CLJ 2021 10 497.pdf"
,"CLJ_2021_10_511","CLJ 2021 10 511.pdf"
,"CLJ_2021_10_52","CLJ 2021 10 52.pdf"
,"CLJ_2021_10_537","CLJ 2021 10 537.pdf"
,"CLJ_2021_10_562","CLJ 2021 10 562.pdf"
,"CLJ_2021_10_579","CLJ 2021 10 579.pdf"
,"CLJ_2021_10_596","CLJ 2021 10 596.pdf"
,"CLJ_2021_10_623","CLJ 2021 10 623.pdf"
,"CLJ_2021_10_638","CLJ 2021 10 638.pdf"
,"CLJ_2021_10_654","CLJ 2021 10 654.pdf"
,"CLJ_2021_10_663","CLJ 2021 10 663.pdf"
,"CLJ_2021_10_700","CLJ 2021 10 700.pdf"
,"CLJ_2021_10_73","CLJ 2021 10 73.pdf"
,"CLJ_2021_10_737","CLJ 2021 10 737.pdf"
,"CLJ_2021_10_763","CLJ 2021 10 763.pdf"
,"CLJ_2021_10_783","CLJ 2021 10 783.pdf"
,"CLJ_2021_10_799","CLJ 2021 10 799.pdf"
,"CLJ_2021_10_823","CLJ 2021 10 823.pdf"
,"CLJ_2021_10_841","CLJ 2021 10 841.pdf"
,"CLJ_2021_10_860","CLJ 2021 10 860.pdf"
,"CLJ_2021_10_87","CLJ 2021 10 87.pdf"
,"CLJ_2021_10_876","CLJ 2021 10 876.pdf"
,"CLJ_2021_10_902","CLJ 2021 10 902.pdf"
,"CLJ_2021_10_915","CLJ 2021 10 915.pdf"
,"CLJ_2021_10_954","CLJ 2021 10 954.pdf"
,"CLJ_2021_10_975","CLJ 2021 10 975.pdf"
clj_2021_2,"CLJ_2021_2_1","CLJ 2021 2 1.pdf","Current Law Journal, 2021, Volume 2",[2021],texts,opensource
,"CLJ_2021_2_118","CLJ 2021 2 118.pdf"
,"CLJ_2021_2_133","CLJ 2021 2 133.pdf"
,"CLJ_2021_2_151","CLJ 2021 2 151.pdf"
,"CLJ_2021_2_173","CLJ 2021 2 173.pdf"
,"CLJ_2021_2_207","CLJ 2021 2 207.pdf"
,"CLJ_2021_2_222","CLJ 2021 2 222.pdf"
,"CLJ_2021_2_245","CLJ 2021 2 245.pdf"
,"CLJ_2021_2_29","CLJ 2021 2 29.pdf"
,"CLJ_2021_2_291","CLJ 2021 2 291.pdf"
,"CLJ_2021_2_307","CLJ 2021 2 307.pdf"
,"CLJ_2021_2_318","CLJ 2021 2 318.pdf"
,"CLJ_2021_2_369","CLJ 2021 2 369.pdf"
,"CLJ_2021_2_386","CLJ 2021 2 386.pdf"
,"CLJ_2021_2_400","CLJ 2021 2 400.pdf"
,"CLJ_2021_2_441","CLJ 2021 2 441.pdf"
,"CLJ_2021_2_48","CLJ 2021 2 48.pdf"
,"CLJ_2021_2_485","CLJ 2021 2 485.pdf"
,"CLJ_2021_2_522","CLJ 2021 2 522.pdf"
,"CLJ_2021_2_536","CLJ 2021 2 536.pdf"
,"CLJ_2021_2_579","CLJ 2021 2 579.pdf"
,"CLJ_2021_2_65","CLJ 2021 2 65.pdf"
,"CLJ_2021_2_799","CLJ 2021 2 799.pdf"
,"CLJ_2021_2_808","CLJ 2021 2 808.pdf"
,"CLJ_2021_2_870","CLJ 2021 2 870.pdf"
,"CLJ_2021_2_881","CLJ 2021 2 881.pdf"
,"CLJ_2021_2_897","CLJ 2021 2 897.pdf"
clj_2021_3,"CLJ_2021_3_1","CLJ 2021 3 1.pdf","Current Law Journal, 2021, Volume 3",[2021],texts,opensource
,"CLJ_2021_3_119","CLJ 2021 3 119.pdf"
,"CLJ_2021_3_134","CLJ 2021 3 134.pdf"
,"CLJ_2021_3_159","CLJ 2021 3 159.pdf"
,"CLJ_2021_3_186","CLJ 2021 3 186.pdf"
,"CLJ_2021_3_198","CLJ 2021 3 198.pdf"
,"CLJ_2021_3_220","CLJ 2021 3 220.pdf"
,"CLJ_2021_3_237","CLJ 2021 3 237.pdf"
,"CLJ_2021_3_283","CLJ 2021 3 283.pdf"
,"CLJ_2021_3_301","CLJ 2021 3 301.pdf"
,"CLJ_2021_3_34","CLJ 2021 3 34.pdf"
,"CLJ_2021_3_355","CLJ 2021 3 355.pdf"
,"CLJ_2021_3_371","CLJ 2021 3 371.pdf"
,"CLJ_2021_3_389","CLJ 2021 3 389.pdf"
,"CLJ_2021_3_427","CLJ 2021 3 427.pdf"
,"CLJ_2021_3_443","CLJ 2021 3 443.pdf"
,"CLJ_2021_3_465","CLJ 2021 3 465.pdf"
,"CLJ_2021_3_518","CLJ 2021 3 518.pdf"
,"CLJ_2021_3_571","CLJ 2021 3 571.pdf"
,"CLJ_2021_3_587","CLJ 2021 3 587.pdf"
,"CLJ_2021_3_603","CLJ 2021 3 603.pdf"
,"CLJ_2021_3_677","CLJ 2021 3 677.pdf"
,"CLJ_2021_3_704","CLJ 2021 3 704.pdf"
,"CLJ_2021_3_71","CLJ 2021 3 71.pdf"
,"CLJ_2021_3_725","CLJ 2021 3 725.pdf"
,"CLJ_2021_3_739","CLJ 2021 3 739.pdf"
,"CLJ_2021_3_751","CLJ 2021 3 751.pdf"
,"CLJ_2021_3_772","CLJ 2021 3 772.pdf"
,"CLJ_2021_3_803","CLJ 2021 3 803.pdf"
,"CLJ_2021_3_821","CLJ 2021 3 821.pdf"
,"CLJ_2021_3_852","CLJ 2021 3 852.pdf"
,"CLJ_2021_3_87","CLJ 2021 3 87.pdf"
clj_2021_4,"CLJ_2021_4_1","CLJ 2021 4 1.pdf","Current Law Journal, 2021, Volume 4",[2021],texts,opensource
,"CLJ_2021_4_155","CLJ 2021 4 155.pdf"
,"CLJ_2021_4_215","CLJ 2021 4 215.pdf"
,"CLJ_2021_4_231","CLJ 2021 4 231.pdf"
,"CLJ_2021_4_287","CLJ 2021 4 287.pdf"
,"CLJ_2021_4_305","CLJ 2021 4 305.pdf"
,"CLJ_2021_4_327","CLJ 2021 4 327.pdf"
,"CLJ_2021_4_348","CLJ 2021 4 348.pdf"
,"CLJ_2021_4_364","CLJ 2021 4 364.pdf"
,"CLJ_2021_4_375","CLJ 2021 4 375.pdf"
,"CLJ_2021_4_397","CLJ 2021 4 397.pdf"
,"CLJ_2021_4_422","CLJ 2021 4 422.pdf"
,"CLJ_2021_4_434","CLJ 2021 4 434.pdf"
,"CLJ_2021_4_446","CLJ 2021 4 446.pdf"
,"CLJ_2021_4_467","CLJ 2021 4 467.pdf"
,"CLJ_2021_4_477","CLJ 2021 4 477.pdf"
,"CLJ_2021_4_496","CLJ 2021 4 496.pdf"
,"CLJ_2021_4_516","CLJ 2021 4 516.pdf"
,"CLJ_2021_4_525","CLJ 2021 4 525.pdf"
,"CLJ_2021_4_552","CLJ 2021 4 552.pdf"
,"CLJ_2021_4_571","CLJ 2021 4 571.pdf"
,"CLJ_2021_4_595","CLJ 2021 4 595.pdf"
,"CLJ_2021_4_614","CLJ 2021 4 614.pdf"
,"CLJ_2021_4_658","CLJ 2021 4 658.pdf"
,"CLJ_2021_4_668","CLJ 2021 4 668.pdf"
,"CLJ_2021_4_721","CLJ 2021 4 721.pdf"
,"CLJ_2021_4_775","CLJ 2021 4 775.pdf"
,"CLJ_2021_4_821","CLJ 2021 4 821.pdf"
,"CLJ_2021_4_861","CLJ 2021 4 861.pdf"
clj_2021_5,"CLJ_2021_5_1","CLJ 2021 5 1.pdf","Current Law Journal, 2021, Volume 5",[2021],texts,opensource
,"CLJ_2021_5_127","CLJ 2021 5 127.pdf"
,"CLJ_2021_5_149","CLJ 2021 5 149.pdf"
,"CLJ_2021_5_162","CLJ 2021 5 162.pdf"
,"CLJ_2021_5_170","CLJ 2021 5 170.pdf"
,"CLJ_2021_5_193","CLJ 2021 5 193.pdf"
,"CLJ_2021_5_223","CLJ 2021 5 223.pdf"
,"CLJ_2021_5_231","CLJ 2021 5 231.pdf"
,"CLJ_2021_5_24","CLJ 2021 5 24.pdf"
,"CLJ_2021_5_249","CLJ 2021 5 249.pdf"
,"CLJ_2021_5_283","CLJ 2021 5 283.pdf"
,"CLJ_2021_5_331","CLJ 2021 5 331.pdf"
,"CLJ_2021_5_350","CLJ 2021 5 350.pdf"
,"CLJ_2021_5_362","CLJ 2021 5 362.pdf"
,"CLJ_2021_5_377","CLJ 2021 5 377.pdf"
,"CLJ_2021_5_403","CLJ 2021 5 403.pdf"
,"CLJ_2021_5_411","CLJ 2021 5 411.pdf"
,"CLJ_2021_5_424","CLJ 2021 5 424.pdf"

,"CLJ_2021_5_433","CLJ 2021 5 433.pdf"
,"CLJ_2021_5_459","CLJ 2021 5 459.pdf"
,"CLJ_2021_5_48","CLJ 2021 5 48.pdf"
,"CLJ_2021_5_480","CLJ 2021 5 480.pdf"
,"CLJ_2021_5_510","CLJ 2021 5 510.pdf"
,"CLJ_2021_5_527","CLJ 2021 5 527.pdf"
,"CLJ_2021_5_554","CLJ 2021 5 554.pdf"
,"CLJ_2021_5_581","CLJ 2021 5 581.pdf"
,"CLJ_2021_5_693","CLJ 2021 5 693.pdf"
,"CLJ_2021_5_71","CLJ 2021 5 71.pdf"
,"CLJ_2021_5_722","CLJ 2021 5 722.pdf"
,"CLJ_2021_5_733","CLJ 2021 5 733.pdf"
,"CLJ_2021_5_751","CLJ 2021 5 751.pdf"
,"CLJ_2021_5_766","CLJ 2021 5 766.pdf"
,"CLJ_2021_5_796","CLJ 2021 5 796.pdf"
,"CLJ_2021_5_833","CLJ 2021 5 833.pdf"
,"CLJ_2021_5_841","CLJ 2021 5 841.pdf"
,"CLJ_2021_5_852","CLJ 2021 5 852.pdf"
,"CLJ_2021_5_86","CLJ 2021 5 86.pdf"
clj_2021_6,"CLJ_2021_6_1","CLJ 2021 6 1.pdf","Current Law Journal, 2021, Volume 6",[2021],texts,opensource
,"CLJ_2021_6_105","CLJ 2021 6 105.pdf"
,"CLJ_2021_6_129","CLJ 2021 6 129.pdf"
,"CLJ_2021_6_157","CLJ 2021 6 157.pdf"
,"CLJ_2021_6_199","CLJ 2021 6 199.pdf"
,"CLJ_2021_6_240","CLJ 2021 6 240.pdf"
,"CLJ_2021_6_256","CLJ 2021 6 256.pdf"
,"CLJ_2021_6_267","CLJ 2021 6 267.pdf"
,"CLJ_2021_6_286","CLJ 2021 6 286.pdf"
,"CLJ_2021_6_294","CLJ 2021 6 294.pdf"
,"CLJ_2021_6_30","CLJ 2021 6 30.pdf"
,"CLJ_2021_6_305","CLJ 2021 6 305.pdf"
,"CLJ_2021_6_319","CLJ 2021 6 319.pdf"
,"CLJ_2021_6_333","CLJ 2021 6 333.pdf"
,"CLJ_2021_6_346","CLJ 2021 6 346.pdf"
,"CLJ_2021_6_370","CLJ 2021 6 370.pdf"
,"CLJ_2021_6_380","CLJ 2021 6 380.pdf"
,"CLJ_2021_6_39","CLJ 2021 6 39.pdf"
,"CLJ_2021_6_403","CLJ 2021 6 403.pdf"
,"CLJ_2021_6_421","CLJ 2021 6 421.pdf"
,"CLJ_2021_6_441","CLJ 2021 6 441.pdf"
,"CLJ_2021_6_471","CLJ 2021 6 471.pdf"
,"CLJ_2021_6_556","CLJ 2021 6 556.pdf"
,"CLJ_2021_6_56","CLJ 2021 6 56.pdf"
,"CLJ_2021_6_574","CLJ 2021 6 574.pdf"
,"CLJ_2021_6_587","CLJ 2021 6 587.pdf"
,"CLJ_2021_6_599","CLJ 2021 6 599.pdf"
,"CLJ_2021_6_623","CLJ 2021 6 623.pdf"
,"CLJ_2021_6_650","CLJ 2021 6 650.pdf"
,"CLJ_2021_6_700","CLJ 2021 6 700.pdf"
,"CLJ_2021_6_717","CLJ 2021 6 717.pdf"
,"CLJ_2021_6_735","CLJ 2021 6 735.pdf"
,"CLJ_2021_6_753","CLJ 2021 6 753.pdf"
,"CLJ_2021_6_779","CLJ 2021 6 779.pdf"
,"CLJ_2021_6_799","CLJ 2021 6 799.pdf"
,"CLJ_2021_6_820","CLJ 2021 6 820.pdf"
,"CLJ_2021_6_840","CLJ 2021 6 840.pdf"
,"CLJ_2021_6_88","CLJ 2021 6 88.pdf"
,"CLJ_2021_6_883","CLJ 2021 6 883.pdf"
,"CLJ_2021_6_897","CLJ 2021 6 897.pdf"
,"CLJ_2021_6_905","CLJ 2021 6 905.pdf"
,"CLJ_2021_6_918","CLJ 2021 6 918.pdf"
clj_2021_7,"CLJ_2021_7_1","CLJ 2021 7 1.pdf","Current Law Journal, 2021, Volume 7",[2021],texts,opensource
,"CLJ_2021_7_104","CLJ 2021 7 104.pdf"
,"CLJ_2021_7_125","CLJ 2021 7 125.pdf"
,"CLJ_2021_7_145","CLJ 2021 7 145.pdf"
,"CLJ_2021_7_232","CLJ 2021 7 232.pdf"
,"CLJ_2021_7_271","CLJ 2021 7 271.pdf"
,"CLJ_2021_7_281","CLJ 2021 7 281.pdf"
,"CLJ_2021_7_301","CLJ 2021 7 301.pdf"
,"CLJ_2021_7_311","CLJ 2021 7 311.pdf"
,"CLJ_2021_7_327","CLJ 2021 7 327.pdf"
,"CLJ_2021_7_34","CLJ 2021 7 34.pdf"
,"CLJ_2021_7_353","CLJ 2021 7 353.pdf"
,"CLJ_2021_7_371","CLJ 2021 7 371.pdf"
,"CLJ_2021_7_414","CLJ 2021 7 414.pdf"
,"CLJ_2021_7_429","CLJ 2021 7 429.pdf"
,"CLJ_2021_7_448","CLJ 2021 7 448.pdf"
,"CLJ_2021_7_475","CLJ 2021 7 475.pdf"
,"CLJ_2021_7_487","CLJ 2021 7 487.pdf"
,"CLJ_2021_7_51","CLJ 2021 7 51.pdf"
,"CLJ_2021_7_524","CLJ 2021 7 524.pdf"
,"CLJ_2021_7_544","CLJ 2021 7 544.pdf"
,"CLJ_2021_7_561","CLJ 2021 7 561.pdf"
,"CLJ_2021_7_588","CLJ 2021 7 588.pdf"
,"CLJ_2021_7_606","CLJ 2021 7 606.pdf"
,"CLJ_2021_7_621","CLJ 2021 7 621.pdf"
,"CLJ_2021_7_633","CLJ 2021 7 633.pdf"
,"CLJ_2021_7_653","CLJ 2021 7 653.pdf"
,"CLJ_2021_7_66","CLJ 2021 7 66.pdf"
,"CLJ_2021_7_681","CLJ 2021 7 681.pdf"
,"CLJ_2021_7_694","CLJ 2021 7 694.pdf"
,"CLJ_2021_7_716","CLJ 2021 7 716.pdf"
,"CLJ_2021_7_738","CLJ 2021 7 738.pdf"
,"CLJ_2021_7_755","CLJ 2021 7 755.pdf"
,"CLJ_2021_7_794","CLJ 2021 7 794.pdf"
,"CLJ_2021_7_809","CLJ 2021 7 809.pdf"
,"CLJ_2021_7_823","CLJ 2021 7 823.pdf"
,"CLJ_2021_7_836","CLJ 2021 7 836.pdf"
,"CLJ_2021_7_857","CLJ 2021 7 857.pdf"
,"CLJ_2021_7_88","CLJ 2021 7 88.pdf"
,"CLJ_2021_7_894","CLJ 2021 7 894.pdf"
,"CLJ_2021_7_913","CLJ 2021 7 913.pdf"
,"CLJ_2021_7_965","CLJ 2021 7 965.pdf"
clj_2021_8,"CLJ_2021_8_1","CLJ 2021 8 1.pdf","Current Law Journal, 2021, Volume 8",[2021],texts,opensource
,"CLJ_2021_8_117","CLJ 2021 8 117.pdf"
,"CLJ_2021_8_127","CLJ 2021 8 127.pdf"
,"CLJ_2021_8_163","CLJ 2021 8 163.pdf"
,"CLJ_2021_8_179","CLJ 2021 8 179.pdf"
,"CLJ_2021_8_20","CLJ 2021 8 20.pdf"
,"CLJ_2021_8_225","CLJ 2021 8 225.pdf"
,"CLJ_2021_8_260","CLJ 2021 8 260.pdf"
,"CLJ_2021_8_29","CLJ 2021 8 29.pdf"
,"CLJ_2021_8_292","CLJ 2021 8 292.pdf"
,"CLJ_2021_8_331","CLJ 2021 8 331.pdf"
,"CLJ_2021_8_409","CLJ 2021 8 409.pdf"
,"CLJ_2021_8_42","CLJ 2021 8 42.pdf"
,"CLJ_2021_8_434","CLJ 2021 8 434.pdf"
,"CLJ_2021_8_448","CLJ 2021 8 448.pdf"
,"CLJ_2021_8_462","CLJ 2021 8 462.pdf"
,"CLJ_2021_8_476","CLJ 2021 8 476.pdf"
,"CLJ_2021_8_495","CLJ 2021 8 495.pdf"
,"CLJ_2021_8_511","CLJ 2021 8 511.pdf"
,"CLJ_2021_8_57","CLJ 2021 8 57.pdf"
,"CLJ_2021_8_590","CLJ 2021 8 590.pdf"
,"CLJ_2021_8_616","CLJ 2021 8 616.pdf"
,"CLJ_2021_8_627","CLJ 2021 8 627.pdf"
,"CLJ_2021_8_643","CLJ 2021 8 643.pdf"
,"CLJ_2021_8_666","CLJ 2021 8 666.pdf"
,"CLJ_2021_8_675","CLJ 2021 8 675.pdf"
,"CLJ_2021_8_68","CLJ 2021 8 68.pdf"
,"CLJ_2021_8_693","CLJ 2021 8 693.pdf"
,"CLJ_2021_8_708","CLJ 2021 8 708.pdf"
,"CLJ_2021_8_745","CLJ 2021 8 745.pdf"
,"CLJ_2021_8_766","CLJ 2021 8 766.pdf"
,"CLJ_2021_8_785","CLJ 2021 8 785.pdf"
,"CLJ_2021_8_805","CLJ 2021 8 805.pdf"
,"CLJ_2021_8_829","CLJ 2021 8 829.pdf"
,"CLJ_2021_8_83","CLJ 2021 8 83.pdf"
,"CLJ_2021_8_839","CLJ 2021 8 839.pdf"
,"CLJ_2021_8_852","CLJ 2021 8 852.pdf"
,"CLJ_2021_8_867","CLJ 2021 8 867.pdf"
,"CLJ_2021_8_891","CLJ 2021 8 891.pdf"
,"CLJ_2021_8_911","CLJ 2021 8 911.pdf"
,"CLJ_2021_8_935","CLJ 2021 8 935.pdf"
,"CLJ_2021_8_952","CLJ 2021 8 952.pdf"
,"CLJ_2021_8_974","CLJ 2021 8 974.pdf"
,"CLJ_2021_8_99","CLJ 2021 8 99.pdf"
clj_2021_9,"CLJ_2021_9_1","CLJ 2021 9 1.pdf","Current Law Journal, 2021, Volume 9",[2021],texts,opensource
,"CLJ_2021_9_104","CLJ 2021 9 104.pdf"
,"CLJ_2021_9_121","CLJ 2021 9 121.pdf"
,"CLJ_2021_9_141","CLJ 2021 9 141.pdf"
,"CLJ_2021_9_157","CLJ 2021 9 157.pdf"
,"CLJ_2021_9_167","CLJ 2021 9 167.pdf"
,"CLJ_2021_9_179","CLJ 2021 9 179.pdf"
,"CLJ_2021_9_232","CLJ 2021 9 232.pdf"
,"CLJ_2021_9_266","CLJ 2021 9 266.pdf"
,"CLJ_2021_9_349","CLJ 2021 9 349.pdf"
,"CLJ_2021_9_414","CLJ 2021 9 414.pdf"
,"CLJ_2021_9_438","CLJ 2021 9 438.pdf"
,"CLJ_2021_9_461","CLJ 2021 9 461.pdf"
,"CLJ_2021_9_484","CLJ 2021 9 484.pdf"
,"CLJ_2021_9_501","CLJ 2021 9 501.pdf"
,"CLJ_2021_9_523","CLJ 2021 9 523.pdf"
,"CLJ_2021_9_554","CLJ 2021 9 554.pdf"
,"CLJ_2021_9_56","CLJ 2021 9 56.pdf"
,"CLJ_2021_9_593","CLJ 2021 9 593.pdf"
,"CLJ_2021_9_607","CLJ 2021 9 607.pdf"
,"CLJ_2021_9_627","CLJ 2021 9 627.pdf"
,"CLJ_2021_9_641","CLJ 2021 9 641.pdf"
,"CLJ_2021_9_660","CLJ 2021 9 660.pdf"
,"CLJ_2021_9_681","CLJ 2021 9 681.pdf"
,"CLJ_2021_9_695","CLJ 2021 9 695.pdf"
,"CLJ_2021_9_715","CLJ 2021 9 715.pdf"
,"CLJ_2021_9_749","CLJ 2021 9 749.pdf"
,"CLJ_2021_9_766","CLJ 2021 9 766.pdf"
,"CLJ_2021_9_789","CLJ 2021 9 789.pdf"
,"CLJ_2021_9_814","CLJ 2021 9 814.pdf"
,"CLJ_2021_9_82","CLJ 2021 9 82.pdf"
,"CLJ_2021_9_849","CLJ 2021 9 849.pdf"
,"CLJ_2021_9_880","CLJ 2021 9 880.pdf"
,"CLJ_2021_9_896","CLJ 2021 9 896.pdf"
,"CLJ_2021_9_918","CLJ 2021 9 918.pdf"
,"CLJ_2021_9_943","CLJ 2021 9 943.pdf"
,"CLJ_2021_9_952","CLJ 2021 9 952.pdf"
,"CLJ_2021_9_979","CLJ 2021 9 979.pdf"
,"CLJ_2021_9_993","CLJ 2021 9 993.pdf"
clj_2022_1,"CLJ_2022_1_1","CLJ 2022 1 1.pdf","Current Law Journal, 2022, Volume 1",[2022],texts,opensource
,"CLJ_2022_1_106","CLJ 2022 1 106.pdf"
,"CLJ_2022_1_120","CLJ 2022 1 120.pdf"
,"CLJ_2022_1_151","CLJ 2022 1 151.pdf"
,"CLJ_2022_1_163","CLJ 2022 1 163.pdf"
,"CLJ_2022_1_173","CLJ 2022 1 173.pdf"
,"CLJ_2022_1_196","CLJ 2022 1 196.pdf"
,"CLJ_2022_1_218","CLJ 2022 1 218.pdf"
,"CLJ_2022_1_23","CLJ 2022 1 23.pdf"
,"CLJ_2022_1_232","CLJ 2022 1 232.pdf"
,"CLJ_2022_1_247","CLJ 2022 1 247.pdf"
,"CLJ_2022_1_271","CLJ 2022 1 271.pdf"
,"CLJ_2022_1_297","CLJ 2022 1 297.pdf"
,"CLJ_2022_1_318","CLJ 2022 1 318.pdf"
,"CLJ_2022_1_331","CLJ 2022 1 331.pdf"
,"CLJ_2022_1_390","CLJ 2022 1 390.pdf"
,"CLJ_2022_1_419","CLJ 2022 1 419.pdf"
,"CLJ_2022_1_440","CLJ 2022 1 440.pdf"
,"CLJ_2022_1_469","CLJ 2022 1 469.pdf"
,"CLJ_2022_1_49","CLJ 2022 1 49.pdf"
,"CLJ_2022_1_491","CLJ 2022 1 491.pdf"
,"CLJ_2022_1_61","CLJ 2022 1 61.pdf"
,"CLJ_2022_1_673","CLJ 2022 1 673.pdf"
,"CLJ_2022_1_692","CLJ 2022 1 692.pdf"
,"CLJ_2022_1_725","CLJ 2022 1 725.pdf"
,"CLJ_2022_1_760","CLJ 2022 1 760.pdf"
,"CLJ_2022_1_775","CLJ 2022 1 775.pdf"
,"CLJ_2022_1_796","CLJ 2022 1 796.pdf"
,"CLJ_2022_1_804","CLJ 2022 1 804.pdf"
,"CLJ_2022_1_81","CLJ 2022 1 81.pdf"
,"CLJ_2022_1_818","CLJ 2022 1 818.pdf"
,"CLJ_2022_1_831","CLJ 2022 1 831.pdf"
,"CLJ_2022_1_849","CLJ 2022 1 849.pdf"
,"CLJ_2022_1_856","CLJ 2022 1 856.pdf"
,"CLJ_2022_1_908","CLJ 2022 1 908.pdf"
,"CLJ_2022_1_917","CLJ 2022 1 917.pdf"
,"CLJ_2022_1_956","CLJ 2022 1 956.pdf"
,"CLJ_2022_1_974","CLJ 2022 1 974.pdf"
clj_2022_10,"CLJ_2022_10_1","CLJ 2022 10 1.pdf","Current Law Journal, 2022, Volume 10",[2022],texts,opensource
,"CLJ_2022_10_103","CLJ 2022 10 103.pdf"
,"CLJ_2022_10_15","CLJ 2022 10 15.pdf"
,"CLJ_2022_10_153","CLJ 2022 10 153.pdf"
,"CLJ_2022_10_171","CLJ 2022 10 171.pdf"
,"CLJ_2022_10_209","CLJ 2022 10 209.pdf"
,"CLJ_2022_10_231","CLJ 2022 10 231.pdf"
,"CLJ_2022_10_247","CLJ 2022 10 247.pdf"
,"CLJ_2022_10_261","CLJ 2022 10 261.pdf"
,"CLJ_2022_10_289","CLJ 2022 10 289.pdf"
,"CLJ_2022_10_313","CLJ 2022 10 313.pdf"
,"CLJ_2022_10_333","CLJ 2022 10 333.pdf"
,"CLJ_2022_10_348","CLJ 2022 10 348.pdf"
,"CLJ_2022_10_378","CLJ 2022 10 378.pdf"
,"CLJ_2022_10_400","CLJ 2022 10 400.pdf"
,"CLJ_2022_10_413","CLJ 2022 10 413.pdf"
,"CLJ_2022_10_424","CLJ 2022 10 424.pdf"
,"CLJ_2022_10_440","CLJ 2022 10 440.pdf"
,"CLJ_2022_10_456","CLJ 2022 10 456.pdf"
,"CLJ_2022_10_467","CLJ 2022 10 467.pdf"
,"CLJ_2022_10_47","CLJ 2022 10 47.pdf"
,"CLJ_2022_10_492","CLJ 2022 10 492.pdf"
,"CLJ_2022_10_503","CLJ 2022 10 503.pdf"
,"CLJ_2022_10_528","CLJ 2022 10 528.pdf"
,"CLJ_2022_10_540","CLJ 2022 10 540.pdf"
,"CLJ_2022_10_562","CLJ 2022 10 562.pdf"
,"CLJ_2022_10_591","CLJ 2022 10 591.pdf"
,"CLJ_2022_10_604","CLJ 2022 10 604.pdf"
,"CLJ_2022_10_624","CLJ 2022 10 624.pdf"
,"CLJ_2022_10_63","CLJ 2022 10 63.pdf"
,"CLJ_2022_10_650","CLJ 2022 10 650.pdf"
,"CLJ_2022_10_669","CLJ 2022 10 669.pdf"
,"CLJ_2022_10_693","CLJ 2022 10 693.pdf"
,"CLJ_2022_10_708","CLJ 2022 10 708.pdf"
,"CLJ_2022_10_722","CLJ 2022 10 722.pdf"
,"CLJ_2022_10_729","CLJ 2022 10 729.pdf"
,"CLJ_2022_10_767","CLJ 2022 10 767.pdf"
,"CLJ_2022_10_777","CLJ 2022 10 777.pdf"
,"CLJ_2022_10_788","CLJ 2022 10 788.pdf"
,"CLJ_2022_10_798","CLJ 2022 10 798.pdf"
,"CLJ_2022_10_819","CLJ 2022 10 819.pdf"
,"CLJ_2022_10_829","CLJ 2022 10 829.pdf"
,"CLJ_2022_10_850","CLJ 2022 10 850.pdf"
,"CLJ_2022_10_87","CLJ 2022 10 87.pdf"
,"CLJ_2022_10_875","CLJ 2022 10 875.pdf"
,"CLJ_2022_10_906","CLJ 2022 10 906.pdf"
,"CLJ_2022_10_924","CLJ 2022 10 924.pdf"
,"CLJ_2022_10_951","CLJ 2022 10 951.pdf"
,"CLJ_2022_10_981","CLJ 2022 10 981.pdf"
clj_2022_2,"CLJ_2022_2_1","CLJ 2022 2 1.pdf","Current Law Journal, 2022, Volume 2",[2022],texts,opensource
,"CLJ_2022_2_106","CLJ 2022 2 106.pdf"
,"CLJ_2022_2_140","CLJ 2022 2 140.pdf"
,"CLJ_2022_2_159","CLJ 2022 2 159.pdf"
,"CLJ_2022_2_173","CLJ 2022 2 173.pdf"
,"CLJ_2022_2_202","CLJ 2022 2 202.pdf"
,"CLJ_2022_2_226","CLJ 2022 2 226.pdf"
,"CLJ_2022_2_247","CLJ 2022 2 247.pdf"
,"CLJ_2022_2_259","CLJ 2022 2 259.pdf"
,"CLJ_2022_2_276","CLJ 2022 2 276.pdf"
,"CLJ_2022_2_302","CLJ 2022 2 302.pdf"
,"CLJ_2022_2_33","CLJ 2022 2 33.pdf"
,"CLJ_2022_2_333","CLJ 2022 2 333.pdf"
,"CLJ_2022_2_364","CLJ 2022 2 364.pdf"
,"CLJ_2022_2_396","CLJ 2022 2 396.pdf"
,"CLJ_2022_2_412","CLJ 2022 2 412.pdf"
,"CLJ_2022_2_433","CLJ 2022 2 433.pdf"
,"CLJ_2022_2_460","CLJ 2022 2 460.pdf"
,"CLJ_2022_2_473","CLJ 2022 2 473.pdf"
,"CLJ_2022_2_497","CLJ 2022 2 497.pdf"
,"CLJ_2022_2_535","CLJ 2022 2 535.pdf"
,"CLJ_2022_2_546","CLJ 2022 2 546.pdf"
,"CLJ_2022_2_565","CLJ 2022 2 565.pdf"
,"CLJ_2022_2_585","CLJ 2022 2 585.pdf"
,"CLJ_2022_2_598","CLJ 2022 2 598.pdf"
,"CLJ_2022_2_611","CLJ 2022 2 611.pdf"
,"CLJ_2022_2_641","CLJ 2022 2 641.pdf"
,"CLJ_2022_2_661","CLJ 2022 2 661.pdf"
,"CLJ_2022_2_719","CLJ 2022 2 719.pdf"
,"CLJ_2022_2_726","CLJ 2022 2 726.pdf"
,"CLJ_2022_2_745","CLJ 2022 2 745.pdf"
,"CLJ_2022_2_757","CLJ 2022 2 757.pdf"
,"CLJ_2022_2_793","CLJ 2022 2 793.pdf"
,"CLJ_2022_2_81","CLJ 2022 2 81.pdf"
,"CLJ_2022_2_814","CLJ 2022 2 814.pdf"
,"CLJ_2022_2_829","CLJ 2022 2 829.pdf"
,"CLJ_2022_2_858","CLJ 2022 2 858.pdf"
,"CLJ_2022_2_914","CLJ 2022 2 914.pdf"
,"CLJ_2022_2_941","CLJ 2022 2 941.pdf"
,"CLJ_2022_2_951","CLJ 2022 2 951.pdf"
,"CLJ_2022_2_967","CLJ 2022 2 967.pdf"
clj_2022_3,"CLJ_2022_3_1","CLJ 2022 3 1.pdf","Current Law Journal, 2022, Volume 3",[2022],texts,opensource
,"CLJ_2022_3_106","CLJ 2022 3 106.pdf"
,"CLJ_2022_3_126","CLJ 2022 3 126.pdf"
,"CLJ_2022_3_169","CLJ 2022 3 169.pdf"
,"CLJ_2022_3_177","CLJ 2022 3 177.pdf"
,"CLJ_2022_3_230","CLJ 2022 3 230.pdf"
,"CLJ_2022_3_252","CLJ 2022 3 252.pdf"
,"CLJ_2022_3_274","CLJ 2022 3 274.pdf"
,"CLJ_2022_3_320","CLJ 2022 3 320.pdf"
,"CLJ_2022_3_339","CLJ 2022 3 339.pdf"
,"CLJ_2022_3_373","CLJ 2022 3 373.pdf"
,"CLJ_2022_3_397","CLJ 2022 3 397.pdf"
,"CLJ_2022_3_417","CLJ 2022 3 417.pdf"
,"CLJ_2022_3_447","CLJ 2022 3 447.pdf"
,"CLJ_2022_3_491","CLJ 2022 3 491.pdf"
,"CLJ_2022_3_503","CLJ 2022 3 503.pdf"
,"CLJ_2022_3_521","CLJ 2022 3 521.pdf"
,"CLJ_2022_3_543","CLJ 2022 3 543.pdf"
,"CLJ_2022_3_581","CLJ 2022 3 581.pdf"
,"CLJ_2022_3_606","CLJ 2022 3 606.pdf"
,"CLJ_2022_3_61","CLJ 2022 3 61.pdf"
,"CLJ_2022_3_624","CLJ 2022 3 624.pdf"
,"CLJ_2022_3_634","CLJ 2022 3 634.pdf"
,"CLJ_2022_3_644","CLJ 2022 3 644.pdf"
,"CLJ_2022_3_661","CLJ 2022 3 661.pdf"
,"CLJ_2022_3_685","CLJ 2022 3 685.pdf"
,"CLJ_2022_3_692","CLJ 2022 3 692.pdf"
,"CLJ_2022_3_712","CLJ 2022 3 712.pdf"
,"CLJ_2022_3_728","CLJ 2022 3 728.pdf"
,"CLJ_2022_3_764","CLJ 2022 3 764.pdf"
,"CLJ_2022_3_797","CLJ 2022 3 797.pdf"
,"CLJ_2022_3_844","CLJ 2022 3 844.pdf"
,"CLJ_2022_3_859","CLJ 2022 3 859.pdf"
,"CLJ_2022_3_874","CLJ 2022 3 874.pdf"
,"CLJ_2022_3_903","CLJ 2022 3 903.pdf"
,"CLJ_2022_3_924","CLJ 2022 3 924.pdf"
,"CLJ_2022_3_936","CLJ 2022 3 936.pdf"
clj_2022_4,"CLJ_2022_4_1","CLJ 2022 4 1.pdf","Current Law Journal, 2022, Volume 4",[2022],texts,opensource
,"CLJ_2022_4_112","CLJ 2022 4 112.pdf"
,"CLJ_2022_4_125","CLJ 2022 4 125.pdf"
,"CLJ_2022_4_148","CLJ 2022 4 148.pdf"
,"CLJ_2022_4_165","CLJ 2022 4 165.pdf"
,"CLJ_2022_4_195","CLJ 2022 4 195.pdf"
,"CLJ_2022_4_21","CLJ 2022 4 21.pdf"
,"CLJ_2022_4_231","CLJ 2022 4 231.pdf"
,"CLJ_2022_4_248","CLJ 2022 4 248.pdf"
,"CLJ_2022_4_268","CLJ 2022 4 268.pdf"
,"CLJ_2022_4_297","CLJ 2022 4 297.pdf"
,"CLJ_2022_4_329","CLJ 2022 4 329.pdf"
,"CLJ_2022_4_357","CLJ 2022 4 357.pdf"
,"CLJ_2022_4_381","CLJ 2022 4 381.pdf"
,"CLJ_2022_4_399","CLJ 2022 4 399.pdf"
,"CLJ_2022_4_42","CLJ 2022 4 42.pdf"
,"CLJ_2022_4_454","CLJ 2022 4 454.pdf"
,"CLJ_2022_4_467","CLJ 2022 4 467.pdf"
,"CLJ_2022_4_485","CLJ 2022 4 485.pdf"
,"CLJ_2022_4_499","CLJ 2022 4 499.pdf"
,"CLJ_2022_4_523","CLJ 2022 4 523.pdf"
,"CLJ_2022_4_563","CLJ 2022 4 563.pdf"
,"CLJ_2022_4_59","CLJ 2022 4 59.pdf"
,"CLJ_2022_4_594","CLJ 2022 4 594.pdf"
,"CLJ_2022_4_657","CLJ 2022 4 657.pdf"
,"CLJ_2022_4_697","CLJ 2022 4 697.pdf"
,"CLJ_2022_4_708","CLJ 2022 4 708.pdf"
,"CLJ_2022_4_716","CLJ 2022 4 716.pdf"
,"CLJ_2022_4_744","CLJ 2022 4 744.pdf"
,"CLJ_2022_4_789","CLJ 2022 4 789.pdf"
,"CLJ_2022_4_82","CLJ 2022 4 82.pdf"
,"CLJ_2022_4_833","CLJ 2022 4 833.pdf"
,"CLJ_2022_4_854","CLJ 2022 4 854.pdf"
,"CLJ_2022_4_882","CLJ 2022 4 882.pdf"
,"CLJ_2022_4_900","CLJ 2022 4 900.pdf"
,"CLJ_2022_4_933","CLJ 2022 4 933.pdf"
,"CLJ_2022_4_961","CLJ 2022 4 961.pdf"
,"CLJ_2022_4_978","CLJ 2022 4 978.pdf"
clj_2022_5,"CLJ_2022_5_1","CLJ 2022 5 1.pdf","Current Law Journal, 2022, Volume 5",[2022],texts,opensource
,"CLJ_2022_5_100","CLJ 2022 5 100.pdf"
,"CLJ_2022_5_113","CLJ 2022 5 113.pdf"
,"CLJ_2022_5_162","CLJ 2022 5 162.pdf"
,"CLJ_2022_5_173","CLJ 2022 5 173.pdf"
,"CLJ_2022_5_194","CLJ 2022 5 194.pdf"
,"CLJ_2022_5_218","CLJ 2022 5 218.pdf"
,"CLJ_2022_5_251","CLJ 2022 5 251.pdf"
,"CLJ_2022_5_264","CLJ 2022 5 264.pdf"
,"CLJ_2022_5_289","CLJ 2022 5 289.pdf"
,"CLJ_2022_5_308","CLJ 2022 5 308.pdf"
,"CLJ_2022_5_321","CLJ 2022 5 321.pdf"
,"CLJ_2022_5_335","CLJ 2022 5 335.pdf"
,"CLJ_2022_5_360","CLJ 2022 5 360.pdf"
,"CLJ_2022_5_375","CLJ 2022 5 375.pdf"
,"CLJ_2022_5_403","CLJ 2022 5 403.pdf"
,"CLJ_2022_5_414","CLJ 2022 5 414.pdf"
,"CLJ_2022_5_428","CLJ 2022 5 428.pdf"
,"CLJ_2022_5_446","CLJ 2022 5 446.pdf"
,"CLJ_2022_5_473","CLJ 2022 5 473.pdf"
,"CLJ_2022_5_487","CLJ 2022 5 487.pdf"
,"CLJ_2022_5_518","CLJ 2022 5 518.pdf"
,"CLJ_2022_5_543","CLJ 2022 5 543.pdf"
,"CLJ_2022_5_563","CLJ 2022 5 563.pdf"
,"CLJ_2022_5_582","CLJ 2022 5 582.pdf"
,"CLJ_2022_5_604","CLJ 2022 5 604.pdf"
,"CLJ_2022_5_634","CLJ 2022 5 634.pdf"
,"CLJ_2022_5_659","CLJ 2022 5 659.pdf"
,"CLJ_2022_5_696","CLJ 2022 5 696.pdf"
,"CLJ_2022_5_716","CLJ 2022 5 716.pdf"
,"CLJ_2022_5_727","CLJ 2022 5 727.pdf"
,"CLJ_2022_5_74","CLJ 2022 5 74.pdf"
,"CLJ_2022_5_740","CLJ 2022 5 740.pdf"
,"CLJ_2022_5_768","CLJ 2022 5 768.pdf"
,"CLJ_2022_5_786","CLJ 2022 5 786.pdf"
,"CLJ_2022_5_803","CLJ 2022 5 803.pdf"
,"CLJ_2022_5_829","CLJ 2022 5 829.pdf"
,"CLJ_2022_5_847","CLJ 2022 5 847.pdf"
,"CLJ_2022_5_885","CLJ 2022 5 885.pdf"
,"CLJ_2022_5_900","CLJ 2022 5 900.pdf"
,"CLJ_2022_5_929","CLJ 2022 5 929.pdf"
,"CLJ_2022_5_938","CLJ 2022 5 938.pdf"
,"CLJ_2022_5_949","CLJ 2022 5 949.pdf"
,"CLJ_2022_5_983","CLJ 2022 5 983.pdf"
clj_2022_6,"CLJ_2022_6_1","CLJ 2022 6 1.pdf","Current Law Journal, 2022, Volume 6",[2022],texts,opensource
,"CLJ_2022_6_120","CLJ 2022 6 120.pdf"
,"CLJ_2022_6_139","CLJ 2022 6 139.pdf"
,"CLJ_2022_6_148","CLJ 2022 6 148.pdf"
,"CLJ_2022_6_163","CLJ 2022 6 163.pdf"
,"CLJ_2022_6_177","CLJ 2022 6 177.pdf"
,"CLJ_2022_6_20","CLJ 2022 6 20.pdf"
,"CLJ_2022_6_200","CLJ 2022 6 200.pdf"
,"CLJ_2022_6_219","CLJ 2022 6 219.pdf"
,"CLJ_2022_6_237","CLJ 2022 6 237.pdf"
,"CLJ_2022_6_253","CLJ 2022 6 253.pdf"
,"CLJ_2022_6_27","CLJ 2022 6 27.pdf"
,"CLJ_2022_6_274","CLJ 2022 6 274.pdf"
,"CLJ_2022_6_294","CLJ 2022 6 294.pdf"
,"CLJ_2022_6_308","CLJ 2022 6 308.pdf"
,"CLJ_2022_6_329","CLJ 2022 6 329.pdf"
,"CLJ_2022_6_346","CLJ 2022 6 346.pdf"
,"CLJ_2022_6_371","CLJ 2022 6 371.pdf"
,"CLJ_2022_6_378","CLJ 2022 6 378.pdf"
,"CLJ_2022_6_385","CLJ 2022 6 385.pdf"
,"CLJ_2022_6_406","CLJ 2022 6 406.pdf"
,"CLJ_2022_6_41","CLJ 2022 6 41.pdf"
,"CLJ_2022_6_419","CLJ 2022 6 419.pdf"
,"CLJ_2022_6_431","CLJ 2022 6 431.pdf"
,"CLJ_2022_6_452","CLJ 2022 6 452.pdf"
,"CLJ_2022_6_469","CLJ 2022 6 469.pdf"
,"CLJ_2022_6_493","CLJ 2022 6 493.pdf"
,"CLJ_2022_6_513","CLJ 2022 6 513.pdf"
,"CLJ_2022_6_532","CLJ 2022 6 532.pdf"
,"CLJ_2022_6_549","CLJ 2022 6 549.pdf"
,"CLJ_2022_6_56","CLJ 2022 6 56.pdf"
,"CLJ_2022_6_570","CLJ 2022 6 570.pdf"
,"CLJ_2022_6_580","CLJ 2022 6 580.pdf"
,"CLJ_2022_6_586","CLJ 2022 6 586.pdf"
,"CLJ_2022_6_603","CLJ 2022 6 603.pdf"
,"CLJ_2022_6_617","CLJ 2022 6 617.pdf"
,"CLJ_2022_6_653","CLJ 2022 6 653.pdf"
,"CLJ_2022_6_692","CLJ 2022 6 692.pdf"
,"CLJ_2022_6_706","CLJ 2022 6 706.pdf"
,"CLJ_2022_6_713","CLJ 2022 6 713.pdf"
,"CLJ_2022_6_779","CLJ 2022 6 779.pdf"
,"CLJ_2022_6_786","CLJ 2022 6 786.pdf"
,"CLJ_2022_6_81","CLJ 2022 6 81.pdf"
,"CLJ_2022_6_817","CLJ 2022 6 817.pdf"
,"CLJ_2022_6_836","CLJ 2022 6 836.pdf"
,"CLJ_2022_6_869","CLJ 2022 6 869.pdf"
,"CLJ_2022_6_887","CLJ 2022 6 887.pdf"
,"CLJ_2022_6_947","CLJ 2022 6 947.pdf"
,"CLJ_2022_6_959","CLJ 2022 6 959.pdf"
clj_2022_7,"CLJ_2022_7_1","CLJ 2022 7 1.pdf","Current Law Journal, 2022, Volume 7",[2022],texts,opensource
,"CLJ_2022_7_109","CLJ 2022 7 109.pdf"
,"CLJ_2022_7_139","CLJ 2022 7 139.pdf"
,"CLJ_2022_7_159","CLJ 2022 7 159.pdf"
,"CLJ_2022_7_169","CLJ 2022 7 169.pdf"
,"CLJ_2022_7_192","CLJ 2022 7 192.pdf"
,"CLJ_2022_7_211","CLJ 2022 7 211.pdf"
,"CLJ_2022_7_233","CLJ 2022 7 233.pdf"
,"CLJ_2022_7_253","CLJ 2022 7 253.pdf"
,"CLJ_2022_7_26","CLJ 2022 7 26.pdf"
,"CLJ_2022_7_267","CLJ 2022 7 267.pdf"
,"CLJ_2022_7_285","CLJ 2022 7 285.pdf"
,"CLJ_2022_7_313","CLJ 2022 7 313.pdf"
,"CLJ_2022_7_339","CLJ 2022 7 339.pdf"
,"CLJ_2022_7_358","CLJ 2022 7 358.pdf"
,"CLJ_2022_7_376","CLJ 2022 7 376.pdf"
,"CLJ_2022_7_391","CLJ 2022 7 391.pdf"
,"CLJ_2022_7_402","CLJ 2022 7 402.pdf"
,"CLJ_2022_7_412","CLJ 2022 7 412.pdf"
,"CLJ_2022_7_490","CLJ 2022 7 490.pdf"
,"CLJ_2022_7_505","CLJ 2022 7 505.pdf"
,"CLJ_2022_7_52","CLJ 2022 7 52.pdf"
,"CLJ_2022_7_535","CLJ 2022 7 535.pdf"
,"CLJ_2022_7_565","CLJ 2022 7 565.pdf"
,"CLJ_2022_7_631","CLJ 2022 7 631.pdf"
,"CLJ_2022_7_641","CLJ 2022 7 641.pdf"
,"CLJ_2022_7_649","CLJ 2022 7 649.pdf"
,"CLJ_2022_7_669","CLJ 2022 7 669.pdf"
,"CLJ_2022_7_682","CLJ 2022 7 682.pdf"
,"CLJ_2022_7_697","CLJ 2022 7 697.pdf"
,"CLJ_2022_7_710","CLJ 2022 7 710.pdf"
,"CLJ_2022_7_735","CLJ 2022 7 735.pdf"
,"CLJ_2022_7_74","CLJ 2022 7 74.pdf"
,"CLJ_2022_7_786","CLJ 2022 7 786.pdf"
,"CLJ_2022_7_835","CLJ 2022 7 835.pdf"
,"CLJ_2022_7_852","CLJ 2022 7 852.pdf"
,"CLJ_2022_7_867","CLJ 2022 7 867.pdf"
,"CLJ_2022_7_890","CLJ 2022 7 890.pdf"
,"CLJ_2022_7_905","CLJ 2022 7 905.pdf"
,"CLJ_2022_7_925","CLJ 2022 7 925.pdf"
,"CLJ_2022_7_94","CLJ 2022 7 94.pdf"
,"CLJ_2022_7_940","CLJ 2022 7 940.pdf"
,"CLJ_2022_7_980","CLJ 2022 7 980.pdf"
clj_2022_8,"CLJ_2022_8_1","CLJ 2022 8 1.pdf","Current Law Journal, 2022, Volume 8",[2022],texts,opensource
,"CLJ_2022_8_103","CLJ 2022 8 103.pdf"
,"CLJ_2022_8_141","CLJ 2022 8 141.pdf"
,"CLJ_2022_8_153","CLJ 2022 8 153.pdf"
,"CLJ_2022_8_175","CLJ 2022 8 175.pdf"
,"CLJ_2022_8_271","CLJ 2022 8 271.pdf"
,"CLJ_2022_8_296","CLJ 2022 8 296.pdf"
,"CLJ_2022_8_32","CLJ 2022 8 32.pdf"
,"CLJ_2022_8_324","CLJ 2022 8 324.pdf"
,"CLJ_2022_8_338","CLJ 2022 8 338.pdf"
,"CLJ_2022_8_354","CLJ 2022 8 354.pdf"
,"CLJ_2022_8_363","CLJ 2022 8 363.pdf"
,"CLJ_2022_8_378","CLJ 2022 8 378.pdf"
,"CLJ_2022_8_387","CLJ 2022 8 387.pdf"
,"CLJ_2022_8_393","CLJ 2022 8 393.pdf"
,"CLJ_2022_8_405","CLJ 2022 8 405.pdf"
,"CLJ_2022_8_426","CLJ 2022 8 426.pdf"
,"CLJ_2022_8_446","CLJ 2022 8 446.pdf"
,"CLJ_2022_8_464","CLJ 2022 8 464.pdf"
,"CLJ_2022_8_484","CLJ 2022 8 484.pdf"
,"CLJ_2022_8_508","CLJ 2022 8 508.pdf"
,"CLJ_2022_8_529","CLJ 2022 8 529.pdf"
,"CLJ_2022_8_572","CLJ 2022 8 572.pdf"
,"CLJ_2022_8_591","CLJ 2022 8 591.pdf"
,"CLJ_2022_8_614","CLJ 2022 8 614.pdf"
,"CLJ_2022_8_671","CLJ 2022 8 671.pdf"
,"CLJ_2022_8_697","CLJ 2022 8 697.pdf"
,"CLJ_2022_8_75","CLJ 2022 8 75.pdf"
,"CLJ_2022_8_799","CLJ 2022 8 799.pdf"
,"CLJ_2022_8_817","CLJ 2022 8 817.pdf"
,"CLJ_2022_8_844","CLJ 2022 8 844.pdf"
,"CLJ_2022_8_863","CLJ 2022 8 863.pdf"
,"CLJ_2022_8_880","CLJ 2022 8 880.pdf"
,"CLJ_2022_8_901","CLJ 2022 8 901.pdf"
,"CLJ_2022_8_919","CLJ 2022 8 919.pdf"
,"CLJ_2022_8_933","CLJ 2022 8 933.pdf"
,"CLJ_2022_8_945","CLJ 2022 8 945.pdf"
,"CLJ_2022_8_962","CLJ 2022 8 962.pdf"
,"CLJ_2022_8_982","CLJ 2022 8 982.pdf"
,"CLJ_2022_8_998","CLJ 2022 8 998.pdf"
clj_2022_9,"CLJ_2022_9_1","CLJ 2022 9 1.pdf","Current Law Journal, 2022, Volume 9",[2022],texts,opensource
,"CLJ_2022_9_147","CLJ 2022 9 147.pdf"
,"CLJ_2022_9_15","CLJ 2022 9 15.pdf"
,"CLJ_2022_9_161","CLJ 2022 9 161.pdf"
,"CLJ_2022_9_177","CLJ 2022 9 177.pdf"
,"CLJ_2022_9_213","CLJ 2022 9 213.pdf"
,"CLJ_2022_9_225","CLJ 2022 9 225.pdf"
,"CLJ_2022_9_239","CLJ 2022 9 239.pdf"
,"CLJ_2022_9_260","CLJ 2022 9 260.pdf"
,"CLJ_2022_9_268","CLJ 2022 9 268.pdf"
,"CLJ_2022_9_307","CLJ 2022 9 307.pdf"
,"CLJ_2022_9_336","CLJ 2022 9 336.pdf"
,"CLJ_2022_9_359","CLJ 2022 9 359.pdf"
,"CLJ_2022_9_37","CLJ 2022 9 37.pdf"
,"CLJ_2022_9_387","CLJ 2022 9 387.pdf"
,"CLJ_2022_9_418","CLJ 2022 9 418.pdf"
,"CLJ_2022_9_436","CLJ 2022 9 436.pdf"
,"CLJ_2022_9_445","CLJ 2022 9 445.pdf"
,"CLJ_2022_9_462","CLJ 2022 9 462.pdf"
,"CLJ_2022_9_473","CLJ 2022 9 473.pdf"
,"CLJ_2022_9_488","CLJ 2022 9 488.pdf"
,"CLJ_2022_9_502","CLJ 2022 9 502.pdf"
,"CLJ_2022_9_526","CLJ 2022 9 526.pdf"
,"CLJ_2022_9_553","CLJ 2022 9 553.pdf"
,"CLJ_2022_9_57","CLJ 2022 9 57.pdf"
,"CLJ_2022_9_579","CLJ 2022 9 579.pdf"
,"CLJ_2022_9_624","CLJ 2022 9 624.pdf"
,"CLJ_2022_9_639","CLJ 2022 9 639.pdf"
,"CLJ_2022_9_659","CLJ 2022 9 659.pdf"
,"CLJ_2022_9_681","CLJ 2022 9 681.pdf"
,"CLJ_2022_9_703","CLJ 2022 9 703.pdf"
,"CLJ_2022_9_713","CLJ 2022 9 713.pdf"
,"CLJ_2022_9_74","CLJ 2022 9 74.pdf"
,"CLJ_2022_9_761","CLJ 2022 9 761.pdf"
,"CLJ_2022_9_774","CLJ 2022 9 774.pdf"
,"CLJ_2022_9_794","CLJ 2022 9 794.pdf"
,"CLJ_2022_9_801","CLJ 2022 9 801.pdf"
,"CLJ_2022_9_827","CLJ 2022 9 827.pdf"
,"CLJ_2022_9_83","CLJ 2022 9 83.pdf"
,"CLJ_2022_9_849","CLJ 2022 9 849.pdf"
,"CLJ_2022_9_865","CLJ 2022 9 865.pdf"
,"CLJ_2022_9_898","CLJ 2022 9 898.pdf"
,"CLJ_2022_9_919","CLJ 2022 9 919.pdf"
,"CLJ_2022_9_943","CLJ 2022 9 943.pdf"
,"CLJ_2022_9_956","CLJ 2022 9 956.pdf"
clj_2023_1,"CLJ_2023_1_1","CLJ 2023 1 1.pdf","Current Law Journal, 2023, Volume 1",[2023],texts,opensource
,"CLJ_2023_1_119","CLJ 2023 1 119.pdf"
,"CLJ_2023_1_134","CLJ 2023 1 134.pdf"
,"CLJ_2023_1_149","CLJ 2023 1 149.pdf"
,"CLJ_2023_1_161","CLJ 2023 1 161.pdf"
,"CLJ_2023_1_174","CLJ 2023 1 174.pdf"
,"CLJ_2023_1_183","CLJ 2023 1 183.pdf"
,"CLJ_2023_1_194","CLJ 2023 1 194.pdf"
,"CLJ_2023_1_20","CLJ 2023 1 20.pdf"
,"CLJ_2023_1_218","CLJ 2023 1 218.pdf"
,"CLJ_2023_1_247","CLJ 2023 1 247.pdf"
,"CLJ_2023_1_254","CLJ 2023 1 254.pdf"
,"CLJ_2023_1_284","CLJ 2023 1 284.pdf"
,"CLJ_2023_1_309","CLJ 2023 1 309.pdf"
,"CLJ_2023_1_31","CLJ 2023 1 31.pdf"
,"CLJ_2023_1_323","CLJ 2023 1 323.pdf"
,"CLJ_2023_1_345","CLJ 2023 1 345.pdf"
,"CLJ_2023_1_385","CLJ 2023 1 385.pdf"
,"CLJ_2023_1_401","CLJ 2023 1 401.pdf"
,"CLJ_2023_1_437","CLJ 2023 1 437.pdf"
,"CLJ_2023_1_456","CLJ 2023 1 456.pdf"
,"CLJ_2023_1_471","CLJ 2023 1 471.pdf"
,"CLJ_2023_1_483","CLJ 2023 1 483.pdf"
,"CLJ_2023_1_495","CLJ 2023 1 495.pdf"
,"CLJ_2023_1_536","CLJ 2023 1 536.pdf"
,"CLJ_2023_1_551","CLJ 2023 1 551.pdf"
,"CLJ_2023_1_564","CLJ 2023 1 564.pdf"
,"CLJ_2023_1_57","CLJ 2023 1 57.pdf"
,"CLJ_2023_1_581","CLJ 2023 1 581.pdf"
,"CLJ_2023_1_620","CLJ 2023 1 620.pdf"
,"CLJ_2023_1_633","CLJ 2023 1 633.pdf"
,"CLJ_2023_1_642","CLJ 2023 1 642.pdf"
,"CLJ_2023_1_651","CLJ 2023 1 651.pdf"
,"CLJ_2023_1_66","CLJ 2023 1 66.pdf"
,"CLJ_2023_1_672","CLJ 2023 1 672.pdf"
,"CLJ_2023_1_697","CLJ 2023 1 697.pdf"
,"CLJ_2023_1_739","CLJ 2023 1 739.pdf"
,"CLJ_2023_1_754","CLJ 2023 1 754.pdf"
,"CLJ_2023_1_768","CLJ 2023 1 768.pdf"
,"CLJ_2023_1_776","CLJ 2023 1 776.pdf"
,"CLJ_2023_1_790","CLJ 2023 1 790.pdf"
,"CLJ_2023_1_804","CLJ 2023 1 804.pdf"
,"CLJ_2023_1_813","CLJ 2023 1 813.pdf"
,"CLJ_2023_1_829","CLJ 2023 1 829.pdf"
,"CLJ_2023_1_87","CLJ 2023 1 87.pdf"
,"CLJ_2023_1_870","CLJ 2023 1 870.pdf"
,"CLJ_2023_1_884","CLJ 2023 1 884.pdf"
,"CLJ_2023_1_897","CLJ 2023 1 897.pdf"
,"CLJ_2023_1_917","CLJ 2023 1 917.pdf"
,"CLJ_2023_1_924","CLJ 2023 1 924.pdf"
,"CLJ_2023_1_959","CLJ 2023 1 959.pdf"
,"CLJ_2023_1_97","CLJ 2023 1 97.pdf"
clj_2023_10,"CLJ_2023_10_1","CLJ 2023 10 1.pdf","Current Law Journal, 2023, Volume 10",[2023],texts,opensource
,"CLJ_2023_10_1007","CLJ 2023 10 1007.pdf"
,"CLJ_2023_10_105","CLJ 2023 10 105.pdf"
,"CLJ_2023_10_121","CLJ 2023 10 121.pdf"
,"CLJ_2023_10_128","CLJ 2023 10 128.pdf"
,"CLJ_2023_10_137","CLJ 2023 10 137.pdf"
,"CLJ_2023_10_16","CLJ 2023 10 16.pdf"
,"CLJ_2023_10_165","CLJ 2023 10 165.pdf"
,"CLJ_2023_10_187","CLJ 2023 10 187.pdf"
,"CLJ_2023_10_206","CLJ 2023 10 206.pdf"
,"CLJ_2023_10_237","CLJ 2023 10 237.pdf"
,"CLJ_2023_10_253","CLJ 2023 10 253.pdf"
,"CLJ_2023_10_284","CLJ 2023 10 284.pdf"
,"CLJ_2023_10_305","CLJ 2023 10 305.pdf"
,"CLJ_2023_10_329","CLJ 2023 10 329.pdf"
,"CLJ_2023_10_406","CLJ 2023 10 406.pdf"
,"CLJ_2023_10_430","CLJ 2023 10 430.pdf"
,"CLJ_2023_10_44","CLJ 2023 10 44.pdf"
,"CLJ_2023_10_502","CLJ 2023 10 502.pdf"
,"CLJ_2023_10_513","CLJ 2023 10 513.pdf"
,"CLJ_2023_10_531","CLJ 2023 10 531.pdf"
,"CLJ_2023_10_549","CLJ 2023 10 549.pdf"
,"CLJ_2023_10_569","CLJ 2023 10 569.pdf"
,"CLJ_2023_10_592","CLJ 2023 10 592.pdf"
,"CLJ_2023_10_614","CLJ 2023 10 614.pdf"
,"CLJ_2023_10_632","CLJ 2023 10 632.pdf"
,"CLJ_2023_10_644","CLJ 2023 10 644.pdf"
,"CLJ_2023_10_689","CLJ 2023 10 689.pdf"
,"CLJ_2023_10_706","CLJ 2023 10 706.pdf"
,"CLJ_2023_10_720","CLJ 2023 10 720.pdf"
,"CLJ_2023_10_733","CLJ 2023 10 733.pdf"
,"CLJ_2023_10_763","CLJ 2023 10 763.pdf"
,"CLJ_2023_10_77","CLJ 2023 10 77.pdf"
,"CLJ_2023_10_774","CLJ 2023 10 774.pdf"
,"CLJ_2023_10_792","CLJ 2023 10 792.pdf"
,"CLJ_2023_10_839","CLJ 2023 10 839.pdf"
,"CLJ_2023_10_863","CLJ 2023 10 863.pdf"
,"CLJ_2023_10_877","CLJ 2023 10 877.pdf"
,"CLJ_2023_10_898","CLJ 2023 10 898.pdf"
,"CLJ_2023_10_924","CLJ 2023 10 924.pdf"
,"CLJ_2023_10_944","CLJ 2023 10 944.pdf"
,"CLJ_2023_10_955","CLJ 2023 10 955.pdf"
,"CLJ_2023_10_977","CLJ 2023 10 977.pdf"
,"CLJ_2023_10_994","CLJ 2023 10 994.pdf"
clj_2023_2,"CLJ_2023_2_1","CLJ 2023 2 1.pdf","Current Law Journal, 2023, Volume 2",[2023],texts,opensource
,"CLJ_2023_2_1013","CLJ 2023 2 1013.pdf"
,"CLJ_2023_2_120","CLJ 2023 2 120.pdf"
,"CLJ_2023_2_131","CLJ 2023 2 131.pdf"
,"CLJ_2023_2_143","CLJ 2023 2 143.pdf"
,"CLJ_2023_2_169","CLJ 2023 2 169.pdf"
,"CLJ_2023_2_19","CLJ 2023 2 19.pdf"
,"CLJ_2023_2_206","CLJ 2023 2 206.pdf"
,"CLJ_2023_2_236","CLJ 2023 2 236.pdf"
,"CLJ_2023_2_255","CLJ 2023 2 255.pdf"
,"CLJ_2023_2_273","CLJ 2023 2 273.pdf"
,"CLJ_2023_2_294","CLJ 2023 2 294.pdf"
,"CLJ_2023_2_310","CLJ 2023 2 310.pdf"
,"CLJ_2023_2_321","CLJ 2023 2 321.pdf"
,"CLJ_2023_2_333","CLJ 2023 2 333.pdf"
,"CLJ_2023_2_34","CLJ 2023 2 34.pdf"
,"CLJ_2023_2_403","CLJ 2023 2 403.pdf"
,"CLJ_2023_2_442","CLJ 2023 2 442.pdf"
,"CLJ_2023_2_455","CLJ 2023 2 455.pdf"
,"CLJ_2023_2_464","CLJ 2023 2 464.pdf"
,"CLJ_2023_2_486","CLJ 2023 2 486.pdf"
,"CLJ_2023_2_502","CLJ 2023 2 502.pdf"
,"CLJ_2023_2_513","CLJ 2023 2 513.pdf"
,"CLJ_2023_2_558","CLJ 2023 2 558.pdf"
,"CLJ_2023_2_602","CLJ 2023 2 602.pdf"
,"CLJ_2023_2_614","CLJ 2023 2 614.pdf"
,"CLJ_2023_2_625","CLJ 2023 2 625.pdf"
,"CLJ_2023_2_643","CLJ 2023 2 643.pdf"
,"CLJ_2023_2_654","CLJ 2023 2 654.pdf"
,"CLJ_2023_2_689","CLJ 2023 2 689.pdf"
,"CLJ_2023_2_70","CLJ 2023 2 70.pdf"
,"CLJ_2023_2_714","CLJ 2023 2 714.pdf"
,"CLJ_2023_2_731","CLJ 2023 2 731.pdf"
,"CLJ_2023_2_748","CLJ 2023 2 748.pdf"
,"CLJ_2023_2_772","CLJ 2023 2 772.pdf"
,"CLJ_2023_2_803","CLJ 2023 2 803.pdf"
,"CLJ_2023_2_831","CLJ 2023 2 831.pdf"
,"CLJ_2023_2_842","CLJ 2023 2 842.pdf"
,"CLJ_2023_2_859","CLJ 2023 2 859.pdf"
,"CLJ_2023_2_888","CLJ 2023 2 888.pdf"
,"CLJ_2023_2_911","CLJ 2023 2 911.pdf"
,"CLJ_2023_2_942","CLJ 2023 2 942.pdf"
,"CLJ_2023_2_952","CLJ 2023 2 952.pdf"
,"CLJ_2023_2_966","CLJ 2023 2 966.pdf"
,"CLJ_2023_2_980","CLJ 2023 2 980.pdf"
clj_2023_3,"CLJ_2023_3_1","CLJ 2023 3 1.pdf","Current Law Journal, 2023, Volume 3",[2023],texts,opensource
,"CLJ_2023_3_102","CLJ 2023 3 102.pdf"
,"CLJ_2023_3_113","CLJ 2023 3 113.pdf"
,"CLJ_2023_3_135","CLJ 2023 3 135.pdf"
,"CLJ_2023_3_159","CLJ 2023 3 159.pdf"
,"CLJ_2023_3_175","CLJ 2023 3 175.pdf"
,"CLJ_2023_3_191","CLJ 2023 3 191.pdf"
,"CLJ_2023_3_207","CLJ 2023 3 207.pdf"
,"CLJ_2023_3_226","CLJ 2023 3 226.pdf"
,"CLJ_2023_3_23","CLJ 2023 3 23.pdf"
,"CLJ_2023_3_243","CLJ 2023 3 243.pdf"
,"CLJ_2023_3_258","CLJ 2023 3 258.pdf"
,"CLJ_2023_3_278","CLJ 2023 3 278.pdf"
,"CLJ_2023_3_291","CLJ 2023 3 291.pdf"
,"CLJ_2023_3_309","CLJ 2023 3 309.pdf"
,"CLJ_2023_3_328","CLJ 2023 3 328.pdf"
,"CLJ_2023_3_371","CLJ 2023 3 371.pdf"
,"CLJ_2023_3_387","CLJ 2023 3 387.pdf"
,"CLJ_2023_3_403","CLJ 2023 3 403.pdf"
,"CLJ_2023_3_438","CLJ 2023 3 438.pdf"
,"CLJ_2023_3_475","CLJ 2023 3 475.pdf"
,"CLJ_2023_3_485","CLJ 2023 3 485.pdf"
,"CLJ_2023_3_503","CLJ 2023 3 503.pdf"
,"CLJ_2023_3_54","CLJ 2023 3 54.pdf"
,"CLJ_2023_3_558","CLJ 2023 3 558.pdf"
,"CLJ_2023_3_581","CLJ 2023 3 581.pdf"
,"CLJ_2023_3_599","CLJ 2023 3 599.pdf"
,"CLJ_2023_3_629","CLJ 2023 3 629.pdf"
,"CLJ_2023_3_653","CLJ 2023 3 653.pdf"
,"CLJ_2023_3_677","CLJ 2023 3 677.pdf"
,"CLJ_2023_3_68","CLJ 2023 3 68.pdf"
,"CLJ_2023_3_693","CLJ 2023 3 693.pdf"
,"CLJ_2023_3_715","CLJ 2023 3 715.pdf"
,"CLJ_2023_3_745","CLJ 2023 3 745.pdf"
,"CLJ_2023_3_770","CLJ 2023 3 770.pdf"
,"CLJ_2023_3_806","CLJ 2023 3 806.pdf"
,"CLJ_2023_3_82","CLJ 2023 3 82.pdf"
,"CLJ_2023_3_823","CLJ 2023 3 823.pdf"
,"CLJ_2023_3_832","CLJ 2023 3 832.pdf"
,"CLJ_2023_3_848","CLJ 2023 3 848.pdf"
,"CLJ_2023_3_868","CLJ 2023 3 868.pdf"
,"CLJ_2023_3_882","CLJ 2023 3 882.pdf"
,"CLJ_2023_3_891","CLJ 2023 3 891.pdf"
,"CLJ_2023_3_926","CLJ 2023 3 926.pdf"
,"CLJ_2023_3_941","CLJ 2023 3 941.pdf"
,"CLJ_2023_3_977","CLJ 2023 3 977.pdf"
clj_2023_4,"CLJ_2023_4_1","CLJ 2023 4 1.pdf","Current Law Journal, 2023, Volume 4",[2023],texts,opensource
,"CLJ_2023_4_117","CLJ 2023 4 117.pdf"
,"CLJ_2023_4_147","CLJ 2023 4 147.pdf"
,"CLJ_2023_4_167","CLJ 2023 4 167.pdf"
,"CLJ_2023_4_189","CLJ 2023 4 189.pdf"
,"CLJ_2023_4_198","CLJ 2023 4 198.pdf"
,"CLJ_2023_4_225","CLJ 2023 4 225.pdf"
,"CLJ_2023_4_241","CLJ 2023 4 241.pdf"
,"CLJ_2023_4_252","CLJ 2023 4 252.pdf"
,"CLJ_2023_4_343","CLJ 2023 4 343.pdf"
,"CLJ_2023_4_36","CLJ 2023 4 36.pdf"
,"CLJ_2023_4_411","CLJ 2023 4 411.pdf"
,"CLJ_2023_4_449","CLJ 2023 4 449.pdf"
,"CLJ_2023_4_500","CLJ 2023 4 500.pdf"
,"CLJ_2023_4_51","CLJ 2023 4 51.pdf"
,"CLJ_2023_4_512","CLJ 2023 4 512.pdf"
,"CLJ_2023_4_521","CLJ 2023 4 521.pdf"
,"CLJ_2023_4_532","CLJ 2023 4 532.pdf"
,"CLJ_2023_4_553","CLJ 2023 4 553.pdf"
,"CLJ_2023_4_576","CLJ 2023 4 576.pdf"
,"CLJ_2023_4_590","CLJ 2023 4 590.pdf"
,"CLJ_2023_4_599","CLJ 2023 4 599.pdf"
,"CLJ_2023_4_623","CLJ 2023 4 623.pdf"
,"CLJ_2023_4_642","CLJ 2023 4 642.pdf"
,"CLJ_2023_4_675","CLJ 2023 4 675.pdf"
,"CLJ_2023_4_699","CLJ 2023 4 699.pdf"
,"CLJ_2023_4_715","CLJ 2023 4 715.pdf"
,"CLJ_2023_4_734","CLJ 2023 4 734.pdf"
,"CLJ_2023_4_744","CLJ 2023 4 744.pdf"
,"CLJ_2023_4_75","CLJ 2023 4 75.pdf"
,"CLJ_2023_4_764","CLJ 2023 4 764.pdf"
,"CLJ_2023_4_778","CLJ 2023 4 778.pdf"
,"CLJ_2023_4_790","CLJ 2023 4 790.pdf"
,"CLJ_2023_4_807","CLJ 2023 4 807.pdf"
,"CLJ_2023_4_820","CLJ 2023 4 820.pdf"
,"CLJ_2023_4_843","CLJ 2023 4 843.pdf"
,"CLJ_2023_4_85","CLJ 2023 4 85.pdf"
,"CLJ_2023_4_895","CLJ 2023 4 895.pdf"
,"CLJ_2023_4_91","CLJ 2023 4 91.pdf"
,"CLJ_2023_4_927","CLJ 2023 4 927.pdf"
,"CLJ_2023_4_937","CLJ 2023 4 937.pdf"
,"CLJ_2023_4_949","CLJ 2023 4 949.pdf"
,"CLJ_2023_4_964","CLJ 2023 4 964.pdf"
,"CLJ_2023_4_969","CLJ 2023 4 969.pdf"
clj_2023_5,"CLJ_2023_5_1","CLJ 2023 5 1.pdf","Current Law Journal, 2023, Volume 5",[2023],texts,opensource
,"CLJ_2023_5_101","CLJ 2023 5 101.pdf"
,"CLJ_2023_5_133","CLJ 2023 5 133.pdf"
,"CLJ_2023_5_154","CLJ 2023 5 154.pdf"
,"CLJ_2023_5_167","CLJ 2023 5 167.pdf"
,"CLJ_2023_5_20","CLJ 2023 5 20.pdf"
,"CLJ_2023_5_316","CLJ 2023 5 316.pdf"
,"CLJ_2023_5_330","CLJ 2023 5 330.pdf"
,"CLJ_2023_5_345","CLJ 2023 5 345.pdf"
,"CLJ_2023_5_376","CLJ 2023 5 376.pdf"
,"CLJ_2023_5_395","CLJ 2023 5 395.pdf"
,"CLJ_2023_5_416","CLJ 2023 5 416.pdf"
,"CLJ_2023_5_445","CLJ 2023 5 445.pdf"
,"CLJ_2023_5_461","CLJ 2023 5 461.pdf"
,"CLJ_2023_5_47","CLJ 2023 5 47.pdf"
,"CLJ_2023_5_475","CLJ 2023 5 475.pdf"
,"CLJ_2023_5_492","CLJ 2023 5 492.pdf"
,"CLJ_2023_5_511","CLJ 2023 5 511.pdf"
,"CLJ_2023_5_540","CLJ 2023 5 540.pdf"
,"CLJ_2023_5_581","CLJ 2023 5 581.pdf"
,"CLJ_2023_5_601","CLJ 2023 5 601.pdf"
,"CLJ_2023_5_628","CLJ 2023 5 628.pdf"
,"CLJ_2023_5_649","CLJ 2023 5 649.pdf"
,"CLJ_2023_5_66","CLJ 2023 5 66.pdf"
,"CLJ_2023_5_677","CLJ 2023 5 677.pdf"
,"CLJ_2023_5_704","CLJ 2023 5 704.pdf"
,"CLJ_2023_5_719","CLJ 2023 5 719.pdf"
,"CLJ_2023_5_733","CLJ 2023 5 733.pdf"
,"CLJ_2023_5_747","CLJ 2023 5 747.pdf"
,"CLJ_2023_5_762","CLJ 2023 5 762.pdf"
,"CLJ_2023_5_784","CLJ 2023 5 784.pdf"
,"CLJ_2023_5_79","CLJ 2023 5 79.pdf"
,"CLJ_2023_5_793","CLJ 2023 5 793.pdf"
,"CLJ_2023_5_814","CLJ 2023 5 814.pdf"
,"CLJ_2023_5_843","CLJ 2023 5 843.pdf"
,"CLJ_2023_5_859","CLJ 2023 5 859.pdf"
,"CLJ_2023_5_874","CLJ 2023 5 874.pdf"
,"CLJ_2023_5_917","CLJ 2023 5 917.pdf"
,"CLJ_2023_5_971","CLJ 2023 5 971.pdf"
,"CLJ_2023_5_983","CLJ 2023 5 983.pdf"
clj_2023_6,"CLJ_2023_6_1","CLJ 2023 6 1.pdf","Current Law Journal, 2023, Volume 6",[2023],texts,opensource
,"CLJ_2023_6_109","CLJ 2023 6 109.pdf"
,"CLJ_2023_6_126","CLJ 2023 6 126.pdf"
,"CLJ_2023_6_144","CLJ 2023 6 144.pdf"
,"CLJ_2023_6_159","CLJ 2023 6 159.pdf"
,"CLJ_2023_6_180","CLJ 2023 6 180.pdf"
,"CLJ_2023_6_191","CLJ 2023 6 191.pdf"
,"CLJ_2023_6_22","CLJ 2023 6 22.pdf"
,"CLJ_2023_6_232","CLJ 2023 6 232.pdf"
,"CLJ_2023_6_269","CLJ 2023 6 269.pdf"
,"CLJ_2023_6_300","CLJ 2023 6 300.pdf"
,"CLJ_2023_6_319","CLJ 2023 6 319.pdf"
,"CLJ_2023_6_337","CLJ 2023 6 337.pdf"
,"CLJ_2023_6_34","CLJ 2023 6 34.pdf"
,"CLJ_2023_6_350","CLJ 2023 6 350.pdf"
,"CLJ_2023_6_379","CLJ 2023 6 379.pdf"
,"CLJ_2023_6_413","CLJ 2023 6 413.pdf"
,"CLJ_2023_6_438","CLJ 2023 6 438.pdf"
,"CLJ_2023_6_462","CLJ 2023 6 462.pdf"
,"CLJ_2023_6_476","CLJ 2023 6 476.pdf"
,"CLJ_2023_6_488","CLJ 2023 6 488.pdf"
,"CLJ_2023_6_505","CLJ 2023 6 505.pdf"
,"CLJ_2023_6_51","CLJ 2023 6 51.pdf"
,"CLJ_2023_6_524","CLJ 2023 6 524.pdf"
,"CLJ_2023_6_538","CLJ 2023 6 538.pdf"
,"CLJ_2023_6_566","CLJ 2023 6 566.pdf"
,"CLJ_2023_6_583","CLJ 2023 6 583.pdf"
,"CLJ_2023_6_604","CLJ 2023 6 604.pdf"
,"CLJ_2023_6_619","CLJ 2023 6 619.pdf"
,"CLJ_2023_6_642","CLJ 2023 6 642.pdf"
,"CLJ_2023_6_667","CLJ 2023 6 667.pdf"
,"CLJ_2023_6_701","CLJ 2023 6 701.pdf"
,"CLJ_2023_6_723","CLJ 2023 6 723.pdf"
,"CLJ_2023_6_743","CLJ 2023 6 743.pdf"
,"CLJ_2023_6_76","CLJ 2023 6 76.pdf"
,"CLJ_2023_6_770","CLJ 2023 6 770.pdf"
,"CLJ_2023_6_790","CLJ 2023 6 790.pdf"
,"CLJ_2023_6_823","CLJ 2023 6 823.pdf"
,"CLJ_2023_6_841","CLJ 2023 6 841.pdf"
,"CLJ_2023_6_871","CLJ 2023 6 871.pdf"
,"CLJ_2023_6_892","CLJ 2023 6 892.pdf"
,"CLJ_2023_6_906","CLJ 2023 6 906.pdf"
,"CLJ_2023_6_932","CLJ 2023 6 932.pdf"
,"CLJ_2023_6_968","CLJ 2023 6 968.pdf"
,"CLJ_2023_6_976","CLJ 2023 6 976.pdf"
clj_2023_7,"CLJ_2023_7_1","CLJ 2023 7 1.pdf","Current Law Journal, 2023, Volume 7",[2023],texts,opensource
,"CLJ_2023_7_171","CLJ 2023 7 171.pdf"
,"CLJ_2023_7_19","CLJ 2023 7 19.pdf"
,"CLJ_2023_7_200","CLJ 2023 7 200.pdf"
,"CLJ_2023_7_223","CLJ 2023 7 223.pdf"
,"CLJ_2023_7_248","CLJ 2023 7 248.pdf"
,"CLJ_2023_7_270","CLJ 2023 7 270.pdf"
,"CLJ_2023_7_294","CLJ 2023 7 294.pdf"
,"CLJ_2023_7_313","CLJ 2023 7 313.pdf"
,"CLJ_2023_7_328","CLJ 2023 7 328.pdf"
,"CLJ_2023_7_349","CLJ 2023 7 349.pdf"
,"CLJ_2023_7_374","CLJ 2023 7 374.pdf"
,"CLJ_2023_7_389","CLJ 2023 7 389.pdf"
,"CLJ_2023_7_398","CLJ 2023 7 398.pdf"
,"CLJ_2023_7_40","CLJ 2023 7 40.pdf"
,"CLJ_2023_7_418","CLJ 2023 7 418.pdf"
,"CLJ_2023_7_432","CLJ 2023 7 432.pdf"
,"CLJ_2023_7_448","CLJ 2023 7 448.pdf"
,"CLJ_2023_7_458","CLJ 2023 7 458.pdf"
,"CLJ_2023_7_465","CLJ 2023 7 465.pdf"
,"CLJ_2023_7_485","CLJ 2023 7 485.pdf"
,"CLJ_2023_7_521","CLJ 2023 7 521.pdf"
,"CLJ_2023_7_534","CLJ 2023 7 534.pdf"
,"CLJ_2023_7_584","CLJ 2023 7 584.pdf"
,"CLJ_2023_7_615","CLJ 2023 7 615.pdf"
,"CLJ_2023_7_656","CLJ 2023 7 656.pdf"
,"CLJ_2023_7_66","CLJ 2023 7 66.pdf"
,"CLJ_2023_7_677","CLJ 2023 7 677.pdf"
,"CLJ_2023_7_705","CLJ 2023 7 705.pdf"
,"CLJ_2023_7_745","CLJ 2023 7 745.pdf"
,"CLJ_2023_7_763","CLJ 2023 7 763.pdf"
,"CLJ_2023_7_781","CLJ 2023 7 781.pdf"
,"CLJ_2023_7_812","CLJ 2023 7 812.pdf"
,"CLJ_2023_7_825","CLJ 2023 7 825.pdf"
,"CLJ_2023_7_843","CLJ 2023 7 843.pdf"
,"CLJ_2023_7_89","CLJ 2023 7 89.pdf"
,"CLJ_2023_7_916","CLJ 2023 7 916.pdf"
,"CLJ_2023_7_929","CLJ 2023 7 929.pdf"
,"CLJ_2023_7_957","CLJ 2023 7 957.pdf"
clj_2023_8,"CLJ_2023_8_1","CLJ 2023 8 1.pdf","Current Law Journal, 2023, Volume 8",[2023],texts,opensource
,"CLJ_2023_8_105","CLJ 2023 8 105.pdf"
,"CLJ_2023_8_120","CLJ 2023 8 120.pdf"
,"CLJ_2023_8_158","CLJ 2023 8 158.pdf"
,"CLJ_2023_8_173","CLJ 2023 8 173.pdf"
,"CLJ_2023_8_201","CLJ 2023 8 201.pdf"
,"CLJ_2023_8_21","CLJ 2023 8 21.pdf"
,"CLJ_2023_8_217","CLJ 2023 8 217.pdf"
,"CLJ_2023_8_234","CLJ 2023 8 234.pdf"
,"CLJ_2023_8_280","CLJ 2023 8 280.pdf"
,"CLJ_2023_8_294","CLJ 2023 8 294.pdf"
,"CLJ_2023_8_314","CLJ 2023 8 314.pdf"

,"CLJ_2023_8_351","CLJ 2023 8 351.pdf"
,"CLJ_2023_8_36","CLJ 2023 8 36.pdf"
,"CLJ_2023_8_389","CLJ 2023 8 389.pdf"
,"CLJ_2023_8_422","CLJ 2023 8 422.pdf"
,"CLJ_2023_8_442","CLJ 2023 8 442.pdf"
,"CLJ_2023_8_458","CLJ 2023 8 458.pdf"
,"CLJ_2023_8_475","CLJ 2023 8 475.pdf"
,"CLJ_2023_8_498","CLJ 2023 8 498.pdf"
,"CLJ_2023_8_505","CLJ 2023 8 505.pdf"
,"CLJ_2023_8_526","CLJ 2023 8 526.pdf"
,"CLJ_2023_8_543","CLJ 2023 8 543.pdf"
,"CLJ_2023_8_570","CLJ 2023 8 570.pdf"
,"CLJ_2023_8_590","CLJ 2023 8 590.pdf"
,"CLJ_2023_8_603","CLJ 2023 8 603.pdf"
,"CLJ_2023_8_635","CLJ 2023 8 635.pdf"
,"CLJ_2023_8_649","CLJ 2023 8 649.pdf"
,"CLJ_2023_8_671","CLJ 2023 8 671.pdf"
,"CLJ_2023_8_687","CLJ 2023 8 687.pdf"
,"CLJ_2023_8_700","CLJ 2023 8 700.pdf"
,"CLJ_2023_8_729","CLJ 2023 8 729.pdf"
,"CLJ_2023_8_756","CLJ 2023 8 756.pdf"
,"CLJ_2023_8_76","CLJ 2023 8 76.pdf"
,"CLJ_2023_8_778","CLJ 2023 8 778.pdf"
,"CLJ_2023_8_802","CLJ 2023 8 802.pdf"
,"CLJ_2023_8_835","CLJ 2023 8 835.pdf"
,"CLJ_2023_8_858","CLJ 2023 8 858.pdf"
,"CLJ_2023_8_876","CLJ 2023 8 876.pdf"
,"CLJ_2023_8_900","CLJ 2023 8 900.pdf"
,"CLJ_2023_8_916","CLJ 2023 8 916.pdf"
,"CLJ_2023_8_942","CLJ 2023 8 942.pdf"
,"CLJ_2023_8_951","CLJ 2023 8 951.pdf"
,"CLJ_2023_8_966","CLJ 2023 8 966.pdf"
,"CLJ_2023_8_97","CLJ 2023 8 97.pdf"
clj_2023_9,"CLJ_2023_9_1","CLJ 2023 9 1.pdf","Current Law Journal, 2023, Volume 9",[2023],texts,opensource
,"CLJ_2023_9_1006","CLJ 2023 9 1006.pdf"
,"CLJ_2023_9_104","CLJ 2023 9 104.pdf"
,"CLJ_2023_9_130","CLJ 2023 9 130.pdf"
,"CLJ_2023_9_179","CLJ 2023 9 179.pdf"
,"CLJ_2023_9_196","CLJ 2023 9 196.pdf"
,"CLJ_2023_9_214","CLJ 2023 9 214.pdf"
,"CLJ_2023_9_232","CLJ 2023 9 232.pdf"
,"CLJ_2023_9_246","CLJ 2023 9 246.pdf"
,"CLJ_2023_9_26","CLJ 2023 9 26.pdf"
,"CLJ_2023_9_260","CLJ 2023 9 260.pdf"
,"CLJ_2023_9_281","CLJ 2023 9 281.pdf"
,"CLJ_2023_9_304","CLJ 2023 9 304.pdf"
,"CLJ_2023_9_315","CLJ 2023 9 315.pdf"
,"CLJ_2023_9_345","CLJ 2023 9 345.pdf"
,"CLJ_2023_9_414","CLJ 2023 9 414.pdf"
,"CLJ_2023_9_42","CLJ 2023 9 42.pdf"
,"CLJ_2023_9_429","CLJ 2023 9 429.pdf"
,"CLJ_2023_9_446","CLJ 2023 9 446.pdf"
,"CLJ_2023_9_497","CLJ 2023 9 497.pdf"
,"CLJ_2023_9_513","CLJ 2023 9 513.pdf"
,"CLJ_2023_9_536","CLJ 2023 9 536.pdf"
,"CLJ_2023_9_557","CLJ 2023 9 557.pdf"
,"CLJ_2023_9_571","CLJ 2023 9 571.pdf"
,"CLJ_2023_9_609","CLJ 2023 9 609.pdf"
,"CLJ_2023_9_625","CLJ 2023 9 625.pdf"
,"CLJ_2023_9_639","CLJ 2023 9 639.pdf"
,"CLJ_2023_9_65","CLJ 2023 9 65.pdf"
,"CLJ_2023_9_650","CLJ 2023 9 650.pdf"
,"CLJ_2023_9_666","CLJ 2023 9 666.pdf"
,"CLJ_2023_9_677","CLJ 2023 9 677.pdf"
,"CLJ_2023_9_700","CLJ 2023 9 700.pdf"
,"CLJ_2023_9_708","CLJ 2023 9 708.pdf"
,"CLJ_2023_9_740","CLJ 2023 9 740.pdf"
,"CLJ_2023_9_756","CLJ 2023 9 756.pdf"
,"CLJ_2023_9_765","CLJ 2023 9 765.pdf"
,"CLJ_2023_9_776","CLJ 2023 9 776.pdf"
,"CLJ_2023_9_793","CLJ 2023 9 793.pdf"
,"CLJ_2023_9_80","CLJ 2023 9 80.pdf"
,"CLJ_2023_9_819","CLJ 2023 9 819.pdf"
,"CLJ_2023_9_847","CLJ 2023 9 847.pdf"
,"CLJ_2023_9_894","CLJ 2023 9 894.pdf"
,"CLJ_2023_9_898","CLJ 2023 9 898.pdf"
,"CLJ_2023_9_912","CLJ 2023 9 912.pdf"
,"CLJ_2023_9_929","CLJ 2023 9 929.pdf"
,"CLJ_2023_9_961","CLJ 2023 9 961.pdf"
,"CLJ_2023_9_976","CLJ 2023 9 976.pdf"
,"CLJ_2023_9_995","CLJ 2023 9 995.pdf"
clj_2024_1,"CLJ_2024_1_1","CLJ 2024 1 1.pdf","Current Law Journal, 2024, Volume 1",[2024],texts,opensource
,"CLJ_2024_1_110","CLJ 2024 1 110.pdf"
,"CLJ_2024_1_159","CLJ 2024 1 159.pdf"
,"CLJ_2024_1_170","CLJ 2024 1 170.pdf"
,"CLJ_2024_1_187","CLJ 2024 1 187.pdf"
,"CLJ_2024_1_202","CLJ 2024 1 202.pdf"
,"CLJ_2024_1_228","CLJ 2024 1 228.pdf"
,"CLJ_2024_1_24","CLJ 2024 1 24.pdf"
,"CLJ_2024_1_242","CLJ 2024 1 242.pdf"
,"CLJ_2024_1_261","CLJ 2024 1 261.pdf"
,"CLJ_2024_1_275","CLJ 2024 1 275.pdf"
,"CLJ_2024_1_293","CLJ 2024 1 293.pdf"
,"CLJ_2024_1_316","CLJ 2024 1 316.pdf"
,"CLJ_2024_1_338","CLJ 2024 1 338.pdf"
,"CLJ_2024_1_353","CLJ 2024 1 353.pdf"
,"CLJ_2024_1_368","CLJ 2024 1 368.pdf"
,"CLJ_2024_1_382","CLJ 2024 1 382.pdf"
,"CLJ_2024_1_409","CLJ 2024 1 409.pdf"
,"CLJ_2024_1_429","CLJ 2024 1 429.pdf"
,"CLJ_2024_1_446","CLJ 2024 1 446.pdf"
,"CLJ_2024_1_467","CLJ 2024 1 467.pdf"
,"CLJ_2024_1_50","CLJ 2024 1 50.pdf"
,"CLJ_2024_1_517","CLJ 2024 1 517.pdf"
,"CLJ_2024_1_543","CLJ 2024 1 543.pdf"
,"CLJ_2024_1_570","CLJ 2024 1 570.pdf"
,"CLJ_2024_1_587","CLJ 2024 1 587.pdf"
,"CLJ_2024_1_681","CLJ 2024 1 681.pdf"
,"CLJ_2024_1_709","CLJ 2024 1 709.pdf"
,"CLJ_2024_1_746","CLJ 2024 1 746.pdf"
,"CLJ_2024_1_766","CLJ 2024 1 766.pdf"
,"CLJ_2024_1_79","CLJ 2024 1 79.pdf"
,"CLJ_2024_1_795","CLJ 2024 1 795.pdf"
,"CLJ_2024_1_97","CLJ 2024 1 97.pdf"
clj_2024_10,"CLJ_2024_10_1","CLJ 2024 10 1.pdf","Current Law Journal, 2024, Volume 10",[2024],texts,opensource
,"CLJ_2024_10_107","CLJ 2024 10 107.pdf"
,"CLJ_2024_10_136","CLJ 2024 10 136.pdf"
,"CLJ_2024_10_153","CLJ 2024 10 153.pdf"
,"CLJ_2024_10_167","CLJ 2024 10 167.pdf"
,"CLJ_2024_10_206","CLJ 2024 10 206.pdf"
,"CLJ_2024_10_216","CLJ 2024 10 216.pdf"
,"CLJ_2024_10_22","CLJ 2024 10 22.pdf"
,"CLJ_2024_10_245","CLJ 2024 10 245.pdf"
,"CLJ_2024_10_267","CLJ 2024 10 267.pdf"
,"CLJ_2024_10_282","CLJ 2024 10 282.pdf"
,"CLJ_2024_10_297","CLJ 2024 10 297.pdf"
,"CLJ_2024_10_308","CLJ 2024 10 308.pdf"
,"CLJ_2024_10_324","CLJ 2024 10 324.pdf"
,"CLJ_2024_10_335","CLJ 2024 10 335.pdf"
,"CLJ_2024_10_370","CLJ 2024 10 370.pdf"
,"CLJ_2024_10_395","CLJ 2024 10 395.pdf"
,"CLJ_2024_10_408","CLJ 2024 10 408.pdf"
,"CLJ_2024_10_432","CLJ 2024 10 432.pdf"
,"CLJ_2024_10_453","CLJ 2024 10 453.pdf"
,"CLJ_2024_10_472","CLJ 2024 10 472.pdf"
,"CLJ_2024_10_501","CLJ 2024 10 501.pdf"
,"CLJ_2024_10_539","CLJ 2024 10 539.pdf"
,"CLJ_2024_10_569","CLJ 2024 10 569.pdf"
,"CLJ_2024_10_593","CLJ 2024 10 593.pdf"
,"CLJ_2024_10_611","CLJ 2024 10 611.pdf"
,"CLJ_2024_10_625","CLJ 2024 10 625.pdf"
,"CLJ_2024_10_648","CLJ 2024 10 648.pdf"
,"CLJ_2024_10_66","CLJ 2024 10 66.pdf"
,"CLJ_2024_10_665","CLJ 2024 10 665.pdf"
,"CLJ_2024_10_708","CLJ 2024 10 708.pdf"
,"CLJ_2024_10_737","CLJ 2024 10 737.pdf"
,"CLJ_2024_10_757","CLJ 2024 10 757.pdf"
,"CLJ_2024_10_791","CLJ 2024 10 791.pdf"
,"CLJ_2024_10_833","CLJ 2024 10 833.pdf"
,"CLJ_2024_10_853","CLJ 2024 10 853.pdf"
,"CLJ_2024_10_88","CLJ 2024 10 88.pdf"
,"CLJ_2024_10_894","CLJ 2024 10 894.pdf"
,"CLJ_2024_10_924","CLJ 2024 10 924.pdf"
,"CLJ_2024_10_947","CLJ 2024 10 947.pdf"
,"CLJ_2024_10_963","CLJ 2024 10 963.pdf"
,"CLJ_2024_10_978","CLJ 2024 10 978.pdf"
clj_2024_2,"CLJ_2024_2_1","CLJ 2024 2 1.pdf","Current Law Journal, 2024, Volume 2",[2024],texts,opensource
,"CLJ_2024_2_106","CLJ 2024 2 106.pdf"
,"CLJ_2024_2_167","CLJ 2024 2 167.pdf"
,"CLJ_2024_2_191","CLJ 2024 2 191.pdf"
,"CLJ_2024_2_20","CLJ 2024 2 20.pdf"
,"CLJ_2024_2_203","CLJ 2024 2 203.pdf"
,"CLJ_2024_2_223","CLJ 2024 2 223.pdf"
,"CLJ_2024_2_246","CLJ 2024 2 246.pdf"
,"CLJ_2024_2_261","CLJ 2024 2 261.pdf"
,"CLJ_2024_2_290","CLJ 2024 2 290.pdf"
,"CLJ_2024_2_315","CLJ 2024 2 315.pdf"
,"CLJ_2024_2_341","CLJ 2024 2 341.pdf"
,"CLJ_2024_2_387","CLJ 2024 2 387.pdf"
,"CLJ_2024_2_411","CLJ 2024 2 411.pdf"
,"CLJ_2024_2_43","CLJ 2024 2 43.pdf"
,"CLJ_2024_2_434","CLJ 2024 2 434.pdf"
,"CLJ_2024_2_448","CLJ 2024 2 448.pdf"
,"CLJ_2024_2_464","CLJ 2024 2 464.pdf"
,"CLJ_2024_2_476","CLJ 2024 2 476.pdf"
,"CLJ_2024_2_492","CLJ 2024 2 492.pdf"
,"CLJ_2024_2_519","CLJ 2024 2 519.pdf"
,"CLJ_2024_2_564","CLJ 2024 2 564.pdf"
,"CLJ_2024_2_591","CLJ 2024 2 591.pdf"
,"CLJ_2024_2_605","CLJ 2024 2 605.pdf"
,"CLJ_2024_2_627","CLJ 2024 2 627.pdf"
,"CLJ_2024_2_665","CLJ 2024 2 665.pdf"
,"CLJ_2024_2_728","CLJ 2024 2 728.pdf"
,"CLJ_2024_2_73","CLJ 2024 2 73.pdf"
,"CLJ_2024_2_753","CLJ 2024 2 753.pdf"
,"CLJ_2024_2_775","CLJ 2024 2 775.pdf"
,"CLJ_2024_2_827","CLJ 2024 2 827.pdf"
,"CLJ_2024_2_837","CLJ 2024 2 837.pdf"
,"CLJ_2024_2_860","CLJ 2024 2 860.pdf"
,"CLJ_2024_2_871","CLJ 2024 2 871.pdf"
,"CLJ_2024_2_892","CLJ 2024 2 892.pdf"
clj_2024_3,"CLJ_2024_3_1","CLJ 2024 3 1.pdf","Current Law Journal, 2024, Volume 3",[2024],texts,opensource
,"CLJ_2024_3_107","CLJ 2024 3 107.pdf"
,"CLJ_2024_3_129","CLJ 2024 3 129.pdf"
,"CLJ_2024_3_140","CLJ 2024 3 140.pdf"
,"CLJ_2024_3_159","CLJ 2024 3 159.pdf"
,"CLJ_2024_3_177","CLJ 2024 3 177.pdf"
,"CLJ_2024_3_18","CLJ 2024 3 18.pdf"
,"CLJ_2024_3_203","CLJ 2024 3 203.pdf"
,"CLJ_2024_3_223","CLJ 2024 3 223.pdf"
,"CLJ_2024_3_240","CLJ 2024 3 240.pdf"
,"CLJ_2024_3_276","CLJ 2024 3 276.pdf"
,"CLJ_2024_3_323","CLJ 2024 3 323.pdf"
,"CLJ_2024_3_428","CLJ 2024 3 428.pdf"
,"CLJ_2024_3_457","CLJ 2024 3 457.pdf"
,"CLJ_2024_3_476","CLJ 2024 3 476.pdf"
,"CLJ_2024_3_493","CLJ 2024 3 493.pdf"
,"CLJ_2024_3_517","CLJ 2024 3 517.pdf"
,"CLJ_2024_3_54","CLJ 2024 3 54.pdf"
,"CLJ_2024_3_563","CLJ 2024 3 563.pdf"
,"CLJ_2024_3_586","CLJ 2024 3 586.pdf"
,"CLJ_2024_3_607","CLJ 2024 3 607.pdf"
,"CLJ_2024_3_631","CLJ 2024 3 631.pdf"
,"CLJ_2024_3_647","CLJ 2024 3 647.pdf"
,"CLJ_2024_3_65","CLJ 2024 3 65.pdf"
,"CLJ_2024_3_669","CLJ 2024 3 669.pdf"
,"CLJ_2024_3_679","CLJ 2024 3 679.pdf"
,"CLJ_2024_3_693","CLJ 2024 3 693.pdf"
,"CLJ_2024_3_705","CLJ 2024 3 705.pdf"
,"CLJ_2024_3_731","CLJ 2024 3 731.pdf"
,"CLJ_2024_3_809","CLJ 2024 3 809.pdf"
,"CLJ_2024_3_823","CLJ 2024 3 823.pdf"
,"CLJ_2024_3_84","CLJ 2024 3 84.pdf"
,"CLJ_2024_3_842","CLJ 2024 3 842.pdf"
,"CLJ_2024_3_865","CLJ 2024 3 865.pdf"
,"CLJ_2024_3_876","CLJ 2024 3 876.pdf"
,"CLJ_2024_3_905","CLJ 2024 3 905.pdf"
,"CLJ_2024_3_921","CLJ 2024 3 921.pdf"
,"CLJ_2024_3_931","CLJ 2024 3 931.pdf"
,"CLJ_2024_3_950","CLJ 2024 3 950.pdf"
clj_2024_4,"CLJ_2024_4_1","CLJ 2024 4 1.pdf","Current Law Journal, 2024, Volume 4",[2024],texts,opensource
,"CLJ_2024_4_104","CLJ 2024 4 104.pdf"
,"CLJ_2024_4_127","CLJ 2024 4 127.pdf"
,"CLJ_2024_4_156","CLJ 2024 4 156.pdf"
,"CLJ_2024_4_16","CLJ 2024 4 16.pdf"
,"CLJ_2024_4_173","CLJ 2024 4 173.pdf"
,"CLJ_2024_4_243","CLJ 2024 4 243.pdf"
,"CLJ_2024_4_266","CLJ 2024 4 266.pdf"
,"CLJ_2024_4_279","CLJ 2024 4 279.pdf"
,"CLJ_2024_4_302","CLJ 2024 4 302.pdf"
,"CLJ_2024_4_31","CLJ 2024 4 31.pdf"
,"CLJ_2024_4_310","CLJ 2024 4 310.pdf"
,"CLJ_2024_4_335","CLJ 2024 4 335.pdf"
,"CLJ_2024_4_353","CLJ 2024 4 353.pdf"
,"CLJ_2024_4_378","CLJ 2024 4 378.pdf"
,"CLJ_2024_4_398","CLJ 2024 4 398.pdf"
,"CLJ_2024_4_414","CLJ 2024 4 414.pdf"
,"CLJ_2024_4_44","CLJ 2024 4 44.pdf"
,"CLJ_2024_4_444","CLJ 2024 4 444.pdf"
,"CLJ_2024_4_466","CLJ 2024 4 466.pdf"
,"CLJ_2024_4_486","CLJ 2024 4 486.pdf"
,"CLJ_2024_4_499","CLJ 2024 4 499.pdf"
,"CLJ_2024_4_552","CLJ 2024 4 552.pdf"
,"CLJ_2024_4_576","CLJ 2024 4 576.pdf"
,"CLJ_2024_4_605","CLJ 2024 4 605.pdf"
,"CLJ_2024_4_625","CLJ 2024 4 625.pdf"
,"CLJ_2024_4_644","CLJ 2024 4 644.pdf"
,"CLJ_2024_4_657","CLJ 2024 4 657.pdf"
,"CLJ_2024_4_692","CLJ 2024 4 692.pdf"
,"CLJ_2024_4_708","CLJ 2024 4 708.pdf"
,"CLJ_2024_4_733","CLJ 2024 4 733.pdf"
,"CLJ_2024_4_748","CLJ 2024 4 748.pdf"
,"CLJ_2024_4_77","CLJ 2024 4 77.pdf"
,"CLJ_2024_4_772","CLJ 2024 4 772.pdf"
,"CLJ_2024_4_791","CLJ 2024 4 791.pdf"
,"CLJ_2024_4_813","CLJ 2024 4 813.pdf"
,"CLJ_2024_4_823","CLJ 2024 4 823.pdf"
,"CLJ_2024_4_852","CLJ 2024 4 852.pdf"
,"CLJ_2024_4_868","CLJ 2024 4 868.pdf"
,"CLJ_2024_4_903","CLJ 2024 4 903.pdf"
,"CLJ_2024_4_919","CLJ 2024 4 919.pdf"
,"CLJ_2024_4_972","CLJ 2024 4 972.pdf"
clj_2024_5,"CLJ_2024_5_1","CLJ 2024 5 1.pdf","Current Law Journal, 2024, Volume 5",[2024],texts,opensource
,"CLJ_2024_5_1015","CLJ 2024 5 1015.pdf"
,"CLJ_2024_5_117","CLJ 2024 5 117.pdf"
,"CLJ_2024_5_16","CLJ 2024 5 16.pdf"
,"CLJ_2024_5_175","CLJ 2024 5 175.pdf"
,"CLJ_2024_5_193","CLJ 2024 5 193.pdf"
,"CLJ_2024_5_283","CLJ 2024 5 283.pdf"
,"CLJ_2024_5_295","CLJ 2024 5 295.pdf"
,"CLJ_2024_5_307","CLJ 2024 5 307.pdf"
,"CLJ_2024_5_322","CLJ 2024 5 322.pdf"
,"CLJ_2024_5_331","CLJ 2024 5 331.pdf"
,"CLJ_2024_5_351","CLJ 2024 5 351.pdf"
,"CLJ_2024_5_357","CLJ 2024 5 357.pdf"
,"CLJ_2024_5_377","CLJ 2024 5 377.pdf"
,"CLJ_2024_5_40","CLJ 2024 5 40.pdf"
,"CLJ_2024_5_402","CLJ 2024 5 402.pdf"
,"CLJ_2024_5_428","CLJ 2024 5 428.pdf"
,"CLJ_2024_5_452","CLJ 2024 5 452.pdf"
,"CLJ_2024_5_467","CLJ 2024 5 467.pdf"
,"CLJ_2024_5_481","CLJ 2024 5 481.pdf"
,"CLJ_2024_5_494","CLJ 2024 5 494.pdf"
,"CLJ_2024_5_519","CLJ 2024 5 519.pdf"
,"CLJ_2024_5_549","CLJ 2024 5 549.pdf"
,"CLJ_2024_5_565","CLJ 2024 5 565.pdf"
,"CLJ_2024_5_586","CLJ 2024 5 586.pdf"
,"CLJ_2024_5_613","CLJ 2024 5 613.pdf"
,"CLJ_2024_5_647","CLJ 2024 5 647.pdf"
,"CLJ_2024_5_662","CLJ 2024 5 662.pdf"
,"CLJ_2024_5_679","CLJ 2024 5 679.pdf"
,"CLJ_2024_5_687","CLJ 2024 5 687.pdf"
,"CLJ_2024_5_69","CLJ 2024 5 69.pdf"
,"CLJ_2024_5_700","CLJ 2024 5 700.pdf"
,"CLJ_2024_5_734","CLJ 2024 5 734.pdf"
,"CLJ_2024_5_763","CLJ 2024 5 763.pdf"
,"CLJ_2024_5_789","CLJ 2024 5 789.pdf"
,"CLJ_2024_5_809","CLJ 2024 5 809.pdf"
,"CLJ_2024_5_818","CLJ 2024 5 818.pdf"
,"CLJ_2024_5_835","CLJ 2024 5 835.pdf"
,"CLJ_2024_5_855","CLJ 2024 5 855.pdf"
,"CLJ_2024_5_942","CLJ 2024 5 942.pdf"
,"CLJ_2024_5_965","CLJ 2024 5 965.pdf"
,"CLJ_2024_5_98","CLJ 2024 5 98.pdf"
,"CLJ_2024_5_989","CLJ 2024 5 989.pdf"
clj_2024_6,"CLJ_2024_6_1","CLJ 2024 6 1.pdf","Current Law Journal, 2024, Volume 6",[2024],texts,opensource
,"CLJ_2024_6_109","CLJ 2024 6 109.pdf"
,"CLJ_2024_6_124","CLJ 2024 6 124.pdf"
,"CLJ_2024_6_131","CLJ 2024 6 131.pdf"
,"CLJ_2024_6_149","CLJ 2024 6 149.pdf"
,"CLJ_2024_6_171","CLJ 2024 6 171.pdf"
,"CLJ_2024_6_18","CLJ 2024 6 18.pdf"
,"CLJ_2024_6_184","CLJ 2024 6 184.pdf"
,"CLJ_2024_6_194","CLJ 2024 6 194.pdf"
,"CLJ_2024_6_257","CLJ 2024 6 257.pdf"
,"CLJ_2024_6_268","CLJ 2024 6 268.pdf"
,"CLJ_2024_6_305","CLJ 2024 6 305.pdf"
,"CLJ_2024_6_315","CLJ 2024 6 315.pdf"
,"CLJ_2024_6_33","CLJ 2024 6 33.pdf"
,"CLJ_2024_6_335","CLJ 2024 6 335.pdf"
,"CLJ_2024_6_350","CLJ 2024 6 350.pdf"
,"CLJ_2024_6_394","CLJ 2024 6 394.pdf"
,"CLJ_2024_6_413","CLJ 2024 6 413.pdf"
,"CLJ_2024_6_475","CLJ 2024 6 475.pdf"
,"CLJ_2024_6_487","CLJ 2024 6 487.pdf"
,"CLJ_2024_6_510","CLJ 2024 6 510.pdf"
,"CLJ_2024_6_532","CLJ 2024 6 532.pdf"
,"CLJ_2024_6_548","CLJ 2024 6 548.pdf"
,"CLJ_2024_6_56","CLJ 2024 6 56.pdf"
,"CLJ_2024_6_570","CLJ 2024 6 570.pdf"
,"CLJ_2024_6_596","CLJ 2024 6 596.pdf"
,"CLJ_2024_6_611","CLJ 2024 6 611.pdf"
,"CLJ_2024_6_635","CLJ 2024 6 635.pdf"
,"CLJ_2024_6_664","CLJ 2024 6 664.pdf"
,"CLJ_2024_6_68","CLJ 2024 6 68.pdf"
,"CLJ_2024_6_694","CLJ 2024 6 694.pdf"
,"CLJ_2024_6_716","CLJ 2024 6 716.pdf"
,"CLJ_2024_6_748","CLJ 2024 6 748.pdf"
,"CLJ_2024_6_773","CLJ 2024 6 773.pdf"
,"CLJ_2024_6_781","CLJ 2024 6 781.pdf"
,"CLJ_2024_6_800","CLJ 2024 6 800.pdf"
,"CLJ_2024_6_811","CLJ 2024 6 811.pdf"
,"CLJ_2024_6_836","CLJ 2024 6 836.pdf"
,"CLJ_2024_6_856","CLJ 2024 6 856.pdf"
,"CLJ_2024_6_884","CLJ 2024 6 884.pdf"
,"CLJ_2024_6_902","CLJ 2024 6 902.pdf"
,"CLJ_2024_6_920","CLJ 2024 6 920.pdf"
,"CLJ_2024_6_940","CLJ 2024 6 940.pdf"
clj_2024_7,"CLJ_2024_7_1","CLJ 2024 7 1.pdf","Current Law Journal, 2024, Volume 7",[2024],texts,opensource
,"CLJ_2024_7_1011","CLJ 2024 7 1011.pdf"
,"CLJ_2024_7_111","CLJ 2024 7 111.pdf"
,"CLJ_2024_7_123","CLJ 2024 7 123.pdf"
,"CLJ_2024_7_146","CLJ 2024 7 146.pdf"
,"CLJ_2024_7_155","CLJ 2024 7 155.pdf"
,"CLJ_2024_7_181","CLJ 2024 7 181.pdf"
,"CLJ_2024_7_199","CLJ 2024 7 199.pdf"
,"CLJ_2024_7_219","CLJ 2024 7 219.pdf"
,"CLJ_2024_7_229","CLJ 2024 7 229.pdf"
,"CLJ_2024_7_247","CLJ 2024 7 247.pdf"
,"CLJ_2024_7_269","CLJ 2024 7 269.pdf"
,"CLJ_2024_7_282","CLJ 2024 7 282.pdf"
,"CLJ_2024_7_306","CLJ 2024 7 306.pdf"
,"CLJ_2024_7_321","CLJ 2024 7 321.pdf"
,"CLJ_2024_7_335","CLJ 2024 7 335.pdf"
,"CLJ_2024_7_341","CLJ 2024 7 341.pdf"
,"CLJ_2024_7_350","CLJ 2024 7 350.pdf"
,"CLJ_2024_7_373","CLJ 2024 7 373.pdf"
,"CLJ_2024_7_392","CLJ 2024 7 392.pdf"
,"CLJ_2024_7_41","CLJ 2024 7 41.pdf"
,"CLJ_2024_7_410","CLJ 2024 7 410.pdf"
,"CLJ_2024_7_431","CLJ 2024 7 431.pdf"
,"CLJ_2024_7_445","CLJ 2024 7 445.pdf"
,"CLJ_2024_7_486","CLJ 2024 7 486.pdf"
,"CLJ_2024_7_511","CLJ 2024 7 511.pdf"
,"CLJ_2024_7_546","CLJ 2024 7 546.pdf"
,"CLJ_2024_7_572","CLJ 2024 7 572.pdf"
,"CLJ_2024_7_604","CLJ 2024 7 604.pdf"
,"CLJ_2024_7_624","CLJ 2024 7 624.pdf"
,"CLJ_2024_7_645","CLJ 2024 7 645.pdf"
,"CLJ_2024_7_66","CLJ 2024 7 66.pdf"
,"CLJ_2024_7_665","CLJ 2024 7 665.pdf"
,"CLJ_2024_7_678","CLJ 2024 7 678.pdf"
,"CLJ_2024_7_691","CLJ 2024 7 691.pdf"
,"CLJ_2024_7_709","CLJ 2024 7 709.pdf"
,"CLJ_2024_7_734","CLJ 2024 7 734.pdf"
,"CLJ_2024_7_766","CLJ 2024 7 766.pdf"
,"CLJ_2024_7_781","CLJ 2024 7 781.pdf"
,"CLJ_2024_7_807","CLJ 2024 7 807.pdf"
,"CLJ_2024_7_827","CLJ 2024 7 827.pdf"
,"CLJ_2024_7_843","CLJ 2024 7 843.pdf"
,"CLJ_2024_7_865","CLJ 2024 7 865.pdf"
,"CLJ_2024_7_881","CLJ 2024 7 881.pdf"
,"CLJ_2024_7_899","CLJ 2024 7 899.pdf"
,"CLJ_2024_7_90","CLJ 2024 7 90.pdf"
,"CLJ_2024_7_916","CLJ 2024 7 916.pdf"
,"CLJ_2024_7_976","CLJ 2024 7 976.pdf"
clj_2024_8,"CLJ_2024_8_1","CLJ 2024 8 1.pdf","Current Law Journal, 2024, Volume 8",[2024],texts,opensource
,"CLJ_2024_8_109","CLJ 2024 8 109.pdf"
,"CLJ_2024_8_134","CLJ 2024 8 134.pdf"
,"CLJ_2024_8_181","CLJ 2024 8 181.pdf"
,"CLJ_2024_8_190","CLJ 2024 8 190.pdf"
,"CLJ_2024_8_21","CLJ 2024 8 21.pdf"
,"CLJ_2024_8_285","CLJ 2024 8 285.pdf"
,"CLJ_2024_8_301","CLJ 2024 8 301.pdf"
,"CLJ_2024_8_322","CLJ 2024 8 322.pdf"
,"CLJ_2024_8_340","CLJ 2024 8 340.pdf"
,"CLJ_2024_8_35","CLJ 2024 8 35.pdf"
,"CLJ_2024_8_359","CLJ 2024 8 359.pdf"
,"CLJ_2024_8_399","CLJ 2024 8 399.pdf"
,"CLJ_2024_8_421","CLJ 2024 8 421.pdf"
,"CLJ_2024_8_45","CLJ 2024 8 45.pdf"
,"CLJ_2024_8_486","CLJ 2024 8 486.pdf"
,"CLJ_2024_8_501","CLJ 2024 8 501.pdf"
,"CLJ_2024_8_519","CLJ 2024 8 519.pdf"
,"CLJ_2024_8_595","CLJ 2024 8 595.pdf"
,"CLJ_2024_8_616","CLJ 2024 8 616.pdf"
,"CLJ_2024_8_625","CLJ 2024 8 625.pdf"
,"CLJ_2024_8_636","CLJ 2024 8 636.pdf"
,"CLJ_2024_8_677","CLJ 2024 8 677.pdf"
,"CLJ_2024_8_687","CLJ 2024 8 687.pdf"
,"CLJ_2024_8_705","CLJ 2024 8 705.pdf"
,"CLJ_2024_8_71","CLJ 2024 8 71.pdf"
,"CLJ_2024_8_712","CLJ 2024 8 712.pdf"
,"CLJ_2024_8_724","CLJ 2024 8 724.pdf"
,"CLJ_2024_8_745","CLJ 2024 8 745.pdf"
,"CLJ_2024_8_765","CLJ 2024 8 765.pdf"
,"CLJ_2024_8_816","CLJ 2024 8 816.pdf"
,"CLJ_2024_8_831","CLJ 2024 8 831.pdf"
,"CLJ_2024_8_853","CLJ 2024 8 853.pdf"
,"CLJ_2024_8_870","CLJ 2024 8 870.pdf"
,"CLJ_2024_8_901","CLJ 2024 8 901.pdf"
,"CLJ_2024_8_95","CLJ 2024 8 95.pdf"
,"CLJ_2024_8_980","CLJ 2024 8 980.pdf"
,"CLJ_2024_8_997","CLJ 2024 8 997.pdf"
clj_2024_9,"CLJ_2024_9_1","CLJ 2024 9 1.pdf","Current Law Journal, 2024, Volume 9",[2024],texts,opensource
,"CLJ_2024_9_126","CLJ 2024 9 126.pdf"
,"CLJ_2024_9_141","CLJ 2024 9 141.pdf"
,"CLJ_2024_9_151","CLJ 2024 9 151.pdf"
,"CLJ_2024_9_171","CLJ 2024 9 171.pdf"
,"CLJ_2024_9_18","CLJ 2024 9 18.pdf"
,"CLJ_2024_9_210","CLJ 2024 9 210.pdf"
,"CLJ_2024_9_224","CLJ 2024 9 224.pdf"
,"CLJ_2024_9_245","CLJ 2024 9 245.pdf"
,"CLJ_2024_9_253","CLJ 2024 9 253.pdf"
,"CLJ_2024_9_265","CLJ 2024 9 265.pdf"
,"CLJ_2024_9_300","CLJ 2024 9 300.pdf"
,"CLJ_2024_9_315","CLJ 2024 9 315.pdf"
,"CLJ_2024_9_325","CLJ 2024 9 325.pdf"
,"CLJ_2024_9_352","CLJ 2024 9 352.pdf"
,"CLJ_2024_9_37","CLJ 2024 9 37.pdf"
,"CLJ_2024_9_382","CLJ 2024 9 382.pdf"
,"CLJ_2024_9_405","CLJ 2024 9 405.pdf"
,"CLJ_2024_9_423","CLJ 2024 9 423.pdf"
,"CLJ_2024_9_443","CLJ 2024 9 443.pdf"
,"CLJ_2024_9_470","CLJ 2024 9 470.pdf"
,"CLJ_2024_9_481","CLJ 2024 9 481.pdf"
,"CLJ_2024_9_495","CLJ 2024 9 495.pdf"
,"CLJ_2024_9_516","CLJ 2024 9 516.pdf"
,"CLJ_2024_9_52","CLJ 2024 9 52.pdf"
,"CLJ_2024_9_546","CLJ 2024 9 546.pdf"
,"CLJ_2024_9_599","CLJ 2024 9 599.pdf"
,"CLJ_2024_9_620","CLJ 2024 9 620.pdf"
,"CLJ_2024_9_665","CLJ 2024 9 665.pdf"
,"CLJ_2024_9_699","CLJ 2024 9 699.pdf"
,"CLJ_2024_9_709","CLJ 2024 9 709.pdf"
,"CLJ_2024_9_721","CLJ 2024 9 721.pdf"
,"CLJ_2024_9_736","CLJ 2024 9 736.pdf"
,"CLJ_2024_9_756","CLJ 2024 9 756.pdf"
,"CLJ_2024_9_784","CLJ 2024 9 784.pdf"
,"CLJ_2024_9_79","CLJ 2024 9 79.pdf"
,"CLJ_2024_9_819","CLJ 2024 9 819.pdf"
,"CLJ_2024_9_839","CLJ 2024 9 839.pdf"
,"CLJ_2024_9_862","CLJ 2024 9 862.pdf"
,"CLJ_2024_9_884","CLJ 2024 9 884.pdf"
,"CLJ_2024_9_924","CLJ 2024 9 924.pdf"
,"CLJ_2024_9_937","CLJ 2024 9 937.pdf"
,"CLJ_2024_9_953","CLJ 2024 9 953.pdf"
,"CLJ_2024_9_971","CLJ 2024 9 971.pdf"
,"CLJ_2024_9_982","CLJ 2024 9 982.pdf"
clj_2025_1,"CLJ_2025_1_1003","CLJ 2025 1 1003.pdf","Current Law Journal, 2025, Volume 1",[2025],texts,opensource
,"CLJ_2025_1_101","CLJ 2025 1 101.pdf"
,"CLJ_2025_1_111","CLJ 2025 1 111.pdf"
,"CLJ_2025_1_134","CLJ 2025 1 134.pdf"
,"CLJ_2025_1_144","CLJ 2025 1 144.pdf"
,"CLJ_2025_1_156","CLJ 2025 1 156.pdf"
,"CLJ_2025_1_17","CLJ 2025 1 17.pdf"
,"CLJ_2025_1_174","CLJ 2025 1 174.pdf"
,"CLJ_2025_1_181","CLJ 2025 1 181.pdf"
,"CLJ_2025_1_187","CLJ 2025 1 187.pdf"
,"CLJ_2025_1_201","CLJ 2025 1 201.pdf"
,"CLJ_2025_1_221","CLJ 2025 1 221.pdf"
,"CLJ_2025_1_246","CLJ 2025 1 246.pdf"
,"CLJ_2025_1_256","CLJ 2025 1 256.pdf"
,"CLJ_2025_1_268","CLJ 2025 1 268.pdf"
,"CLJ_2025_1_284","CLJ 2025 1 284.pdf"
,"CLJ_2025_1_295","CLJ 2025 1 295.pdf"
,"CLJ_2025_1_311","CLJ 2025 1 311.pdf"
,"CLJ_2025_1_327","CLJ 2025 1 327.pdf"
,"CLJ_2025_1_347","CLJ 2025 1 347.pdf"
,"CLJ_2025_1_379","CLJ 2025 1 379.pdf"
,"CLJ_2025_1_39","CLJ 2025 1 39.pdf"
,"CLJ_2025_1_400","CLJ 2025 1 400.pdf"
,"CLJ_2025_1_413","CLJ 2025 1 413.pdf"
,"CLJ_2025_1_438","CLJ 2025 1 438.pdf"
,"CLJ_2025_1_459","CLJ 2025 1 459.pdf"
,"CLJ_2025_1_479","CLJ 2025 1 479.pdf"
,"CLJ_2025_1_491","CLJ 2025 1 491.pdf"
,"CLJ_2025_1_517","CLJ 2025 1 517.pdf"
,"CLJ_2025_1_543","CLJ 2025 1 543.pdf"
,"CLJ_2025_1_55","CLJ 2025 1 55.pdf"
,"CLJ_2025_1_555","CLJ 2025 1 555.pdf"
,"CLJ_2025_1_583","CLJ 2025 1 583.pdf"
,"CLJ_2025_1_647","CLJ 2025 1 647.pdf"
,"CLJ_2025_1_681","CLJ 2025 1 681.pdf"
,"CLJ_2025_1_727","CLJ 2025 1 727.pdf"
,"CLJ_2025_1_746","CLJ 2025 1 746.pdf"
,"CLJ_2025_1_765","CLJ 2025 1 765.pdf"
,"CLJ_2025_1_796","CLJ 2025 1 796.pdf"
,"CLJ_2025_1_819","CLJ 2025 1 819.pdf"
,"CLJ_2025_1_829","CLJ 2025 1 829.pdf"
,"CLJ_2025_1_851","CLJ 2025 1 851.pdf"
,"CLJ_2025_1_874","CLJ 2025 1 874.pdf"
,"CLJ_2025_1_883","CLJ 2025 1 883.pdf"
,"CLJ_2025_1_909","CLJ 2025 1 909.pdf"
,"CLJ_2025_1_93","CLJ 2025 1 93.pdf"
,"CLJ_2025_1_953","CLJ 2025 1 953.pdf"
,"CLJ_2025_1_966","CLJ 2025 1 966.pdf"
,"CLJ_2025_1_980","CLJ 2025 1 980.pdf"
clj_2025_2,"CLJ_2025_2_1","CLJ 2025 2 1.pdf","Current Law Journal, 2025, Volume 2",[2025],texts,opensource
,"CLJ_2025_2_1000","CLJ 2025 2 1000.pdf"
,"CLJ_2025_2_101","CLJ 2025 2 101.pdf"
,"CLJ_2025_2_1018","CLJ 2025 2 1018.pdf"
,"CLJ_2025_2_115","CLJ 2025 2 115.pdf"
,"CLJ_2025_2_153","CLJ 2025 2 153.pdf"
,"CLJ_2025_2_169","CLJ 2025 2 169.pdf"
,"CLJ_2025_2_204","CLJ 2025 2 204.pdf"
,"CLJ_2025_2_21","CLJ 2025 2 21.pdf"
,"CLJ_2025_2_245","CLJ 2025 2 245.pdf"
,"CLJ_2025_2_262","CLJ 2025 2 262.pdf"
,"CLJ_2025_2_283","CLJ 2025 2 283.pdf"
,"CLJ_2025_2_306","CLJ 2025 2 306.pdf"
,"CLJ_2025_2_326","CLJ 2025 2 326.pdf"
,"CLJ_2025_2_341","CLJ 2025 2 341.pdf"
,"CLJ_2025_2_368","CLJ 2025 2 368.pdf"
,"CLJ_2025_2_386","CLJ 2025 2 386.pdf"
,"CLJ_2025_2_406","CLJ 2025 2 406.pdf"
,"CLJ_2025_2_44","CLJ 2025 2 44.pdf"
,"CLJ_2025_2_440","CLJ 2025 2 440.pdf"
,"CLJ_2025_2_466","CLJ 2025 2 466.pdf"
,"CLJ_2025_2_478","CLJ 2025 2 478.pdf"
,"CLJ_2025_2_515","CLJ 2025 2 515.pdf"
,"CLJ_2025_2_550","CLJ 2025 2 550.pdf"
,"CLJ_2025_2_57","CLJ 2025 2 57.pdf"
,"CLJ_2025_2_571","CLJ 2025 2 571.pdf"
,"CLJ_2025_2_590","CLJ 2025 2 590.pdf"
,"CLJ_2025_2_602","CLJ 2025 2 602.pdf"
,"CLJ_2025_2_625","CLJ 2025 2 625.pdf"
,"CLJ_2025_2_659","CLJ 2025 2 659.pdf"
,"CLJ_2025_2_683","CLJ 2025 2 683.pdf"
,"CLJ_2025_2_733","CLJ 2025 2 733.pdf"
,"CLJ_2025_2_750","CLJ 2025 2 750.pdf"
,"CLJ_2025_2_765","CLJ 2025 2 765.pdf"
,"CLJ_2025_2_788","CLJ 2025 2 788.pdf"
,"CLJ_2025_2_799","CLJ 2025 2 799.pdf"
,"CLJ_2025_2_80","CLJ 2025 2 80.pdf"
,"CLJ_2025_2_824","CLJ 2025 2 824.pdf"
,"CLJ_2025_2_842","CLJ 2025 2 842.pdf"
,"CLJ_2025_2_871","CLJ 2025 2 871.pdf"
,"CLJ_2025_2_887","CLJ 2025 2 887.pdf"
,"CLJ_2025_2_919","CLJ 2025 2 919.pdf"
,"CLJ_2025_2_942","CLJ 2025 2 942.pdf"
,"CLJ_2025_2_964","CLJ 2025 2 964.pdf"
,"CLJ_2025_2_983","CLJ 2025 2 983.pdf"
clj_2025_3,"CLJ_2025_3_1","CLJ 2025 3 1.pdf","Current Law Journal, 2025, Volume 3",[2025],texts,opensource
,"CLJ_2025_3_115","CLJ 2025 3 115.pdf"
,"CLJ_2025_3_136","CLJ 2025 3 136.pdf"
,"CLJ_2025_3_153","CLJ 2025 3 153.pdf"
,"CLJ_2025_3_174","CLJ 2025 3 174.pdf"
,"CLJ_2025_3_189","CLJ 2025 3 189.pdf"
,"CLJ_2025_3_207","CLJ 2025 3 207.pdf"
,"CLJ_2025_3_220","CLJ 2025 3 220.pdf"
,"CLJ_2025_3_231","CLJ 2025 3 231.pdf"
,"CLJ_2025_3_256","CLJ 2025 3 256.pdf"
,"CLJ_2025_3_273","CLJ 2025 3 273.pdf"
,"CLJ_2025_3_28","CLJ 2025 3 28.pdf"
,"CLJ_2025_3_286","CLJ 2025 3 286.pdf"
,"CLJ_2025_3_295","CLJ 2025 3 295.pdf"
,"CLJ_2025_3_309","CLJ 2025 3 309.pdf"
,"CLJ_2025_3_319","CLJ 2025 3 319.pdf"
,"CLJ_2025_3_343","CLJ 2025 3 343.pdf"
,"CLJ_2025_3_362","CLJ 2025 3 362.pdf"
,"CLJ_2025_3_384","CLJ 2025 3 384.pdf"
,"CLJ_2025_3_403","CLJ 2025 3 403.pdf"
,"CLJ_2025_3_425","CLJ 2025 3 425.pdf"
,"CLJ_2025_3_43","CLJ 2025 3 43.pdf"
,"CLJ_2025_3_442","CLJ 2025 3 442.pdf"
,"CLJ_2025_3_463","CLJ 2025 3 463.pdf"
,"CLJ_2025_3_497","CLJ 2025 3 497.pdf"
,"CLJ_2025_3_533","CLJ 2025 3 533.pdf"
,"CLJ_2025_3_564","CLJ 2025 3 564.pdf"
,"CLJ_2025_3_585","CLJ 2025 3 585.pdf"
,"CLJ_2025_3_59","CLJ 2025 3 59.pdf"
,"CLJ_2025_3_602","CLJ 2025 3 602.pdf"
,"CLJ_2025_3_633","CLJ 2025 3 633.pdf"
,"CLJ_2025_3_686","CLJ 2025 3 686.pdf"
,"CLJ_2025_3_707","CLJ 2025 3 707.pdf"
,"CLJ_2025_3_721","CLJ 2025 3 721.pdf"
,"CLJ_2025_3_746","CLJ 2025 3 746.pdf"
,"CLJ_2025_3_771","CLJ 2025 3 771.pdf"
,"CLJ_2025_3_797","CLJ 2025 3 797.pdf"
,"CLJ_2025_3_807","CLJ 2025 3 807.pdf"
,"CLJ_2025_3_823","CLJ 2025 3 823.pdf"
,"CLJ_2025_3_835","CLJ 2025 3 835.pdf"
,"CLJ_2025_3_848","CLJ 2025 3 848.pdf"
,"CLJ_2025_3_857","CLJ 2025 3 857.pdf"
,"CLJ_2025_3_889","CLJ 2025 3 889.pdf"
,"CLJ_2025_3_89","CLJ 2025 3 89.pdf"
,"CLJ_2025_3_920","CLJ 2025 3 920.pdf"
,"CLJ_2025_3_936","CLJ 2025 3 936.pdf"
,"CLJ_2025_3_951","CLJ 2025 3 951.pdf"
,"CLJ_2025_3_97","CLJ 2025 3 97.pdf"
clj_2025_4,"CLJ_2025_4_1","CLJ 2025 4 1.pdf","Current Law Journal, 2025, Volume 4",[2025],texts,opensource
,"CLJ_2025_4_117","CLJ 2025 4 117.pdf"
,"CLJ_2025_4_132","CLJ 2025 4 132.pdf"
,"CLJ_2025_4_32","CLJ 2025 4 32.pdf"
,"CLJ_2025_4_73","CLJ 2025 4 73.pdf"
